"","logFC","logCPM","PValue","FDR"
"AT3G25780",11.336078691383,9.35089721220899,3.32466921104788e-231,5.81251918167501e-227
"AT1G61120",14.2016019174875,8.13303143942396,1.36196880567235e-215,1.19056503147849e-211
"AT4G30280",11.596676179909,8.18746974832767,5.30572181005702e-208,3.09199781350756e-204
"AT3G48520",17.0636216576182,7.86240216909351,1.65612247705116e-207,7.23849731657136e-204
"AT2G38240",16.9228893937447,7.72169318983223,2.60556526837783e-203,9.1106195174099e-200
"AT1G72520",8.60986840725767,9.98037069556047,1.87359635209746e-191,5.45934750395332e-188
"AT2G24850",8.39563865908876,9.89882023122834,7.87775298978561e-186,1.96752507886317e-182
"AT3G25180",16.3250305555565,7.1239630778405,1.60298949173399e-185,3.50313316049817e-182
"AT5G63450",16.2002959988076,6.99926281061786,8.05910316357463e-182,1.56552556231973e-178
"AT1G17420",8.01145720789149,11.2619546047017,2.22179386418968e-180,3.88436221276282e-177
"AT5G05600",8.50840155998217,8.33788850017468,2.16442422021884e-175,3.44005714928055e-172
"AT2G34930",7.91427890383639,9.41241911058586,1.91725520999945e-171,2.7932810697017e-168
"AT3G25760",7.74003946974997,10.1367965272396,4.72650791190519e-170,6.35642598644911e-167
"AT2G27690",9.04227205517711,7.39450079585872,6.08726288682682e-169,7.60168693217095e-166
"AT1G17380",8.74693176592121,7.55708038915486,1.87460967256052e-168,2.18492006035837e-165
"AT3G44860",7.67201156304624,9.43638325768861,1.54791667351097e-165,1.69138920018701e-162
"AT2G32140",11.0797991926181,6.48310824550423,7.2497749530904e-163,7.45575385322821e-160
"AT4G21850",11.4949272165938,6.34253596973828,1.97524180676053e-160,1.91850847264413e-157
"AT4G15210",9.60288157269032,6.55219967839535,4.18095115057463e-157,3.84713520871033e-154
"AT3G46660",15.2565038533401,6.05585371514243,5.08267227608896e-154,4.44301797014317e-151
"AT5G20230",8.21567729259404,6.98322927578135,4.59046864379568e-152,3.82167444283238e-149
"AT1G61800",9.09676334215252,6.45684083488014,3.46562285385877e-151,2.75406747063695e-148
"AT3G23250",15.1150299656268,5.91446219171929,6.8621255346174e-150,5.21611046616156e-147
"AT5G13220",7.68699402079105,7.28696279018733,5.79170870969584e-148,4.21901847381718e-145
"AT1G43160",15.0285619324772,5.82804865568842,2.26127426630812e-147,1.5813543199146e-144
"AT4G31800",7.090197541399,8.63302598051687,3.44804535367637e-147,2.31854526608939e-144
"AT5G64750",11.0120754521169,5.86013122737293,2.59686401541446e-146,1.68151754005522e-143
"AT3G01830",11.8192478306268,5.75175938612243,3.71706594427023e-145,2.3209094251313e-142
"AT2G30830",14.8742553033087,5.67384785019665,6.71711030157557e-143,4.04949101387744e-140
"AT3G50930",7.31375258740458,7.4217451392048,7.27024406725668e-143,4.23685590092829e-140
"AT4G30290",8.56831633474053,6.24851030518335,2.78205600110006e-142,1.56898984087846e-139
"AT4G29780",7.09273945290341,7.70724622388666,4.70579096038031e-141,2.57097948001028e-138
"AT4G36010",7.58544572870068,6.6765125345482,2.47375936296187e-138,1.31056772553523e-135
"AT4G16590",8.03496425024268,6.32921335029685,3.16268682449896e-138,1.62627216919751e-135
"AT1G76650",7.95007428436181,6.36429227453902,8.01991468971394e-138,4.00606195772197e-135
"AT2G44840",7.28377815255616,6.98370251346426,1.07112434440038e-137,5.20179636476441e-135
"AT1G02400",10.2043646641464,5.60870297940935,2.54112500754224e-137,1.20071590559084e-134
"AT1G80840",6.89439307877956,7.75204919566024,3.26748027189168e-137,1.50329888403901e-134
"AT3G51450",6.64606113446974,8.51048788217319,1.06433345111696e-135,4.77121582714816e-133
"AT1G35140",6.83493328509695,7.63531571478111,5.39923964248456e-135,2.35987266673894e-132
"AT1G09932",8.24658787404057,6.02018581319296,9.80173458773098e-135,4.17960306822685e-132
"AT1G65390",8.71141468190438,5.81264725246506,2.17124524492794e-134,9.03806681358931e-132
"AT1G32910",14.5662668992582,5.36610809512739,5.24954037718563e-134,2.13436545149619e-131
"AT5G19230",7.87063559950588,6.16562188567558,1.91031457621345e-133,7.59046130362268e-131
"AT5G49520",7.97125197945096,5.99196984904298,1.97860142955478e-131,7.68708639842362e-129
"AT2G29460",9.31216958479456,5.43072186459677,2.86466738722726e-129,1.08876043328031e-126
"AT3G19970",6.90653347573448,6.84796848729149,2.95003794759416e-129,1.09735134974018e-126
"AT1G61340",8.00059618968971,5.77521980010298,1.26040511925667e-127,4.59076306249256e-125
"AT5G44050",6.77660338792776,6.85278835359446,8.20249473715506e-127,2.92661664264657e-124
"AT2G33380",6.24782638925024,8.76126356282133,2.61021439981648e-126,9.12687567039832e-124
"AT5G01100",6.70331846934405,6.95184270451827,2.71891502998991e-126,9.32054734692422e-124
"AT1G61890",6.08006686944361,10.3890676917238,8.06089271909093e-126,2.71016514245897e-123
"AT4G25810",7.72924100725122,5.67373932560269,5.17662203865445e-123,1.70760156795841e-120
"AT1G06620",7.67477365532445,5.69697986137482,7.05436713870663e-123,2.28391667937052e-120
"AT4G24380",6.18106813879429,8.03503534738869,4.70318613206432e-122,1.49501460267055e-119
"AT1G19180",6.06856462714688,8.91296015937763,5.64781172019245e-122,1.76322664828794e-119
"AT4G10390",7.44649208202068,5.74381700772679,3.39680525006168e-121,1.04186572257594e-118
"AT1G80120",6.75675590602452,6.31192485923469,3.2528682305405e-120,9.80515435767924e-118
"AT2G18690",7.22020395080136,5.74905792326927,3.10180394023229e-119,9.19132852323409e-117
"AT2G06050",5.84244720182892,10.2142286587473,7.11999509095764e-119,2.07464790292021e-116
"AT1G51760",5.90915686324588,9.09115565228761,4.37327171093416e-118,1.25340834954528e-115
"AT3G43250",13.9895491384474,4.79002837566982,1.24453551508219e-117,3.47358439947111e-115
"AT4G14370",7.49141965253583,5.51471107863721,1.25170632709878e-117,3.47358439947111e-115
"AT3G28220",5.77364455534392,9.78140568044271,8.625765903529e-117,2.35631664517809e-114
"AT2G29440",7.01266281055418,5.74143439155889,2.16877962946287e-116,5.83334988644606e-114
"AT5G38710",8.85372768820531,4.97357032555118,3.20732717877305e-116,8.49601531310442e-114
"AT2G37180",5.97189220687284,7.71302652446878,1.92987332726355e-115,5.03581722097741e-113
"AT5G52400",13.9111950605427,4.71178270094738,2.00728266141489e-115,5.16078276022301e-113
"AT5G52570",9.08294439617617,4.88952147475193,3.07223693061723e-115,7.78433597941755e-113
"AT1G28480",9.07017073064855,4.87678680700801,6.97360750894548e-115,1.74170828684134e-112
"AT1G66090",6.24587935042816,6.6675533714803,8.24054654955787e-115,2.02914753980169e-112
"AT1G61610",8.13810161964352,5.09163160388724,9.48202653035861e-115,2.30242041430916e-112
"AT1G70700",5.69330936388926,9.7058392832704,1.8937647264581e-114,4.53543680995437e-112
"AT2G46400",6.50745992799693,6.09116275024713,2.32672724348533e-113,5.49705032403434e-111
"AT1G17750",6.40460211370463,6.20396238003197,3.20406147572796e-113,7.46888090402025e-111
"AT1G80820",13.8174695952487,4.61819501805899,8.26126233075916e-113,1.90041643853503e-110
"AT5G28237",9.31121019514056,4.71749301348109,6.36868665756089e-112,1.44602271213165e-109
"AT2G30360",6.26610535757945,6.29226690093358,1.51776687271548e-111,3.4019382353442e-109
"AT4G34410",13.7614050482717,4.56221734976513,3.03092355530658e-111,6.70754892625631e-109
"AT2G39420",5.79107120394709,7.73955537809463,4.38318290410487e-111,9.57889833905818e-109
"AT1G52890",7.60513871963271,5.08519919044684,1.5421424788495e-110,3.32855271083034e-108
"AT3G47420",6.40595919446806,5.9918610333107,1.74147663707425e-110,3.71295561536208e-108
"AT4G36950",9.73767998304013,4.58797386782685,5.36820825951918e-110,1.13075162652017e-107
"AT1G09950",9.21554793287938,4.62212010482658,2.96368339030702e-109,6.16834246580211e-107
"AT3G12145",5.77371923195744,7.36522278686319,5.95635768266225e-109,1.21391781217859e-106
"AT5G53290",7.40756882440694,5.0932673918543,5.97133969269341e-109,1.21391781217859e-106
"AT2G36590",6.12476168863732,6.26228724234029,1.53788456559385e-108,3.09044090348014e-106
"AT4G20860",5.98473231567204,6.53429201189955,2.65998239998008e-108,5.28459912486952e-106
"AT1G76640",13.6155734886739,4.41662855909505,3.11862040511882e-107,6.12616185872948e-105
"AT5G64120",6.25885382317228,5.9207190687658,3.94767334685419e-107,7.6685747914502e-105
"AT5G53750",5.74596409537463,7.10032195805587,6.83313900632955e-107,1.3127886730512e-104
"AT1G20510",5.4210932922597,9.46408779394997,1.48214008194098e-106,2.81654946223632e-104
"AT1G76790",5.59700200943472,7.783376870709,2.0201719577861e-106,3.79770605784671e-104
"AT5G47240",5.51209684583328,8.31999460023755,8.03178936311326e-106,1.49382737697137e-103
"AT5G01540",6.86089240501657,5.22381302086059,1.37030916677157e-105,2.52180159607024e-103
"AT1G16370",8.0688942426205,4.66642166119683,4.52899156751609e-105,8.24795412238373e-103
"AT2G40610",-8.05066155824535,4.73369954612126,1.0304650467882e-104,1.85728045494826e-102
"AT1G66760",5.7660034136418,6.67538501187188,1.12274137561551e-104,2.00294770100877e-102
"AT5G65280",5.97328512851298,6.09547432352245,4.49105418531318e-104,7.93102023452832e-102
"AT1G10370",5.85743217339098,6.25589457581277,1.77393954334653e-103,3.10137850363274e-101
"AT3G63380",10.3443913538924,4.27930401306546,1.88425228610446e-103,3.26162205128359e-101
"AT1G44350",5.43266244922969,7.9613903060589,8.61097749684569e-103,1.47593842722895e-100
"AT2G27080",6.04807820148513,5.80737440442523,1.30860813856665e-102,2.22120350354958e-100
"AT2G25460",6.73062652919727,5.09483944136269,6.07359749822852e-102,1.02100677943778e-99
"AT4G27654",8.60104216197368,4.40935986657956,7.3305172533608e-102,1.22056602990959e-99
"AT5G57560",5.25478850302534,9.45866654998029,8.36830259293524e-102,1.38021730407818e-99
"AT3G17690",7.35640365952345,4.72398450835084,2.43561927107639e-101,3.97961978656341e-99
"AT1G32900",6.27409990231681,5.41241517868023,3.56580305015973e-101,5.77230877092061e-99
"AT5G65300",7.34610532429006,4.71376282734387,4.75435339148162e-101,7.62572113241038e-99
"AT5G42380",8.09141609070007,4.47109729970817,7.21399040214411e-101,1.14656540182441e-98
"AT1G74430",5.51414919010593,6.90624330148827,1.60139639485921e-100,2.522271456876e-98
"AT4G24570",5.4263857101317,7.29466102608688,2.26496391107718e-100,3.53556821940734e-98
"AT1G28370",7.03167310595278,4.81255271258941,3.45259078404053e-100,5.34173846702482e-98
"AT3G16860",5.74126231685311,6.12706079726019,4.48045783334793e-100,6.87121441231771e-98
"AT5G55090",7.0846928604907,4.77288619459189,6.02807859719961e-100,9.16425200998616e-98
"AT2G32200",13.3395748520935,4.14116392404923,1.05682117537495e-99,1.59279350078278e-97
"AT5G52050",5.54934455335417,6.59547713782969,1.98236791309146e-99,2.96219984825454e-97
"AT4G18010",5.28005515961038,8.14693580734263,2.47694326498652e-99,3.66986433065757e-97
"AT2G32210",7.05645337638953,4.74622518778943,3.36452189677238e-99,4.94301985893038e-97
"AT5G42650",5.13988166482239,11.636045967311,8.06249427938908e-99,1.17463822905466e-96
"AT4G24110",8.80679768720286,4.21484916359734,4.72336332834103e-98,6.82467446854431e-96
"AT3G08720",5.32162320455438,7.3402688829888,6.55414132694648e-98,9.39229941139388e-96
"AT2G34600",9.27262276533097,4.12437483138701,2.82102600520799e-97,4.00975590642693e-95
"AT3G48360",-5.32358890376669,7.1575425078617,4.28130585895538e-97,6.03629599452556e-95
"AT1G20450",5.07738310214321,10.0641798819147,6.86807066433026e-97,9.60595835395888e-95
"AT5G27520",5.25901398159617,7.17268868749751,9.34248871545369e-96,1.29630738263712e-93
"AT5G40540",5.65642732709975,5.81945375743246,1.80202865523103e-95,2.48069818735465e-93
"AT5G56980",5.1468275378369,7.83600265867047,3.87511290866704e-95,5.2928592954864e-93
"AT4G21390",6.2537357222994,4.99082433086516,5.01153671034221e-95,6.79199196177619e-93
"AT5G52310",5.01480351883428,8.95781329746262,7.42749707232509e-95,9.98884087041997e-93
"AT5G19110",9.18040455276877,4.03250669574206,8.35535447214227e-95,1.11508902470583e-92
"AT5G64870",6.50546618585501,4.81121525065867,1.06867758611965e-94,1.4154310786462e-92
"AT5G66650",5.94572492193431,5.28531225615374,1.64915804726118e-94,2.16783685265167e-92
"AT5G41750",5.18274621145789,7.29600986623438,2.52528612122877e-94,3.29474457145094e-92
"AT4G13410",5.32082806728335,6.54089356645604,4.01757664618087e-94,5.20291055593928e-92
"AT3G55970",8.04579673552328,4.16920374795505,6.53731297003923e-94,8.40381195994088e-92
"AT2G32150",5.13523720956029,7.43696167894127,1.2789781079441e-93,1.63214410665597e-91
"AT2G32190",7.50246115815712,4.2925526657273,1.3573742063512e-93,1.71963574272739e-91
"AT3G46090",7.06379794081114,4.43378414622039,2.53047376432183e-93,3.18275344040565e-91
"AT2G42760",5.50346420258955,5.8334964051995,6.46097635128753e-93,8.0683749678257e-91
"AT5G64310",5.09919355043949,7.37897867959811,1.40747735949201e-92,1.74517210468077e-90
"AT2G14290",9.88679319020254,3.82311694619683,3.54495245204321e-91,4.36453547317404e-89
"AT4G27410",5.36596250492036,5.88758834398094,1.4645704717863e-90,1.79056542365314e-88
"AT1G73325",6.95010021950856,4.32116043467409,3.12539719266384e-90,3.7945360499543e-88
"AT5G36925",7.37680068432794,4.16785302988877,3.19730411378822e-90,3.85506674630065e-88
"AT1G19020",5.35625825373871,5.8506903211236,4.35979802545818e-90,5.22070882733461e-88
"AT1G66160",5.92475985012101,4.95929311033094,4.8487584579164e-90,5.76672408977907e-88
"AT4G35160",7.51640370712839,4.1173761356636,5.00561038302285e-90,5.91304637340462e-88
"AT5G67210",5.72107874041061,5.18253725076122,1.06044254495677e-89,1.24427630962948e-87
"AT1G52030",6.13327257805398,4.72611332138296,1.3997919787796e-89,1.63150421100025e-87
"AT1G30040",5.09821036289694,6.62141539826194,1.5529171843627e-89,1.79799014133862e-87
"AT1G14870",7.49583744642969,4.09696540121113,1.78013267902187e-89,2.04750392285127e-87
"AT3G28210",7.65533075523445,4.03769481927588,4.34138683751167e-89,4.96081477648474e-87
"AT1G74100",4.80047909597191,9.43675871428272,5.61736687803007e-89,6.37717046289608e-87
"AT1G24070",5.00155253818305,7.00312420722721,8.4502267111876e-89,9.53131055430277e-87
"AT4G39670",8.93404403531209,3.7872007166451,3.00198081974573e-88,3.36433529946248e-86
"AT3G22275",12.908476875715,3.71114056038201,3.2156755677173e-88,3.58086980575806e-86
"AT2G03240",4.8657442282557,7.71179432426071,1.30701105635244e-87,1.44623255051961e-85
"AT2G22880",8.90418910744469,3.75748644966036,1.70904448086473e-87,1.87919651943133e-85
"AT4G24960",4.85678260670655,7.70744530804195,2.45408729383625e-87,2.68155050988369e-85
"AT2G41640",5.46845929995687,5.30570879129589,3.6842088806117e-87,4.00068471178474e-85
"AT2G20142",6.0683809728279,4.6100965453061,4.7044905298163e-87,5.07707456375175e-85
"AT4G32800",4.9074789206573,7.11332069239398,5.43005129877368e-87,5.82414643291167e-85
"AT5G20190",4.72203502798949,9.75905992857686,7.44387633622675e-87,7.93544451135685e-85
"AT4G22590",4.84331005479956,7.55379189107254,1.18296151864122e-86,1.25343734729724e-84
"AT5G53760",4.88924427358293,7.13333611870738,1.40613363770408e-86,1.48092978240846e-84
"AT4G08870",4.7197660927268,8.82077523385712,1.4850890132942e-86,1.55471923469595e-84
"AT1G45145",5.20512464352087,5.7710647061788,2.08342870457875e-86,2.16813000250894e-84
"AT5G24780",5.02077552563026,6.37726129528167,2.13785535666758e-86,2.21160504145676e-84
"AT4G05020",5.00793050151286,6.4104601137296,2.92974142994552e-86,3.01298055410221e-84
"AT3G53260",4.69104206755997,8.57351600935351,1.14857544825767e-85,1.17430085157245e-83
"AT1G72450",4.67313746046761,9.01746570092284,2.52855303132694e-85,2.5701565492261e-83
"AT3G02040",5.24783066285386,5.53685492805737,3.70161224180316e-85,3.74076802447657e-83
"AT1G51780",9.65422747475115,3.59146355095878,4.35648284212202e-85,4.3772637660241e-83
"AT3G52400",4.86983481930661,6.80758300095778,5.50827742442276e-85,5.50292652635332e-83
"AT2G39030",9.63313292489521,3.57045943314715,1.40681414897204e-84,1.39746203218626e-82
"AT4G17470",5.04134410520478,5.97245456801391,1.66225407300451e-84,1.64187502589479e-82
"AT1G33760",9.61695383831313,3.55435062905079,3.77657347531744e-84,3.70931652072892e-82
"AT5G01380",12.7444528417541,3.54762037304186,5.62129349131675e-84,5.49033933568105e-82
"AT5G67300",4.62383947271565,9.03587855436841,5.78388974877515e-84,5.617763582102e-82
"AT4G11911",9.60925852579847,3.5466890294684,6.21052760990323e-84,5.99882067425073e-82
"AT1G10585",7.28694315241733,3.88978337498838,6.25089815462751e-84,6.00464024381059e-82
"AT3G11480",12.7370140836005,3.5402058970235,8.38040404722608e-84,8.00626251134719e-82
"AT4G27560",4.67744878747526,8.27757972378363,9.53338553179778e-84,9.0582706115446e-82
"AT2G46370",4.59564346358634,9.73057611574138,2.42287808474034e-83,2.2896852732711e-81
"AT5G41740",4.67905774080081,7.97997251402878,2.76507478765705e-83,2.59902164046281e-81
"AT2G38250",6.46582108146976,4.16066869864772,3.46812814391711e-83,3.24242162246539e-81
"AT4G08170",4.73514445567575,7.25986926247634,3.89246687631945e-83,3.61978714886665e-81
"AT2G22500",4.58902692200859,9.21058468619953,4.75415878508633e-83,4.39772264760129e-81
"AT5G02490",4.79167071306483,6.75024158836819,7.8088912657408e-83,7.18541294731297e-81
"AT2G39200",6.84554766557958,3.95825067620804,1.85818210097568e-82,1.70086898802921e-80
"AT1G19380",4.87872118041179,6.15284640688512,4.49772566153734e-82,4.09550717399257e-80
"AT2G17840",4.5458614524695,9.03195450124153,8.20947296480666e-82,7.436591494493e-80
"AT1G51800",6.35136363644001,4.13993009522864,9.02170107924294e-82,8.13022680249507e-80
"AT3G55840",5.91884257941394,4.40900815638638,1.39383245509484e-81,1.24966014422683e-79
"AT5G54170",4.53692166368138,9.05328206506429,1.42686319399875e-81,1.27274740921838e-79
"AT4G36900",5.50504510116622,4.75854461437088,2.55107818588523e-81,2.26398476770718e-79
"AT3G05640",4.80009632339114,6.28149500542854,5.00013895315645e-81,4.415021682729e-79
"AT5G64260",4.6446674244342,7.3162989980009,5.32697765218016e-81,4.6799774016616e-79
"AT4G37990",12.5986875800557,3.40235534461915,2.82831585717599e-80,2.47237230655039e-78
"AT5G13200",4.72090867226623,6.47806608399243,3.74110152411674e-80,3.25401382816582e-78
"AT1G30135",9.45772574382949,3.39585906313996,4.36953523324876e-80,3.78181111301426e-78
"AT2G18300",-5.02202494057688,5.48225152255953,5.05053424629264e-80,4.3343288358714e-78
"AT3G50760",4.95391207723702,5.59301253461835,5.05750204494518e-80,4.3343288358714e-78
"AT5G45340",5.16671489530796,5.11670424374689,5.73067515299575e-80,4.88728749755243e-78
"AT1G47510",6.98305594818157,3.77772346358385,7.43452805801986e-80,6.30960456496899e-78
"AT1G51820",9.44909098728994,3.38726668010806,7.54626385136612e-80,6.37349424702579e-78
"AT1G19670",4.46760673901771,9.78081091517618,8.00546325687787e-80,6.72882279423057e-78
"AT1G72210",5.62147794772808,4.50220668999668,9.63541178027204e-80,8.06009110787063e-78
"AT4G30530",4.45907425180364,10.0325947906635,1.25882075296253e-79,1.047998248764e-77
"AT1G27730",4.7066513639813,6.43761863284852,1.35567463476311e-79,1.12328244737268e-77
"AT3G04220",6.44461372408742,3.93563196456232,5.58769860573311e-79,4.60800635490717e-77
"AT5G62520",6.81853647320568,3.78194677800359,7.06244499698559e-79,5.79684159071827e-77
"AT1G15010",6.17968550362852,4.05742080931225,9.56309044081901e-79,7.81268739144106e-77
"AT3G09940",9.38679326837034,3.32528251293063,2.67892956955794e-78,2.17840584486425e-76
"AT1G73480",5.04761641424986,5.17279723884106,2.70741362275222e-78,2.19137557252672e-76
"AT4G34710",4.40585884671141,10.8254150992245,2.9930880757906e-78,2.41143589073949e-76
"AT4G22620",8.54461720189612,3.39986307549418,3.149829491521e-78,2.52607655964503e-76
"AT5G38700",12.5050280676874,3.30904600506619,6.67315695684601e-78,5.32725128203373e-76
"AT1G25055",12.5004171599671,3.30445295316632,8.39445120844139e-78,6.67091774896277e-76
"AT5G10300",5.30333111011252,4.71639921030192,9.72413466264234e-78,7.69262652972743e-76
"AT4G28140",7.68193585716007,3.49573455191995,1.47606446323138e-77,1.16243400948983e-75
"AT5G43420",6.38462328981988,3.87648204250118,2.14605172041961e-77,1.68248530170834e-75
"AT3G50970",5.23378518438317,4.76242678827325,3.61307412159469e-77,2.81997209231428e-75
"AT2G24600",4.38225741367412,8.20893278381022,4.86762378483255e-77,3.78225185023233e-75
"AT1G52400",4.35888258801485,10.2662378977008,6.49270811722011e-77,5.02265557581235e-75
"AT5G63130",6.86610532415537,3.66205109923179,7.78463551067941e-77,5.99554108516336e-75
"AT3G21230",4.63804096264763,6.11848910336559,1.36521954206148e-76,1.04684794973074e-74
"AT4G27140",12.4450830488098,3.24933781192286,2.20716045248436e-76,1.6813187840302e-74
"AT1G32640",4.35492955002485,8.40262718538997,2.21188194432846e-76,1.6813187840302e-74
"AT3G57450",4.46500164063314,7.19611853033905,2.88971275101447e-76,2.18704969809463e-74
"AT4G12720",4.34900993606221,8.4706751104367,3.00950079688402e-76,2.26789234620359e-74
"AT1G23390",-5.13604231911999,4.83216358263352,4.31716949343051e-76,3.2393594100277e-74
"AT4G21570",4.34015670330002,8.58461297402463,4.74794487396305e-76,3.5473641124571e-74
"AT5G11650",4.65280048577155,5.8684309678009,1.29682292232972e-75,9.64781070259168e-74
"AT5G59580",9.27748858782679,3.2165627325007,1.33052336905294e-75,9.8565847716748e-74
"AT4G17230",4.39076200594326,7.82273358263314,1.38830801555969e-75,1.02412611966372e-73
"AT5G41080",5.13932580484491,4.70518864209279,3.71387068467827e-75,2.72813450337101e-73
"AT5G02760",-5.24498757795158,4.55875390970209,1.87686942816083e-74,1.37294176621488e-72
"AT1G52000",4.26604483410411,9.42417249143923,2.88888527885884e-74,2.10443255542872e-72
"AT5G04340",5.01495052240494,4.77450548904218,4.52051352599824e-74,3.27934182468993e-72
"AT2G46520",4.26579123722399,8.25175706125142,6.56100599899177e-74,4.739920160346e-72
"AT2G35930",4.79335916361068,5.14715994739502,2.22408953938656e-73,1.60015462621791e-71
"AT5G22630",4.34002645901133,7.11519830324417,6.00781105369522e-73,4.30469510867843e-71
"AT3G61190",4.96974825320081,4.68360086625865,2.01668458954242e-72,1.43908966036613e-70
"AT3G57260",6.11777357204507,3.71942095893732,2.02923198340163e-72,1.44215702300044e-70
"AT4G01080",4.26430707496035,7.85128740876043,2.1003602529268e-72,1.48666389886313e-70
"AT4G05100",5.56605565018125,4.06338613762069,2.47289733051152e-72,1.74329290440858e-70
"AT3G02840",7.81520042368548,3.22921109086135,2.54721878817598e-72,1.7884749427181e-70
"AT4G22780",4.37737589581924,6.48481234609726,4.12158944221786e-72,2.88230992873179e-70
"AT5G22545",9.13407507050695,3.07398914709273,4.75401040152257e-72,3.31132923704458e-70
"AT2G32240",4.18367663495617,9.13933675336408,5.5206199798408e-72,3.83003964712526e-70
"AT2G30040",5.13714354056024,4.4324758143087,5.81761004383998e-72,4.02012950183614e-70
"AT5G14700",4.41234761774015,6.13142192224683,1.45394225444681e-71,1.00075875726353e-69
"AT1G73010",6.01805773428261,3.71983154868118,1.49816315093072e-71,1.02715240657733e-69
"AT3G50260",6.65512562340285,3.45365674014935,1.64508314437845e-71,1.12347611770189e-69
"AT1G09970",4.1595919676238,9.89503993771526,1.79830126553788e-71,1.22333467024898e-69
"AT1G08050",4.67583807197705,5.13492537401307,3.11595016235044e-71,2.1114789414098e-69
"AT1G51620",5.12132078285553,4.38484739232033,3.39939056451361e-71,2.29465425634716e-69
"AT2G16720",5.2001578343949,4.2882222379394,3.48735788452494e-71,2.34296013204716e-69
"AT4G39030",4.51059979900888,5.64421446501374,3.49775550228398e-71,2.34296013204716e-69
"AT2G02990",12.2237976027496,3.02902085657946,5.93065684650889e-71,3.95746845982881e-69
"AT3G55500",4.43756764101027,5.80909174129369,1.42722791045492e-70,9.48753823516476e-69
"AT5G47330",4.65220086014839,5.06909778916451,2.54634243174653e-70,1.6862766944782e-68
"AT3G22910",5.79433208648889,3.76090037061366,3.72035497016625e-70,2.45445154503458e-68
"AT1G29330",4.35822501303912,6.05054295013702,6.50354534341167e-70,4.2744918510852e-68
"AT4G20830",4.10206303211554,9.18491349582577,8.28469203637751e-70,5.42476669932539e-68
"AT5G07010",12.1674954368617,2.9729908385303,1.37423118122313e-69,8.96480736616566e-68
"AT3G55980",4.10268232603485,7.83113682535221,2.40810404416672e-69,1.56508858751549e-67
"AT3G04010",5.14202122207158,4.19449038555699,3.02226108628274e-69,1.95697002116597e-67
"AT5G26920",4.35820588825432,5.85764901580409,3.86203039018045e-69,2.49150838787914e-67
"AT4G29740",4.25711775946784,6.40699097242373,5.19913065969534e-69,3.34177946042109e-67
"AT2G22760",12.1382371946597,2.94387846571733,6.40284349779741e-69,4.10039973890081e-67
"AT1G74950",4.13459802434368,7.69464104703461,7.21741893777091e-69,4.60518741930835e-67
"AT5G57010",7.67391638552086,3.08916663292933,7.32527133533222e-69,4.65700795474957e-67
"AT1G52410",4.06581200902095,8.19503505095132,1.53321991225945e-68,9.71205932102605e-67
"AT1G21910",4.4696737200304,5.31499489413146,1.61206256035839e-68,1.01746172356483e-66
"AT4G35110",4.34153370651626,5.78523558292637,2.47888435341031e-68,1.55893291908894e-66
"AT3G48450",12.0970160464132,2.90286815118042,6.26948299225803e-68,3.92865129582965e-66
"AT5G59820",4.75451264627575,4.52298352929976,2.77170404224416e-67,1.73063220609123e-65
"AT4G29700",4.12545410216685,6.90583131134201,3.22501995504286e-67,2.00651330512507e-65
"AT1G53903",4.81889004367933,4.41283386965784,7.48502387147316e-67,4.64044937393494e-65
"AT3G06890",5.33837518280853,3.84133304983624,1.49599471341757e-66,9.24186416066409e-65
"AT1G70130",12.0379949048025,2.8441600793387,1.57663244859754e-66,9.70572714747565e-65
"AT1G76070",4.42540804957331,5.16941366672652,1.67280159801337e-66,1.02616106449361e-64
"AT3G53600",12.0300770469108,2.83628525085332,2.46752604203011e-66,1.50838313960883e-64
"AT4G25390",4.38608132668936,5.20157672133602,3.90787955118138e-66,2.38053861300711e-64
"AT1G74360",4.45369697856863,5.00590644818942,5.20752243765064e-66,3.16121926310577e-64
"AT2G27500",4.03196974180974,7.50127784049726,5.29815376805327e-66,3.20510803899223e-64
"AT2G45760",7.21101163521776,3.02932078839612,5.80699886539038e-66,3.50081935046966e-64
"AT4G23200",4.65981341192753,4.54341842679242,7.2396643150278e-66,4.34952066046842e-64
"AT1G18710",4.12744064576555,6.34919357777077,7.90508032538142e-66,4.73303148385765e-64
"AT3G55430",3.96803961183503,7.80570497921718,8.8373370571954e-66,5.27314552119274e-64
"AT3G16470",3.95765175162088,8.40785450059477,9.13461758365238e-66,5.43199044948961e-64
"AT5G17490",4.97885163549062,4.07368231910105,1.64336790086044e-65,9.73932237652307e-64
"AT1G19570",3.93189190725552,10.0611927818477,1.98739815589259e-65,1.17384060673886e-63
"AT3G15450",-4.60896650392233,4.60622710234719,5.05685630323538e-65,2.97673463802909e-63
"AT2G41010",4.63122304352568,4.4943537339383,5.96562130057698e-65,3.49989789254991e-63
"AT1G73080",3.93838456360388,7.66457602993945,6.30292917658943e-65,3.68542176569608e-63
"AT5G12340",11.9527183805533,2.75936028131201,1.52574807972929e-64,8.89155122596909e-63
"AT1G08920",4.1004618089441,6.08793099798086,2.35597793068181e-64,1.36842399209668e-62
"AT5G26030",3.89982887902097,8.53574334431166,2.72902536191997e-64,1.57985266233267e-62
"AT3G10985",3.90734396364847,7.79137425804087,3.47398396136477e-64,2.00447728041387e-62
"AT1G17620",3.96301094912737,7.29360701920015,5.27066912278306e-64,3.03115487742158e-62
"AT1G30320",3.97272686555259,7.00145423396171,9.96166099795547e-64,5.71015472876248e-62
"AT3G50910",3.95942271061386,7.17325215978126,1.04353371850338e-63,5.96212418320085e-62
"AT1G63090",4.05572729376228,6.21974475874327,1.06788418177724e-63,6.08137431596468e-62
"AT1G49500",-4.46833105117159,4.71951768828322,1.1187145669263e-63,6.35015804336772e-62
"AT3G62550",-3.99642688580259,6.61733001239159,2.37969134783183e-63,1.34555196366073e-61
"AT3G52470",3.86934196548459,8.12634919103264,2.38586689203698e-63,1.34555196366073e-61
"AT2G22770",4.5355857042702,4.48729167325677,2.93248398664817e-63,1.64850860252636e-61
"AT2G39650",4.19603700857629,5.35357876516476,5.26542060258082e-63,2.95049193573463e-61
"AT1G57630",5.88595222083188,3.27244279111949,6.0308482772136e-63,3.36860448659825e-61
"AT2G43620",5.25292579819119,3.64414909766205,8.00259953555854e-63,4.45571489427293e-61
"AT5G54300",4.11539315156325,5.58438844370309,1.23344327197949e-62,6.84580594413254e-61
"AT1G05100",6.42940866210514,3.04257275812807,1.82537706662597e-62,1.00990719163993e-60
"AT5G55180",4.31879650578663,4.84991280389001,2.28997356076669e-62,1.26295292627394e-60
"AT5G16190",4.28278260025294,4.93511797988912,3.24466432923805e-62,1.78385114679462e-60
"AT5G17000",3.99239104954521,6.20443036192796,3.61194402554289e-62,1.9795491347513e-60
"AT4G29610",4.36397442928814,4.68487972453893,8.91764696976004e-62,4.87210068663484e-60
"AT4G34150",3.80050799870907,8.48467166031637,1.09509602619711e-61,5.96435010155891e-60
"AT3G03050",3.80158444926564,7.66595736245984,2.23587870358261e-61,1.21397103648244e-59
"AT2G44810",11.8119204059373,2.61941718817851,2.61095742819604e-61,1.41323122963317e-59
"AT3G18050",-3.92194943967821,6.39399377729554,5.06310171667245e-61,2.73204343557359e-59
"AT5G24030",3.88304400941625,6.7237529867554,5.08892082636027e-61,2.73752624022328e-59
"AT4G30270",3.94040773135014,6.1943790384496,5.1369774448204e-61,2.75490112477899e-59
"AT5G61440",-4.76385517584731,3.99009675784741,7.00181652991843e-61,3.74350943096526e-59
"AT3G59880",4.97521200531547,3.69402274502012,7.25140301873508e-61,3.865130456602e-59
"AT2G44578",6.21495166439995,3.02026290333047,7.90227251683949e-61,4.19925320400927e-59
"AT4G02360",4.81642753569793,3.84516007374373,1.09354602163149e-60,5.79347427157068e-59
"AT2G34500",11.7824994289963,2.59018621056849,1.19848942256815e-60,6.31120198034909e-59
"AT3G27809",11.7818071662956,2.58949846782691,1.19848942256815e-60,6.31120198034909e-59
"AT4G36540",-4.09834808368458,5.32939308394108,1.3032143099094e-60,6.84207080484868e-59
"AT1G43910",3.96392821190053,5.86153197001633,1.82624018725551e-60,9.55932850113418e-59
"AT2G20880",7.80318156857612,2.66441125556646,2.12676442269125e-60,1.10991708662421e-58
"AT2G36380",3.75000518748363,8.15527089791821,2.86324103155948e-60,1.48982270698674e-58
"AT2G38470",3.75654383810302,7.64765507885323,3.29578078082393e-60,1.70979630240786e-58
"AT2G34430",-3.83291189574916,6.93705418448885,3.76793098976524e-60,1.94895673059366e-58
"AT3G25250",7.29824675640896,2.717462062977,4.92699386031203e-60,2.5409626448329e-58
"AT3G28600",11.7510761052773,2.55897037935982,5.63295213070449e-60,2.89649712062078e-58
"AT1G58420",6.48207861825412,2.87738634832062,9.64278461878644e-60,4.94383587947927e-58
"AT3G57530",3.72909704925858,7.8550727136751,1.31584148859019e-59,6.7265662997141e-58
"AT5G39670",4.67257541153994,3.91865734699551,1.86385641752636e-59,9.50023374565985e-58
"AT3G25770",3.69484239154858,11.1673971117159,2.53196835091139e-59,1.28681403136581e-57
"AT5G49480",3.81414847956838,6.61626715869476,4.06779442574619e-59,2.06136956363248e-57
"AT5G50670",3.84612387814015,6.30353319932909,4.32481596234479e-59,2.18528200779404e-57
"AT3G52450",4.83269248432201,3.69306798265157,4.760676943639e-59,2.39858544684844e-57
"AT2G20340",3.70756839535532,7.7251549840763,5.39819121584949e-59,2.71197060421542e-57
"AT3G15210",3.86662676115627,6.08239791721504,6.18328176453151e-59,3.09748753837548e-57
"AT3G12610",-4.02179941383732,5.30201976457404,6.33332811934347e-59,3.16358787172806e-57
"AT1G54020",6.13256708459586,2.93939352527781,7.11999357477328e-59,3.54640591646043e-57
"AT5G09470",6.43968620098272,2.83568872553481,1.00327159894197e-58,4.98301061485867e-57
"AT4G33666",-5.87763946776666,3.09424689301915,1.07143765909137e-58,5.30649988495593e-57
"AT2G26530",3.82911789376532,6.26296054846951,1.20003940976902e-58,5.92663531101461e-57
"AT1G62440",5.55627238351939,3.1695454205085,1.22442724024185e-58,6.03004547637982e-57
"AT2G29450",3.66734699526504,10.4754248771773,1.4210021493321e-58,6.9784776901048e-57
"AT1G22810",11.6804785818673,2.4888567854846,1.91740829596289e-58,9.38992975863285e-57
"AT1G20310",7.71179136887264,2.57400137723139,2.32603249880034e-58,1.13592251889739e-56
"AT3G44720",3.76164201826554,6.78398937200839,2.99496564133612e-58,1.45852323976266e-56
"AT3G09870",6.87986126629293,2.70271080806489,3.1087298540907e-58,1.50972011219632e-56
"AT3G59080",3.84528456450547,5.99122303275755,3.12565383481251e-58,1.51373423806169e-56
"AT3G14050",3.77572244441268,6.58052001101248,3.85465906919413e-58,1.8616299587492e-56
"AT1G69840",3.66550149432477,7.7314032017439,6.33440642893165e-58,3.05081067760364e-56
"AT5G05140",3.75604035797222,6.68254774048216,7.25895755241383e-58,3.48649326617722e-56
"AT5G48657",4.34023500995947,4.23795052226717,7.83085102598548e-58,3.75087036951518e-56
"AT1G68520",-3.73796623792245,6.91440236164835,8.21004505961279e-58,3.92175458407679e-56
"AT3G47960",3.63955656999606,9.7088696061634,8.70624400527463e-58,4.14744588403859e-56
"AT5G35735",3.6477089530834,8.52966516558762,9.06180823169729e-58,4.30509764442293e-56
"AT5G49360",-4.17957972158935,4.58055071541006,1.48068066492487e-57,7.01537671135001e-56
"AT5G12010",3.70009971650006,7.21618990339324,1.86713893870299e-57,8.82248380144442e-56
"AT2G31865",4.02474874340493,4.94786682791563,1.98500481803003e-57,9.35413456431777e-56
"AT3G05500",3.73546740494153,6.6619049633272,2.28556874305465e-57,1.07415586921571e-55
"AT5G20150",3.77334301582116,6.24052924100293,2.80413542101831e-57,1.31433510899901e-55
"AT2G38750",3.70039674386737,7.10196876628638,2.85648977299143e-57,1.33529440377565e-55
"AT5G54710",3.64356265341486,7.51077900275218,2.97489533296948e-57,1.38693586950148e-55
"AT4G17615",3.74324284798134,6.47810136434209,3.34546982773556e-57,1.55555449463566e-55
"AT3G27170",6.05700766880352,2.86530187452583,3.82567532335957e-57,1.77411887740837e-55
"AT1G56220",-3.71600507575502,6.80959044680982,4.27967032952523e-57,1.97940413680131e-55
"AT1G20190",-4.03283993469272,4.93245594517777,4.50849420760205e-57,2.07973625940651e-55
"AT2G23810",3.63065453251817,7.72471142548567,4.894201740344e-57,2.25171918490616e-55
"AT5G24290",4.60150461307308,3.78218909350124,5.35888734063406e-57,2.45904008861694e-55
"AT5G03210",6.35637001543686,2.75379934298287,8.09088115441048e-57,3.70295484875807e-55
"AT4G33905",5.80844069984688,2.93774570618,8.39802335110769e-57,3.83348935371843e-55
"AT2G44500",3.68757833503713,6.94922671024304,9.02115667173448e-57,4.10721047114411e-55
"AT2G15890",-3.71033369257262,6.6778595346854,1.03660390994747e-56,4.70725874223676e-55
"AT1G17830",4.29089426138335,4.19106745342948,1.33074977426596e-56,6.02733116670773e-55
"AT3G55950",4.04631332902431,4.73671733577752,2.0249781445064e-56,9.14798266160348e-55
"AT2G33830",-3.67976452200686,6.89954817713854,2.113275853652e-56,9.52226849211286e-55
"AT3G21070",3.66855083853685,6.86370982691946,3.56726886189218e-56,1.60325350931776e-54
"AT5G56880",11.5752267893284,2.38437457470416,4.02714463172904e-56,1.80529665632099e-54
"AT4G18950",3.58512750767373,8.14969955161342,4.64263874909735e-56,2.07588882993527e-54
"AT2G02010",4.80016162965702,3.47669056353916,4.80180727904152e-56,2.14158154743579e-54
"AT5G41120",3.85787758803591,5.32760846213396,4.99657922882049e-56,2.22277849001192e-54
"AT3G28270",3.59102918385469,7.44186082471434,6.89449892985682e-56,3.0593026596621e-54
"AT5G61810",3.63489590613008,7.21019335056331,7.10793397457768e-56,3.14602556145675e-54
"AT2G35290",4.99964687069452,3.33742416808813,7.13742082279102e-56,3.15109919810241e-54
"AT5G61900",3.6338919601297,7.24021289403005,7.17184899987286e-56,3.1583233265687e-54
"AT1G06640",3.58893336389772,7.37410879960712,8.52603317725534e-56,3.74524216175767e-54
"AT3G56200",3.73098809761404,6.00355163666549,1.03249866637577e-55,4.52410380557584e-54
"AT4G34530",-11.545090872265,2.36256534282772,1.26305124117551e-55,5.52048121236788e-54
"AT5G27060",4.98834978843753,3.32651256129643,1.37641508122998e-55,6.00096380676901e-54
"AT4G27280",3.64799180589287,6.79872434106034,1.52303020618e-55,6.62366594394152e-54
"AT3G50770",6.75524821536933,2.57959868923693,1.92467914015029e-55,8.34966883554528e-54
"AT2G27660",4.44611190667841,3.82961988201707,2.70325868677054e-55,1.16982850546558e-53
"AT3G58790",3.70763834773862,6.03604025398384,3.01370037644116e-55,1.30095120200792e-53
"AT5G60890",3.60758014727672,7.25318779479323,3.0491252002431e-55,1.31300137625246e-53
"AT5G59480",3.60333607757056,7.26337876097038,3.62759992376841e-55,1.55826362327379e-53
"AT4G14365",3.56394996485383,7.33169451635692,3.83009256997925e-55,1.64121344119969e-53
"AT1G76040",3.64526551104051,6.59427278601849,4.18339169379293e-55,1.78822095311936e-53
"AT2G15390",4.09541237291692,4.4303452062855,4.42886965603776e-55,1.88853483406118e-53
"AT2G30770",8.39159494756255,2.33755049700065,4.8738119094767e-55,2.0732081171139e-53
"AT2G30020",3.80073441941646,5.36157913970509,5.70657093957462e-55,2.42155290622775e-53
"AT3G11420",3.69080228950295,6.05141455587455,5.96900251545083e-55,2.52678137960356e-53
"AT1G60270",3.8480429698619,5.13864326189322,6.74293551928476e-55,2.84750583776945e-53
"AT2G22860",4.95388797500051,3.29324498052739,8.10021080361196e-55,3.41243338504935e-53
"AT2G42360",7.06242329730662,2.48472235902656,9.19606847006603e-55,3.86478041014818e-53
"AT3G10300",3.61768993835293,6.69645839461185,1.08911011243889e-54,4.56616597020844e-53
"AT4G27652",4.10947568610731,4.32717970987493,1.32761192829824e-54,5.55278453168377e-53
"AT5G61780",3.51491043100586,9.02870715437244,1.62078754345885e-54,6.76282306021266e-53
"AT5G54720",3.74160603661887,5.55224988032458,2.02399333500411e-54,8.42511320854212e-53
"AT5G41550",5.60483671439056,2.87414233487338,2.31418946650551e-54,9.61020770615577e-53
"AT4G28270",-4.6087236613232,3.60884205645561,2.6430649090349e-54,1.09499298115301e-52
"AT1G26730",3.91131093791046,4.78640108730978,2.66550371383698e-54,1.10167852078042e-52
"AT1G16420",7.04040877683455,2.46302284456509,2.71119195433744e-54,1.1179190787189e-52
"AT4G18280",3.80046319599992,5.22164126551065,3.04277907370835e-54,1.25169191872101e-52
"AT1G80110",4.2979602084544,3.94016140898158,3.61864765282867e-54,1.48508959892966e-52
"AT5G24420",3.78251330412623,5.28047254012074,4.08997599494952e-54,1.67459134238179e-52
"AT1G09070",3.50429962711751,8.34694273155603,4.35019011314425e-54,1.77697134925469e-52
"AT5G24590",3.58838684405245,6.73705473640898,4.77739760989857e-54,1.94692872759573e-52
"AT5G54700",5.07839390204571,3.14067968042982,5.96780405362351e-54,2.42639809929069e-52
"AT4G22710",6.16596211872316,2.67357560362365,7.15820547043739e-54,2.90364051600132e-52
"AT1G65240",6.42468118953499,2.56544844588181,9.57259521363521e-54,3.87402041944408e-52
"AT4G38860",-4.18242198864953,4.10978410105771,1.72897329191965e-53,6.98097922924509e-52
"AT5G50570",3.65566822113568,5.80173661727491,1.87130398487232e-53,7.53825059159509e-52
"AT1G06000",3.58057697990256,6.48763227433826,2.08032535637554e-53,8.36099498977325e-52
"AT3G26840",3.85595409474427,4.82058858048758,2.17879519564202e-53,8.73666890032327e-52
"AT1G56060",11.4404223520957,2.25064678948612,3.13646899251538e-53,1.25480291524362e-51
"AT4G19170",-4.17729060414985,4.08234749958894,3.7663221306411e-53,1.50334725593604e-51
"AT4G36990",3.71103673994673,5.39599476135099,4.00650358438941e-53,1.59557408122733e-51
"AT5G62360",3.7066527325652,5.34000886330242,7.90347908684795e-53,3.14037556534915e-51
"AT3G59220",7.45550698005563,2.32083273901554,8.45941744837144e-53,3.35365068593828e-51
"AT4G27350",3.95765531479274,4.37855194554243,1.50960775031159e-52,5.97114757889084e-51
"AT5G59220",3.62156693907427,5.729239318021,1.95843111451207e-52,7.72895060384074e-51
"AT1G01480",11.4016212290157,2.21217587679472,1.97374733970066e-52,7.77185241891592e-51
"AT1G72940",3.5899515227931,5.91081172833809,2.78902829774782e-52,1.09561102331105e-50
"AT1G51090",3.747477194135,5.01124916298824,2.79495805294702e-52,1.09561102331105e-50
"AT2G34420",-3.42017984246306,9.4085563724907,3.42687257663707e-52,1.34031349569007e-50
"AT1G71697",3.59409183972847,5.82388665272845,3.69413253257542e-52,1.44161872917447e-50
"AT5G52410",3.50508874148878,6.73753219239593,4.18262068550195e-52,1.62861375155079e-50
"AT2G43290",3.47546636615341,7.15085813435217,5.63851141911582e-52,2.19062433645338e-50
"AT4G21410",3.57375867031913,5.87987683907894,7.30375163429893e-52,2.83129689185029e-50
"AT5G13700",5.25499977557574,2.87661744528333,9.83357292174119e-52,3.8035476856372e-50
"AT2G29670",3.48215641587184,6.83637588615017,1.01496334322892e-51,3.91713115445282e-50
"AT3G25730",4.66011628503838,3.29201548112401,1.47294018593816e-51,5.67211746051914e-50
"AT2G37040",3.39944729018698,7.96484767940698,2.3662757953014e-51,9.09221972071524e-50
"AT3G06500",3.40839771235665,7.43962938401198,2.4261442528983e-51,9.30181578364496e-50
"AT1G14780",11.3430618445522,2.15413308055952,3.69847185069123e-51,1.41488803863534e-49
"AT5G52760",3.80712140813063,4.60942143599731,3.96177616758388e-51,1.51230857506264e-49
"AT5G52320",3.46251788087327,6.71477329193227,4.33631848001063e-51,1.6516744223535e-49
"AT5G16910",3.46375018817548,6.71676559108367,4.35293335026602e-51,1.65439856005872e-49
"AT5G05365",4.20410091426328,3.74892731111624,4.93441272861004e-51,1.87133053653556e-49
"AT4G35630",3.39550807049994,7.32623652786163,5.79716360355036e-51,2.1937621489366e-49
"AT2G34070",3.49625889517011,6.23747850955402,6.20339724181257e-51,2.34241887642784e-49
"AT1G52690",5.45267387333604,2.72603027820789,6.26534191370362e-51,2.36071061804484e-49
"AT3G17860",3.46999150094379,6.47959390733848,7.46253381258934e-51,2.80575222893547e-49
"AT1G19300",3.50765233151897,6.0594363862105,7.74906259658037e-51,2.90722878489302e-49
"AT3G50060",3.52934042805915,5.88286378158766,7.7787057226373e-51,2.91210090254535e-49
"AT5G25930",3.46540466084678,6.42475511991641,1.15283428547525e-50,4.30662431900935e-49
"AT5G45280",3.42128400971575,7.05374962611589,1.40531132307635e-50,5.23860508770655e-49
"AT4G30600",3.35569935282042,8.89284754921523,1.60158890684762e-50,5.95756996987596e-49
"AT3G59350",3.36251770371948,8.17317197666909,1.63580616420961e-50,6.07193188298865e-49
"AT4G33050",3.35967026558139,8.28835523480452,1.77520588553431e-50,6.57540773237211e-49
"AT2G23340",3.50354489998717,5.93739101890964,1.95936209999104e-50,7.24218342370897e-49
"AT2G43320",3.54932356717075,5.54051104917994,2.70789942338753e-50,9.98780709263378e-49
"AT2G28305",3.45836778635724,6.30165172265694,3.21845020303341e-50,1.18459294525543e-48
"AT1G32860",3.51420866873531,5.77337372232959,3.47639345715206e-50,1.27684426074348e-48
"AT1G10340",4.52244392595936,3.2590699815871,3.94772047695541e-50,1.44691817816795e-48
"AT5G66210",3.35726384775912,7.39434789665264,4.5956116561298e-50,1.68085938460496e-48
"AT2G03980",3.35917823788908,7.25148772441451,4.9513841218434e-50,1.80720351987867e-48
"AT2G46600",3.36023524369401,7.14207869793233,5.43164373032306e-50,1.97836306952579e-48
"AT3G28340",3.70846823645442,4.70401189546301,6.41543696123849e-50,2.33183127636866e-48
"AT2G43020",3.44677939546316,6.23632093466037,8.02153114804238e-50,2.90955247014989e-48
"AT3G17790",3.50157867777691,5.71268976402423,9.41841087949162e-50,3.4091527413282e-48
"AT4G08950",3.32178042022403,9.08314400422875,1.01379783202059e-49,3.66203047463139e-48
"AT1G19640",4.45516894776289,3.28728567969673,1.21402320938472e-49,4.37624077725219e-48
"AT1G20070",4.57414094995015,3.2097451032329,1.3791594571094e-49,4.9612849359349e-48
"AT2G34620",-3.59922109288672,5.12948896139243,1.64084150094993e-49,5.89051990987838e-48
"AT3G14870",3.59119523367674,5.08729993052976,1.65842988261856e-49,5.94146099135661e-48
"AT1G74670",-3.32794832414364,7.51195053611384,2.29970899995856e-49,8.22204753502566e-48
"AT3G57460",4.5119045860416,3.18429366886618,5.60587798818569e-49,2.00015438505001e-47
"AT5G62570",3.37780468815588,6.6274173134357,5.6613427226692e-49,2.01583003707588e-47
"AT1G24140",3.6855781994088,4.59811335554891,5.92219069877144e-49,2.10442398346791e-47
"AT1G70140",4.16428874941895,3.592391278389,6.3392655216235e-49,2.24806042828689e-47
"AT2G35710",3.86668567742846,4.11656577640463,6.71528049971848e-49,2.37658398738012e-47
"AT4G31000",3.40737175129142,6.18094135334402,7.10310522388623e-49,2.50875936624653e-47
"AT5G15650",3.28524653548703,9.26500560685804,7.47768003935768e-49,2.63573145419537e-47
"AT1G73210",4.17089593252724,3.56843385862588,8.11732464894976e-49,2.85543635488106e-47
"AT1G76680",3.30326220279051,7.33098106478541,1.02287079689066e-48,3.59093376346174e-47
"AT1G75380",-3.30665069568746,7.23340003183536,1.0792940006239e-48,3.78142224707567e-47
"AT1G22400",3.4568573972406,5.66272941550847,1.2128746965996e-48,4.24093766413017e-47
"AT5G16200",3.92331092851891,3.94795590016808,1.25083664476116e-48,4.36313339609791e-47
"AT4G21680",5.55041156590548,2.53701360552512,1.25281299825039e-48,4.36313339609791e-47
"AT5G41730",11.2138459131063,2.02613922463018,1.36027568183525e-48,4.72797211640669e-47
"AT3G22970",-3.48518312548228,5.40782536952131,2.38954497384535e-48,8.28897118605916e-47
"AT1G66100",3.29148582200945,7.07776611878853,2.76614966881941e-48,9.57635537821182e-47
"AT3G17120",3.35964786798983,6.41134363256048,3.51790789563347e-48,1.21548584465138e-46
"AT5G13190",3.38238415828044,6.09300696925156,4.08624165585795e-48,1.4090683011709e-46
"AT1G09940",3.28425057165037,7.05486465708435,4.27336639022108e-48,1.470694185044e-46
"AT4G16760",3.2636104937799,8.02367782844554,4.75710451629835e-48,1.63395792256275e-46
"AT5G37770",3.27149008035028,7.35092440073723,5.85439426924687e-48,2.00690931390673e-46
"AT4G21830",11.1815614786323,1.99417879500967,6.6741295848945e-48,2.28344046052271e-46
"AT4G12000",3.54532735373898,4.93996558477157,6.85353496811767e-48,2.34024124702346e-46
"AT5G16030",-3.37565859732432,6.10436579716854,7.06305492050633e-48,2.40708360965326e-46
"AT2G28570",3.91692325871493,3.85983779278664,7.21908610758497e-48,2.45547242060132e-46
"AT3G56260",3.87122195435353,3.95787560089039,7.50416930638201e-48,2.54748333948499e-46
"AT2G39770",3.24618745600062,8.6659834551058,8.5056842560732e-48,2.8818774776924e-46
"AT5G19240",3.24566742115089,8.66593732498903,8.75667147325152e-48,2.96117770535506e-46
"AT1G73830",-6.7689012343926,2.28542855755985,8.92439806039929e-48,3.01207048822318e-46
"AT1G28330",-3.52178951978278,5.02701346998783,1.20451575064962e-47,4.0575238667837e-46
"AT1G29640",3.99395670836091,3.72815324166965,1.2114502550775e-47,4.07303554029228e-46
"AT4G30210",3.23618285823224,8.96487904403325,1.30559800769895e-47,4.38114586729381e-46
"AT5G59730",3.3211286432782,6.54286809432794,1.57767072568955e-47,5.28398798797516e-46
"AT5G44680",-3.3100725602608,6.74618440601456,1.66334076763562e-47,5.56026513204083e-46
"AT2G22080",3.28867582766366,7.0288749718587,1.81812008851835e-47,6.06606746327601e-46
"AT2G30720",3.32399878090928,6.41601155260539,2.06828252367976e-47,6.88757778314158e-46
"AT5G55120",3.24044844592232,7.49572123011267,2.78035817853352e-47,9.24125513979115e-46
"AT2G41410",3.23576753609063,7.59204458703277,3.26179440868699e-47,1.0820863690147e-45
"AT2G23120",3.23445474379315,7.64172245022066,3.34077026022911e-47,1.10618724355276e-45
"AT5G06320",3.222916555156,8.1341570087434,4.23342838874767e-47,1.39911207033035e-45
"AT3G29000",4.31961593492874,3.20249540566432,4.6446706355119e-47,1.53212786265386e-45
"AT3G55940",3.97445243783584,3.6603674103093,8.31024462691481e-47,2.73612065559984e-45
"AT4G24780",-3.43063416916639,5.2878596353189,8.70097576628516e-47,2.85938269402187e-45
"AT3G63210",-4.24279366118826,3.34289669903984,8.90293094195005e-47,2.92026156957059e-45
"AT2G22330",3.21023927888676,7.93268652360397,9.91257141718354e-47,3.24534618139737e-45
"AT2G03310",-4.17927390929982,3.3974614120505,1.27165147019391e-46,4.15556685110281e-45
"AT5G53050",3.20486809958485,7.7494882756482,1.55385864490933e-46,5.06830423301304e-45
"AT4G32480",3.41145133159874,5.29967036470487,1.56602248769745e-46,5.09846762614794e-45
"AT1G23080",-3.27197060492778,6.63960239005105,1.60443318342254e-46,5.21381140256064e-45
"AT5G42050",3.19095500893344,8.8298865530602,1.71008900351546e-46,5.54684342271998e-45
"AT3G04640",3.73959137273926,4.06506087971966,2.10773154639651e-46,6.82397604178707e-45
"AT3G46110",3.44236142376851,5.0668346491573,2.69231664801893e-46,8.70051237658317e-45
"AT5G06870",3.25427038297976,6.63112164814201,3.51107070322383e-46,1.13254703144764e-44
"AT3G56880",3.20008073764353,7.21429437070629,3.57363533586908e-46,1.15060527766113e-44
"AT3G14440",4.05503706039495,3.45928682934665,3.70095959482297e-46,1.18940949625533e-44
"AT5G22920",-4.00479718790083,3.56094755747763,4.50329022429543e-46,1.44460592644692e-44
"AT4G36830",4.00102099750578,3.52570061874226,5.46910586416469e-46,1.75121571104746e-44
"AT4G35180",6.31168751286309,2.14410237791128,5.5610981920616e-46,1.77741644774795e-44
"AT5G55050",3.2992635755983,5.95821926312875,6.02506826705256e-46,1.92219468089197e-44
"AT5G59510",4.71809475124926,2.79383773286267,6.3561100994081e-46,2.02411425988983e-44
"AT2G39330",5.84965874002057,2.25779916864107,7.10865152402223e-46,2.25964644717237e-44
"AT3G17800",3.18727550359015,7.12643007111862,8.08035868954361e-46,2.56386408292724e-44
"AT4G31500",3.15662872091953,9.92836961220933,8.30665403458507e-46,2.63089189287411e-44
"AT4G14270",-3.77534127455494,3.93677388710996,9.91016454366309e-46,3.13308149578412e-44
"AT3G52800",3.17376882907735,7.58152240310499,1.00633199556276e-45,3.17575853401152e-44
"AT4G23600",3.1530323911531,9.71261555529201,1.06020980082342e-45,3.33975638699024e-44
"AT1G64200",3.28328386250301,5.93848988481907,1.38050705097739e-45,4.34090013889167e-44
"AT5G05890",-4.82613189271536,2.74287200078443,1.46747675002174e-45,4.60608546151349e-44
"AT2G04400",3.16369971718373,7.5811619252167,1.74866835663349e-45,5.478847469359e-44
"AT3G57760",3.96646504590358,3.52116387433638,1.76454269271734e-45,5.51869407813548e-44
"AT1G01470",3.15832057509723,7.66774310668162,2.16450619050891e-45,6.7575110229763e-44
"AT2G14750",3.15675431019056,7.67967081794496,2.33306386427497e-45,7.27075856312287e-44
"AT3G19150",3.51791464532138,4.49697139163571,2.80491125954439e-45,8.72566967092787e-44
"AT2G01420",-3.21969837755644,6.58312322913725,3.05705706292094e-45,9.49316671954651e-44
"AT4G18170",6.27487480043427,2.10807902035371,3.06641125233069e-45,9.50533119228678e-44
"AT5G36907",11.0439818130482,1.85807015565598,3.09954495026517e-45,9.59103440097097e-44
"AT4G01250",3.75576403093387,3.85037477262018,3.39493858256885e-45,1.04865214203271e-43
"AT3G49530",3.20269403064334,6.70022088330917,4.30821200140997e-45,1.3284033583889e-43
"AT4G23060",3.23459388245689,6.16659776574033,5.43650205088445e-45,1.67335150273966e-43
"AT3G23880",-4.92163031234184,2.64510805466134,6.19225649628528e-45,1.90081683502976e-43
"AT5G46590",6.58579430696385,2.02115807248038,6.19725216477127e-45,1.90081683502976e-43
"AT2G38760",3.4489859859172,4.67504299755209,6.52996273717768e-45,1.99935794280346e-43
"AT5G66640",4.71926657048129,2.71793636756552,6.71719574935529e-45,2.05308974276186e-43
"AT2G34810",3.18534043959616,6.82473585700275,7.89215335802723e-45,2.40800204464904e-43
"AT3G54950",3.62758265483216,4.0713935226627,9.20498918906403e-45,2.80367292669698e-43
"AT1G22470",4.66440461012134,2.74244772472659,9.26645151141441e-45,2.81748472650536e-43
"AT1G16130",3.72732920974371,3.84301779400723,1.07490850998115e-44,3.26260859027785e-43
"AT1G28190",4.01282930214896,3.35732147919534,1.19463042548326e-44,3.61970948504746e-43
"AT1G20440",3.10875470152627,8.97757389996648,1.49950129659588e-44,4.53560227826745e-43
"AT4G05070",-3.79487215375942,3.74675130055542,1.81138247363983e-44,5.4694990995933e-43
"AT4G05010",3.84930636806867,3.59288970433634,2.30993368022316e-44,6.96285698816234e-43
"AT4G37770",6.56493034009255,1.99569773475087,2.4088882435843e-44,7.24863909855152e-43
"AT1G11960",3.20854222112256,6.11723288191176,2.5188199278605e-44,7.56641388295278e-43
"AT4G16740",5.60667922133304,2.23757465249729,2.64514813924722e-44,7.93226842512163e-43
"AT2G41100",3.09312837056333,9.90851885199453,2.75204698834495e-44,8.23870505089637e-43
"AT1G72645",-3.47516323158527,4.51263550467715,3.1584669381984e-44,9.43922691974747e-43
"AT1G54010",3.20916481121932,6.01974469124458,3.59257535980391e-44,1.071825853506e-42
"AT1G07135",3.25514801391672,5.56222946865847,4.11111116298302e-44,1.22443878130208e-42
"AT1G25145",-10.9754270740771,1.80168066498335,4.68920066329724e-44,1.39423971422493e-42
"AT4G29930",5.44654360796966,2.26998129567582,6.42656246232777e-44,1.90756522120334e-42
"AT3G54420",3.89642440775844,3.45566665210147,6.84844919935275e-44,2.02934639580143e-42
"AT3G49620",4.1765368161725,3.0671873139843,7.00149297450808e-44,2.07118615352495e-42
"AT5G45630",5.12284724914052,2.40657760159063,7.47850748243433e-44,2.20855990397634e-42
"AT4G02330",3.14414305777543,6.72983903828776,8.37736180811476e-44,2.46983838939748e-42
"AT3G02140",3.51603509174909,4.23104382504122,1.07798927072682e-43,3.17280916163585e-42
"AT5G49730",-3.15389750217284,6.53969960395936,1.10568654827561e-43,3.24886015521051e-42
"AT1G61260",3.31784208039365,5.0156640345837,1.22288108639996e-43,3.58718624723667e-42
"AT4G34230",3.16279205414208,6.3092330221677,1.30283805942979e-43,3.81532961356967e-42
"AT5G37260",-3.29640556176612,5.15377281738678,1.36373626436944e-43,3.98699015216904e-42
"AT3G50280",4.41829837270067,2.84098984776907,1.42436998766878e-43,4.15730559172176e-42
"AT5G47910",3.0748236754297,8.09391006901658,1.47640307646915e-43,4.3019924976517e-42
"AT2G46510",3.08454677466679,7.44213765541932,1.49117622634846e-43,4.33780931202166e-42
"AT1G28390",3.81285229848424,3.55894395944094,1.55911950697297e-43,4.52792131900472e-42
"AT1G72120",4.06165450303875,3.16095674745022,1.97117398377348e-43,5.71509697484439e-42
"AT2G44230",3.0736624865338,7.74345529861133,2.03541977726946e-43,5.8915966831129e-42
"AT3G07310",-3.42950112827033,4.49179159316677,2.71860201876257e-43,7.85608580066547e-42
"AT4G38560",4.31075829841055,2.90716995164096,3.7517293031561e-43,1.08236771298809e-41
"AT2G46650",3.11708286452814,6.68287400552756,3.97699341457298e-43,1.14546582976902e-41
"AT4G02200",3.2020014874741,5.62072674669543,4.45893304821924e-43,1.28216326450686e-41
"AT4G01540",4.06110515139837,3.12226513114525,5.11647510627341e-43,1.46882322303741e-41
"AT1G02660",3.39631097456859,4.46739518063276,7.76003782057248e-43,2.22407772486998e-41
"AT5G43380",3.56220332582105,3.96504251124155,9.66511845636145e-43,2.76555263457557e-41
"AT5G59550",3.16244432636021,5.7666631790448,1.29223497049329e-42,3.69152679561016e-41
"AT5G37540",3.47913136964005,4.1456907736233,1.36886467453632e-42,3.9040556451743e-41
"AT3G53790",10.9031021209907,1.71886085189331,1.6627257402652e-42,4.73443552395058e-41
"AT4G12410",5.2530117225631,2.24867121849105,1.80608443259446e-42,5.13427221708112e-41
"AT2G30520",-3.21565691861857,5.30718666114405,1.90287922266204e-42,5.40065543016241e-41
"AT1G72900",3.03748466590974,7.19245894588312,2.46075781427281e-42,6.97267890874092e-41
"AT5G17350",4.64547556263954,2.56600857570582,2.4958474201817e-42,7.06066350275675e-41
"AT2G25735",3.56264164906598,3.88514626873402,2.97104349438042e-42,8.39139796643827e-41
"AT1G68410",3.03473276279118,7.09492571452615,3.20857651030019e-42,9.04766824670617e-41
"AT1G56660",3.07840826750152,6.62651858935267,3.29926108877136e-42,9.2884028365523e-41
"AT4G01360",10.8746455393733,1.69076345115751,4.72070737741448e-42,1.32688307201507e-40
"AT1G72280",3.38673002174101,4.31258361065745,5.83482160810045e-42,1.63740266732617e-40
"AT2G36220",3.21990552620715,5.08597438083513,5.93587899120999e-42,1.66309250646353e-40
"AT1G59640",3.8624646368595,3.27906135055756,6.81122069381161e-42,1.90528914223853e-40
"AT5G09440",3.47574226070412,4.0198692389197,7.65883604648248e-42,2.13896853994654e-40
"AT4G15200",10.8652081847477,1.68144690591083,7.98723397363871e-42,2.22712618119818e-40
"AT5G08240",4.14464344832983,2.90085940057423,8.59901941277943e-42,2.39389580244622e-40
"AT5G24600",7.82429365043964,1.77762000983911,9.29799061907683e-42,2.58436836237393e-40
"AT5G39080",-3.54673217715429,3.87305239275982,9.91504840653717e-42,2.75150462367443e-40
"AT4G35480",3.33863105620333,4.45406558598621,1.08532342793386e-41,3.00708549771279e-40
"AT5G25440",3.1265141194049,5.69995802717161,1.12756750377709e-41,3.1191871310973e-40
"AT1G69930",10.8514665298139,1.66788268599771,1.35519003234874e-41,3.74293638792306e-40
"AT4G36500",3.00325274016517,7.11585527019688,1.67102295943178e-41,4.6079644163637e-40
"AT4G33920",3.03970989470298,6.71475975739687,1.8320631194951e-41,5.0440881130918e-40
"AT1G28380",2.98299927723555,7.76664876882162,2.59780599841667e-41,7.14110727520733e-40
"AT1G76360",3.07666328510333,6.0355626957788,2.64942297935149e-41,7.27156388508668e-40
"AT4G01330",-3.18916932072792,5.10337081261393,2.88883131929297e-41,7.91621284564247e-40
"AT3G16690",3.88400859878076,3.17171138079294,3.04880722643281e-41,8.34151748665489e-40
"AT1G27770",2.97504994466684,8.02904075209564,3.29585037064294e-41,9.00333625467976e-40
"AT2G47060",2.98748918613337,7.05999056469023,4.12816447571737e-41,1.12593915021789e-39
"AT1G13340",4.10938737558557,2.86769378044918,4.46908482366318e-41,1.21702507744709e-39
"AT5G47960",4.53008915414071,2.53730301567265,6.21537291630174e-41,1.68994346338574e-39
"AT5G15190",4.57269520708185,2.496575874894,7.23897372766831e-41,1.965201516783e-39
"AT4G23810",3.52138374194624,3.76223043060032,8.51518622241342e-41,2.3080775306427e-39
"AT1G01560",3.14888895348848,5.14923115051379,9.07981277749782e-41,2.4573121793962e-39
"AT3G17130",4.00700374624138,2.95054910831458,1.00258342677431e-40,2.70914467547069e-39
"AT1G29690",3.05480060946361,5.94544056223879,1.19967822499606e-40,3.23672444561822e-39
"AT2G27310",3.62261780777612,3.49949846942918,1.30429697034568e-40,3.51356300963846e-39
"AT3G13750",-2.9478908014743,7.83722883427065,1.68303428883931e-40,4.52684438027349e-39
"AT4G27070",3.26679063500769,4.4733522772326,2.02074648619993e-40,5.42683729926779e-39
"AT1G60590",-3.326181388372,4.29996736948258,2.07155172389776e-40,5.55474521302216e-39
"AT3G44990",-3.25408916790683,4.51169894024378,2.72129894705847e-40,7.28582993743082e-39
"AT3G44260",2.99168408528994,6.59746549797125,2.90024251764473e-40,7.75304891987504e-39
"AT3G25510",3.4664743125105,3.81338912446245,3.24867814318625e-40,8.67124274462981e-39
"AT5G22540",10.7763021839502,1.59372169416679,3.43457778533368e-40,9.15346393612634e-39
"AT1G11670",3.13944952883509,5.00195814995542,4.27301404207867e-40,1.1370639953982e-38
"AT3G02880",2.93496581353831,7.22904266085725,5.41012459898464e-40,1.4374651727059e-38
"AT1G25500",3.26283261796775,4.37569551319625,5.91338252627835e-40,1.5687961564025e-38
"AT2G41110",2.92726451185793,7.31552823088043,7.40489085348119e-40,1.96151070896078e-38
"AT1G29920",-2.99785831824392,6.1604500355006,1.02998121326926e-39,2.72423018934742e-38
"AT4G10960",3.52558656337299,3.5793397035216,1.14816547175849e-39,3.0322321665791e-38
"AT5G56860",-3.08451227694974,5.25368523170174,1.26413886520012e-39,3.33347507998398e-38
"AT2G32030",3.91670650646775,2.94789117255023,1.2955248359955e-39,3.4110934800767e-38
"AT1G72920",3.1373703831937,4.88469029440182,1.33256808357731e-39,3.50335154965146e-38
"AT5G21940",-3.13437959967638,4.93779169522218,1.35863800343734e-39,3.56652675887312e-38
"AT1G08860",10.7445792047632,1.56243934837007,1.363233806271e-39,3.57322588231423e-38
"AT5G07070",3.14990187377412,4.7847681505972,1.45901276692547e-39,3.81855092876616e-38
"AT2G36950",-3.68240168650399,3.31759697458302,1.70948188206346e-39,4.46739487953894e-38
"AT2G46270",3.16975544061904,4.68131396492016,1.71469396945781e-39,4.47432756239267e-38
"AT5G67420",-3.05835329217513,5.39739435755762,2.01092420115094e-39,5.23949147670966e-38
"AT2G26600",2.96495947621177,6.36624565427523,2.27416753684982e-39,5.91655819147998e-38
"AT1G80920",-3.16856909198119,4.67490779600372,2.33031444624743e-39,6.05362369446417e-38
"AT2G43530",3.014754425588,5.66561335378269,2.79809776114188e-39,7.258033109502e-38
"AT5G49740",-3.05253839735216,5.36002772776918,2.87531512136035e-39,7.44727915062859e-38
"AT2G25470",10.7236318916328,1.54178876436111,3.14641906701305e-39,8.13740303973212e-38
"AT3G14200",2.98839037776032,5.89471125133328,3.33369071252566e-39,8.60899774403046e-38
"AT4G37540",-3.4328207329789,3.76888659892284,3.37365057744885e-39,8.69934115715904e-38
"AT4G19660",-3.13851272665438,4.79077471838056,3.66969160200482e-39,9.44878030601623e-38
"AT5G25450",5.95848414562372,1.79938593462138,3.96327340516624e-39,1.01896924915473e-37
"AT5G46710",3.12005201474139,4.81125596177004,4.74963103412483e-39,1.2193509452218e-37
"AT1G68350",5.34039132962564,1.97955547479653,4.81271063126763e-39,1.23373343059314e-37
"AT1G62320",6.27974143651143,1.71689409931977,5.5647691779183e-39,1.42443425384401e-37
"AT5G48655",2.96987938710069,5.9822526994276,6.19702838015672e-39,1.58395682997485e-37
"AT4G13830",-3.22065927091018,4.35480026769592,6.80505485040362e-39,1.73682881678258e-37
"AT1G35350",2.94547684031514,6.3043826084476,7.12865609085917e-39,1.81676814047363e-37
"AT1G07150",4.10534463255975,2.71342521119758,7.21624367335503e-39,1.83641321894128e-37
"AT4G30350",2.87995786147593,7.26681537095684,9.22678661869868e-39,2.3446498612603e-37
"AT1G19960",-3.13047644629523,4.70592569697826,1.0214067126332e-38,2.59176394150454e-37
"AT3G63010",3.57315138508595,3.38510418128175,1.07807106157128e-38,2.73158208252908e-37
"AT2G05160",-3.45051185348073,3.65709673802401,1.10990957165491e-38,2.80818365285714e-37
"AT5G22520",5.05685074053236,2.05958018680764,1.29789153292586e-38,3.27905168643682e-37
"AT1G61560",3.71553221660967,3.11184355531552,1.67811701638658e-38,4.23355264032996e-37
"AT2G28630",-3.41061397451238,3.71360502862729,1.68702188296029e-38,4.24988524204535e-37
"AT1G08570",-3.07422068377919,4.92092621193373,2.25213846544125e-38,5.66534342320998e-37
"AT1G76210",10.6735385747522,1.49242414747409,2.2775969062442e-38,5.72115326319932e-37
"AT1G78070",2.92428122599612,6.25051457680388,2.41485177685842e-38,6.05722433498075e-37
"AT3G48460",2.98745882716165,5.44854167928831,2.69252050471362e-38,6.74403094325333e-37
"AT2G18560",-4.74248256129497,2.25623173376309,3.06467814912833e-38,7.66520287284844e-37
"AT3G52870",2.8452651398553,7.87835981825463,3.37868663881667e-38,8.43851121520454e-37
"AT1G64610",3.08048593855471,4.76529809894785,3.40931321781938e-38,8.50285634623912e-37
"AT1G53480",-5.46820740119481,1.97981800816185,3.4796574045577e-38,8.66593310596614e-37
"AT1G49010",-3.15348960765344,4.43974385564533,3.80191413983317e-38,9.45503056994357e-37
"AT3G46280",4.75243545358775,2.17397670849871,4.07207174154374e-38,1.01125042979274e-36
"AT3G14720",2.88885525331567,6.65763433630069,4.4536016034802e-38,1.10443002600914e-36
"AT1G11050",2.96445948947782,5.57249892723689,4.46789908083313e-38,1.10640622705674e-36
"AT3G45140",2.8196354204969,12.4297243189815,5.14157448756492e-38,1.27143064732811e-36
"AT1G27760",2.83970713936235,7.68677408033452,5.16143492317055e-38,1.27453907855637e-36
"AT4G23220",2.96491150202889,5.54081395309533,5.74728412887208e-38,1.41720406805459e-36
"AT3G46130",-3.91539133575108,2.86801953170623,6.24281353500389e-38,1.53722688778131e-36
"AT1G02930",2.92872833322163,5.87504424753453,7.08602081978753e-38,1.74240368484311e-36
"AT3G29360",2.81847881590926,9.00086297957482,8.13032507628277e-38,1.9963830520878e-36
"AT3G21150",4.24719085060629,2.48863937124425,8.4094963202471e-38,2.06203680458457e-36
"AT3G60260",2.99969977325005,5.16354327826242,8.74804369754635e-38,2.14204548969472e-36
"AT5G65870",3.41946545518238,3.5409286335617,8.95012224449036e-38,2.1884613594465e-36
"AT3G45970",2.91709827536662,5.93623803941282,9.19266756980505e-38,2.24462859110198e-36
"AT4G36640",3.00251139369162,5.13114866342675,9.55436512321186e-38,2.32969268408805e-36
"AT3G59940",-3.0250141586695,4.99180716725259,1.06418125002869e-37,2.59123687942222e-36
"AT4G37260",2.83371465358011,7.06904015810562,1.24892107153787e-37,3.03684104223874e-36
"AT3G05580",3.0029095787505,5.02944676927887,1.61949526812244e-37,3.93244941285898e-36
"AT5G18470",3.08213660995139,4.58855421730891,1.63924679628349e-37,3.97488928424748e-36
"AT4G23210",4.1431177537345,2.53576998749191,1.65311158835553e-37,4.00295704975342e-36
"AT1G77450",2.98350562884386,5.15714108168937,1.6973929624705e-37,4.10449808615101e-36
"AT3G51860",4.7995955521688,2.09603000051587,1.78094165205015e-37,4.30058051143547e-36
"AT2G40230",3.04382305998613,4.77567970153679,1.86209116087958e-37,4.49033651940107e-36
"AT1G67856",4.71438442579688,2.13763635907574,2.0881418089673e-37,5.02851008900485e-36
"AT4G35730",3.0536631360699,4.68465493359066,2.13534957298042e-37,5.13511920005733e-36
"AT1G76390",2.89055895255165,6.03374679522083,2.33319064661852e-37,5.60318297731202e-36
"AT3G50800",3.23305196396648,3.96076875418716,2.41395886537015e-37,5.7891965491449e-36
"AT5G24770",2.81151902309214,7.28381465171521,3.12035998094718e-37,7.47304843108214e-36
"AT3G43270",2.95215779758873,5.29535516635746,3.28137726121472e-37,7.84792320900369e-36
"AT3G46620",2.88914217913824,5.97676513570461,3.32667262480877e-37,7.94538490430761e-36
"AT3G09830",2.81819043518389,6.73150099720583,4.23922803004691e-37,1.01111082741214e-35
"AT5G64700",3.16323421438238,4.12146475168615,4.42721426895428e-37,1.0545093605467e-35
"AT1G52720",2.92147483293655,5.52207188315163,4.62192436823065e-37,1.09938916639152e-35
"AT1G74330",2.87159670640831,6.05958216928328,5.26951057073381e-37,1.25172355038233e-35
"AT3G54020",3.06883085403239,4.50695926200624,5.43868196375526e-37,1.29015572282677e-35
"AT4G03400",2.86256185637911,6.07051640488354,8.16181024152377e-37,1.93350851561734e-35
"AT5G51060",10.5760852131567,1.39646899557616,1.00212323071995e-36,2.3707876106464e-35
"AT4G24160",2.85595280524918,6.11153346760407,1.01442107105461e-36,2.39663832233077e-35
"AT4G21440",4.11700816620214,2.49572005745018,1.0338922048613e-36,2.4393437810513e-35
"AT3G44630",2.77464786311177,8.12529830982494,1.12098856151346e-36,2.6412726443315e-35
"AT4G19460",4.2711147104873,2.36878330781574,1.16130995612378e-36,2.73259514978628e-35
"AT4G30430",10.567811118481,1.38832720208427,1.34887867387562e-36,3.16678591802548e-35
"AT2G37970",2.84629378797937,6.15024895737667,1.34945690609677e-36,3.16678591802548e-35
"AT1G25370",3.62170720090228,3.02528655860722,1.47011387843421e-36,3.44530843655032e-35
"AT5G48880",2.87062998670195,5.80846917128231,1.53170179440279e-36,3.58483834960428e-35
"AT3G13790",2.8596079681212,5.93567173408792,1.55900779668094e-36,3.64386808948836e-35
"AT5G60300",2.9720692234972,4.90984884544535,1.58601477288907e-36,3.70204222622425e-35
"AT4G38400",3.00114352570003,4.72072608522711,1.62421429289591e-36,3.78615179769323e-35
"AT1G63840",3.19191850196323,3.90382582505304,1.74129756104824e-36,4.05367580024053e-35
"AT2G28550",2.77020035484842,7.72515824009249,1.80070960500123e-36,4.18641037556336e-35
"AT1G65890",5.80863577947142,1.65382596304724,1.81416587478017e-36,4.21209322560182e-35
"AT1G25230",-3.24133674570054,3.83678801231203,1.83451094847725e-36,4.25368102284189e-35
"AT1G32920",2.84385583554985,6.0548729230924,2.26338853713787e-36,5.24116844963992e-35
"AT5G41600",2.81506844102304,6.50246828731603,2.38052295346935e-36,5.50511677189215e-35
"AT4G31770",2.92455379389337,5.17027494414143,2.43505884641693e-36,5.62317279391983e-35
"AT5G20480",3.07601186606416,4.32904900313225,2.43800547834538e-36,5.62317279391983e-35
"AT1G51660",2.81611948935728,6.49653705325472,2.50039067911847e-36,5.75946380013547e-35
"AT4G39830",3.28820716242447,3.63487410694355,2.70333793737647e-36,6.21874436304643e-35
"AT2G36650",4.09206446799043,2.47231878201504,3.37722442010241e-36,7.75874041217484e-35
"AT2G02860",2.82854310325927,6.14901044967703,3.42969346352011e-36,7.86894105285066e-35
"AT1G12610",7.50501267554754,1.46403804902194,4.87086843441991e-36,1.11608640680161e-34
"AT4G34990",3.27897578698198,3.61029702004265,4.96710796306191e-36,1.13664854081429e-34
"AT1G28010",3.07862538151924,4.19069381604165,7.54220136552302e-36,1.7236641369077e-34
"AT1G66500",3.13212814936834,3.99200175016122,8.8849350348572e-36,2.02787622995311e-34
"AT5G41315",6.0984371709116,1.54037490082067,9.95602920115278e-36,2.26937755572039e-34
"AT1G68340",3.23855592947395,3.67030880427032,1.04182024918273e-35,2.37163325735178e-34
"AT1G19000",-2.78294863889311,6.54979654312358,1.15409064370399e-35,2.62379281194758e-34
"AT5G43170",5.51543724403604,1.67894900303528,1.15905291260149e-35,2.63165221701452e-34
"AT1G14370",2.96735183783125,4.63727910135644,1.25509762302224e-35,2.84602746346274e-34
"AT1G49450",4.35985109685737,2.20844596432378,1.43286015835735e-35,3.24490856846652e-34
"AT3G05320",2.96607637580755,4.62739025418066,1.52570838029494e-35,3.45070628883524e-34
"AT4G23190",2.91387973520009,4.92978094961735,1.55159276026918e-35,3.5035121197664e-34
"AT3G16330",3.16484537112881,3.82102193739391,1.55306405812444e-35,3.5035121197664e-34
"AT4G27860",3.30628675909414,3.4571694912811,1.58713472715162e-35,3.5757572725247e-34
"AT1G02390",3.18453264381084,3.75577500127733,1.65954076742038e-35,3.73407351825102e-34
"AT1G05340",4.61489040265938,2.04282894348604,1.73431752808107e-35,3.89731019838578e-34
"AT4G29310",-3.00174527764742,4.46141773518732,2.06589247603892e-35,4.63645675976746e-34
"AT1G29290",5.13687038466974,1.78346253189596,2.29730227100423e-35,5.14919687230345e-34
"AT5G10380",2.86547048392297,5.21894092102977,2.60857788412276e-35,5.83940680513677e-34
"AT1G18000",-3.06355410768313,4.16352260595008,2.97512568102101e-35,6.65142228661001e-34
"AT1G73805",2.83992615569753,5.42708892568021,3.34729684167449e-35,7.47391962745787e-34
"AT2G01150",2.83921981738972,5.40595700008697,3.44470552004437e-35,7.68160543455813e-34
"AT2G32510",3.79457237728352,2.62065343784828,4.29841207323765e-35,9.57313863393807e-34
"AT4G23680",3.74998765449287,2.66865504468881,4.46824422538874e-35,9.93871676748999e-34
"AT5G10695",3.3421881064176,3.28728446693334,5.5241314694997e-35,1.22717141653448e-33
"AT1G11210",2.87939036144556,4.97193427795901,6.07962106260756e-35,1.34885805885239e-33
"AT4G37240",3.1335658879136,3.79299600739409,7.03668180334597e-35,1.55921809845244e-33
"AT1G57560",4.06097209609934,2.37989148737041,7.11148871656425e-35,1.57379945862902e-33
"AT5G22250",3.12141888283317,3.8350235134501,7.13277838713823e-35,1.57651535451754e-33
"AT3G53232",5.46902755914884,1.6341332101289,7.2298967232801e-35,1.59596318703417e-33
"AT4G21400",3.02553565088151,4.18923890910425,7.54625336181193e-35,1.66369669009531e-33
"AT2G28400",3.21838071941511,3.5720924301526,7.76295853119937e-35,1.70931743074255e-33
"AT5G51190",3.09921529667229,3.89068574138019,9.63356077223237e-35,2.11853513183571e-33
"AT2G01450",2.68534145128582,8.23939572676492,9.975651340656e-35,2.19100894960664e-33
"AT2G40140",2.71286141551364,6.57648301616338,1.07111735623073e-34,2.34960410777689e-33
"AT1G72180",2.67847549337091,8.84625330032809,1.11846345723611e-34,2.45038804797731e-33
"AT5G02200",4.35659245855706,2.11384202567995,1.67646430355316e-34,3.66828853805006e-33
"AT4G07960",3.51524587976464,2.92762094771728,2.03588896959509e-34,4.44918085692887e-33
"AT3G19580",3.28074118843567,3.33643686065323,2.14038455777139e-34,4.67170327384733e-33
"AT1G70800",3.93458362972569,2.4439280271621,2.30711941463408e-34,5.02934772145231e-33
"AT3G52060",-2.96170691361378,4.37553525621642,2.3858547675213e-34,5.19450795773037e-33
"AT1G23850",4.94571997082731,1.78733432799144,2.5056295959069e-34,5.448497789209e-33
"AT4G35985",3.19612658941029,3.53547187709274,2.7861107676966e-34,6.05087882629065e-33
"AT3G19850",-2.94727844813511,4.41369333063692,2.80071973801517e-34,6.07505994785599e-33
"AT1G57990",2.69237347723356,6.6076853297507,2.83586505382219e-34,6.14367146666335e-33
"AT3G17810",2.72278575044765,6.37045882402956,2.89787453748503e-34,6.27024016569934e-33
"AT5G11550",-3.22800479774323,3.49334193999634,2.92910662677327e-34,6.329984073656e-33
"AT5G09800",3.6362953279922,2.72725370596778,3.01986069226314e-34,6.51805240528846e-33
"AT1G30640",2.81534580183912,5.20261437938166,3.05024187158657e-34,6.57550908026486e-33
"AT1G69260",3.2145127931993,3.46583173172939,3.53570465850782e-34,7.61265080599659e-33
"AT5G02170",4.4633786542599,2.01220977084962,4.40185264672891e-34,9.46587820698174e-33
"AT1G04570",4.1358085674161,2.24150846330606,4.49171818036251e-34,9.64726154143462e-33
"AT1G64760",2.74824679898402,5.76253334082502,5.458076252771e-34,1.17084106904534e-32
"AT1G49130",-3.42503275222356,3.05437789588043,5.70036464241478e-34,1.22131709611933e-32
"AT1G14540",10.4108468195181,1.23403431421175,6.24655958922993e-34,1.33670258627303e-32
"AT3G14590",3.47865169804403,2.92551835111437,6.26749178601311e-34,1.33954228477833e-32
"AT5G46910",2.82511490024486,4.93443403178809,8.67575778228712e-34,1.8519935690809e-32
"AT1G52565",3.68465465249646,2.60834327617672,9.62299606225671e-34,2.05169317263944e-32
"AT5G48540",3.17852450595143,3.45595910109718,1.23602663034709e-33,2.63208935180976e-32
"AT1G59910",2.71986315032092,5.87397466908017,1.35817270119229e-33,2.88867802128282e-32
"AT1G16850",2.85905242144513,4.64412163379384,1.44739254948436e-33,3.07469792741617e-32
"AT2G39350",4.68231057711507,1.84968624115854,1.50331131019385e-33,3.18961063545135e-32
"AT1G78240",2.63926771934712,7.49444201208184,1.56468810577874e-33,3.31581117010057e-32
"AT5G15210",-3.20926271391021,3.41959507684082,1.6870714100049e-33,3.57083165388809e-32
"AT4G13110",3.01797627497258,3.9041638498456,1.71154554121624e-33,3.61825280496778e-32
"AT3G13600",3.65173723725956,2.62066104801823,1.72756408811952e-33,3.64770567060308e-32
"AT5G19875",3.04633633303236,3.80623277612053,1.77882175541128e-33,3.7514041917799e-32
"AT4G16140",2.71891293545881,5.79114777216165,1.99646457477512e-33,4.20532411575825e-32
"AT5G11610",-3.87922888115394,2.42534168722957,2.15261213572742e-33,4.52877472550211e-32
"AT5G44390",3.47426590024746,2.85874037621736,2.28332552612039e-33,4.79800242465899e-32
"AT2G37770",3.27677587355038,3.18401015051176,2.34304426312437e-33,4.91758017433415e-32
"AT2G32010",-3.0562784887603,3.79803528083317,2.40089718589275e-33,5.0329598922018e-32
"AT3G23550",3.39390985780362,2.99254879235495,2.43784829001258e-33,5.10429959931616e-32
"AT2G37580",3.22560354251881,3.28674564991381,2.75903521976954e-33,5.7698819075635e-32
"AT5G11060",-2.73736575005054,5.521272034923,2.86702883147722e-33,5.98856213389681e-32
"AT3G19830",2.63025955114143,7.28794624329977,2.88679833932645e-33,6.02266054492175e-32
"AT2G15090",-2.73241147735137,5.52734899182597,3.41610528076998e-33,7.11844679662711e-32
"AT2G20562",3.74204194057753,2.52526126387681,3.69445065735522e-33,7.68929533839778e-32
"AT2G18969",3.23514687053298,3.23341863271924,4.21218459391751e-33,8.75643558328893e-32
"AT5G40210",4.40508781651886,1.95707462891357,4.91830580264539e-33,1.02122019415261e-31
"AT2G41310",-3.04016179520831,3.78371833201275,5.10008494379839e-33,1.0577080079766e-31
"AT2G32930",2.92349811614273,4.14841254715113,5.94455048868811e-33,1.23138123452292e-31
"AT2G22470",2.97071470680762,3.92793415963661,6.38981417366279e-33,1.3220487715757e-31
"AT4G01010",2.8140092294261,4.64191831071898,8.06538275290441e-33,1.66675043344004e-31
"AT3G51970",3.82378524644193,2.39686749403745,8.60440216735507e-33,1.77604206720034e-31
"AT3G28580",5.99546944125388,1.44041155506519,8.99247663477877e-33,1.85395600242733e-31
"AT5G04480",2.61887820381367,6.71004574719798,9.241137563829e-33,1.90297771529355e-31
"AT3G46650",5.58753288343194,1.43993498560208,1.19792343047183e-32,2.46391709822811e-31
"AT5G54490",3.58801322274502,2.60352863883899,1.22039571354207e-32,2.50718898470693e-31
"AT3G07650",-2.6984813960201,5.59480153387742,1.26565421365986e-32,2.59711650439147e-31
"AT3G54810",2.58889617710856,7.90959338256843,1.4441654944779e-32,2.9599466987054e-31
"AT1G71880",2.59328038350722,7.37812010406791,1.65560594410846e-32,3.38933942867075e-31
"AT3G44320",2.89576335964556,4.16040984346296,1.6588804058288e-32,3.39207089299472e-31
"AT1G18300",2.96839393430415,3.88095805113058,1.67326007779223e-32,3.4174773294441e-31
"AT5G57180",-2.78667071001158,4.75322985573417,1.71412179420102e-32,3.49684846301241e-31
"AT1G26945",-4.43024442072096,1.9607505384754,2.01845597070706e-32,4.11289810441394e-31
"AT5G56160",3.09321365939204,3.47618035749395,2.24335179400964e-32,4.56583462336094e-31
"AT4G36850",-3.14326542112632,3.37972597867192,2.53980903817658e-32,5.16319551330712e-31
"AT1G63750",2.71206992519382,5.20691209164436,2.65032889811002e-32,5.38161441645267e-31
"AT3G16400",2.59217390961251,6.90396575604614,2.71472066092292e-32,5.5013114039011e-31
"AT5G10150",-3.16254681054096,3.3385193234912,2.71557040643291e-32,5.5013114039011e-31
"AT3G26980",2.68890735711628,5.46717660457726,2.73829325016638e-32,5.54092371442811e-31
"AT1G25422",5.56416165953582,1.41739351569559,2.84586675780535e-32,5.75194087014e-31
"AT5G03890",5.3201065381472,1.49068876648359,2.85579919086859e-32,5.76535072216576e-31
"AT1G15740",-2.77722315786412,4.75897477098986,2.86701393939056e-32,5.78131542126473e-31
"AT5G60860",2.75150134298902,4.86232109995817,2.90863852291573e-32,5.85849392812623e-31
"AT1G75190",-3.64678195134835,2.57791820931561,3.10669621241409e-32,6.25021517625266e-31
"AT5G04530",-2.84776353850537,4.32574214922093,3.49465501596457e-32,7.02264984415041e-31
"AT2G31010",2.63142829082401,6.18658903046448,3.52787379562355e-32,7.08126493328203e-31
"AT4G31780",2.5609091415427,9.00925498238981,3.75794093221321e-32,7.53441299517014e-31
"AT3G15630",-2.92778677949746,3.9882511946126,3.80342361521416e-32,7.61686770501594e-31
"AT1G54820",-2.67297662222491,5.60004091954792,3.90086966314085e-32,7.80307829756195e-31
"AT5G17850",2.94558521815081,3.88344684682082,3.91711952566044e-32,7.82662864767102e-31
"AT5G38130",7.27044813445614,1.23459258739631,4.00152742641418e-32,7.9861534242008e-31
"AT2G38120",-2.66453677674199,5.68048954125556,4.01278114906315e-32,7.99948150844596e-31
"AT4G31110",4.59746494873504,1.76907079341553,4.30512112572651e-32,8.57248663338002e-31
"AT1G78280",2.59169273514164,6.49718162783528,4.60629704338449e-32,9.16176236740512e-31
"AT2G20180",-3.25630837543509,3.08865750420572,4.66622736825423e-32,9.27041512263507e-31
"AT1G01030",2.85565486027274,4.18720129758551,4.71280249436821e-32,9.35231850272865e-31
"AT5G58120",2.64342618334419,5.86103597593779,5.28667631012866e-32,1.04792473843514e-30
"AT4G30090",3.39253707431968,2.81585239496591,5.39897096081004e-32,1.06897179284079e-30
"AT1G47130",10.2828616092272,1.10847208415944,5.81966408039358e-32,1.15096365517558e-30
"AT1G63860",2.64120527744128,5.8592560993533,5.92741284041187e-32,1.17094868575052e-30
"AT5G24890",-2.83541617479938,4.29425730723303,6.3925919170409e-32,1.26141856078585e-30
"AT5G24430",2.67991416240425,5.32737466825427,6.45216909930981e-32,1.27173926001391e-30
"AT1G66180",2.61349952590335,6.2077700387045,7.54565549442919e-32,1.4855934122647e-30
"AT1G61255",5.10043198767294,1.53322587353549,7.67015289693026e-32,1.50840588410609e-30
"AT4G14540",-2.70640539319841,5.03426645399974,1.02644735528368e-31,2.01633473173311e-30
"AT2G38290",2.61905448981454,6.00396790371967,1.07517030055951e-31,2.10967478840425e-30
"AT2G30250",2.63341928693735,5.7506364684041,1.0841795559043e-31,2.12496762061378e-30
"AT3G26280",-3.78238795928538,2.33590752381228,1.2155375447186e-31,2.37975844281246e-30
"AT3G54030",2.63862878500911,5.61994538168584,1.3610996294394e-31,2.66175669144172e-30
"AT2G03760",2.84541551815304,4.11622707831442,1.8228686592639e-31,3.56080589607941e-30
"AT4G04540",4.5356713527516,1.73534077895171,1.87581917904359e-31,3.66015030214499e-30
"AT1G03080",2.53666437322484,7.78718238896447,1.99191340563805e-31,3.88234359763323e-30
"AT4G17240",2.6903773554852,4.99689497303601,2.17110202561233e-31,4.22687936679069e-30
"AT5G52020",10.2469136285485,1.07324751138704,2.21053382399404e-31,4.29886127306873e-30
"AT4G27950",3.43697595081495,2.65636093878337,2.47592522913771e-31,4.80962230900162e-30
"AT4G00950",-3.0459010821164,3.4381914967378,2.70116836990164e-31,5.2413459057703e-30
"AT4G18440",2.52113384155353,8.76819180428599,2.81295954438108e-31,5.45221415902598e-30
"AT3G01820",2.59958513753265,5.93797441048825,2.92404593780435e-31,5.66125084503138e-30
"AT5G61590",-2.75056305941768,4.53172171323746,3.57744954941205e-31,6.91864496375785e-30
"AT3G61920",3.25877702204242,2.92437787535953,4.40663971271494e-31,8.51284885054092e-30
"AT2G41430",2.50426382064569,10.2957759528021,4.85950963521443e-31,9.3773517607565e-30
"AT5G17860",2.91713093628078,3.72923548535833,4.98109901191484e-31,9.60138412627421e-30
"AT1G79310",10.2146683821513,1.04166795036854,6.08665720281778e-31,1.17194964622096e-29
"AT5G39785",2.87018499288805,3.85041983971368,6.15096088987514e-31,1.183028044419e-29
"AT4G11360",-3.89010983163459,2.17712134849489,6.48352792906628e-31,1.2451174952466e-29
"AT1G15430",2.77800701560542,4.26713116619858,6.48802858874138e-31,1.2451174952466e-29
"AT1G25220",2.56418797736447,6.25763299614148,7.08908446562128e-31,1.35897438281203e-29
"AT3G57040",-3.19302473856434,3.03169586887593,7.78248749546178e-31,1.49026537659538e-29
"AT4G22470",10.2047659110053,1.03197315999329,8.55089088816927e-31,1.63561515752586e-29
"AT1G74420",5.03296877741813,1.46867503571094,9.29282896806284e-31,1.77559047922014e-29
"AT4G29950",2.51145802070729,7.29648278357239,9.38976441568699e-31,1.79215339824733e-29
"AT5G05440",2.84601839623335,3.89362745197918,1.10315003629263e-30,2.10320306265038e-29
"AT1G79680",10.1942773846428,1.02170629278845,1.20268627939291e-30,2.29047540551483e-29
"AT2G37620",2.55362703698505,6.19403875271959,1.24147990533666e-30,2.36178380685536e-29
"AT1G02270",2.54369389492552,6.32341398250066,1.5187175617573e-30,2.88605860132639e-29
"AT1G76970",2.59445330666793,5.49859950748853,1.56126766175737e-30,2.96369625738372e-29
"AT4G01700",2.63833421280125,4.9957875466555,1.83071145690979e-30,3.47140221270649e-29
"AT1G60190",3.24620337614912,2.85903883710423,1.8541412626955e-30,3.51202076876548e-29
"AT1G01340",2.69231113970403,4.5961166544125,1.9061816910785e-30,3.60668555250276e-29
"AT1G74380",2.49060792926979,7.44164638318764,2.29139946859182e-30,4.33086885506927e-29
"AT3G53250",-5.75008563916358,1.29827820832962,2.41524140752872e-30,4.56000707643894e-29
"AT5G55930",2.67907718289453,4.62865633687915,2.47832318655967e-30,4.67405871312003e-29
"AT3G62720",2.53117042312939,6.29922055448996,2.86024616784544e-30,5.38854350780623e-29
"AT3G21320",10.1645138213541,0.99258130833787,3.37024776856389e-30,6.34252333022633e-29
"AT1G10410",2.5524377830801,5.80095147085761,3.84000766298846e-30,7.21880150236853e-29
"AT5G22380",4.05746227268393,1.92443205593874,3.94696855534803e-30,7.41190668669706e-29
"AT1G61380",2.58760069449399,5.31208982747307,3.98469126434614e-30,7.47471645649824e-29
"AT3G20820",-2.55853672396233,5.7501030909447,4.03284278498192e-30,7.5569335916226e-29
"AT1G74010",4.47524728614967,1.65338916091529,4.89926234122969e-30,9.17064277427395e-29
"AT2G38530",5.1795221460925,1.35582126886008,5.01470687524531e-30,9.37669735827954e-29
"AT3G05660",2.60704841062106,5.04451472410295,5.94257071020073e-30,1.10997824494059e-28
"AT5G58620",2.6022825076341,5.08943541949935,6.08766602040875e-30,1.13586622235652e-28
"AT3G23810",2.45549653388273,9.0527480397611,6.23330924382578e-30,1.16180112483802e-28
"AT1G56600",4.29956691869126,1.74461331402693,6.31336344520845e-30,1.1754689362362e-28
"AT3G22890",2.45545294217195,8.88367686892175,6.50859393848744e-30,1.21052923219762e-28
"AT1G29910",-2.45067536560196,10.0266567010145,6.72608540591863e-30,1.24965091553321e-28
"AT1G17940",2.54998456543233,5.64917482444118,6.77430879814368e-30,1.25727431760028e-28
"AT1G68440",2.57366351708045,5.34473921527672,7.35420614366439e-30,1.36345266182062e-28
"AT4G19520",2.45869481093075,7.9447640096095,7.82753784262865e-30,1.4496699587148e-28
"AT1G58200",2.46502244455819,7.40859540743873,7.95422713012867e-30,1.47157410493164e-28
"AT1G06520",4.81486494620533,1.47555409278501,8.27160523098839e-30,1.52867308935909e-28
"AT4G17500",2.63571408009573,4.72035044604556,8.57303776892094e-30,1.58270770130987e-28
"AT5G01040",3.1386057154696,2.96749002612982,8.9158688932912e-30,1.64426303651276e-28
"AT2G27050",-2.52239275585805,6.01739701010201,8.94481329913177e-30,1.64786270715196e-28
"AT4G03420",2.62772678907082,4.7701056137728,9.66262765119881e-30,1.77822862343062e-28
"AT4G34220",-2.62745092356107,4.80855110725315,1.04439143846453e-29,1.91998901353053e-28
"AT5G10720",5.40704010080384,1.26621716932616,1.10956139804543e-29,2.03551541679204e-28
"AT5G59310",5.40703136364737,1.26620878127609,1.10956139804543e-29,2.03551541679204e-28
"AT3G46930",2.88526926278489,3.53205223351822,1.1607743884084e-29,2.12723465749937e-28
"AT5G57150",2.57192872163084,5.23341311110589,1.17246353413513e-29,2.14640627929681e-28
"AT2G32540",-2.74611387053718,4.08026987501953,1.27871217718494e-29,2.33846495750255e-28
"AT4G04840",2.46368577958629,6.90871592397228,1.28952784278861e-29,2.35578007058237e-28
"AT3G22160",3.1433811595628,2.92320499058167,1.39697421374627e-29,2.54940502911546e-28
"AT1G04220",3.80482111178675,2.0754917474174,1.45292166410844e-29,2.64874134031365e-28
"AT1G69530",-2.4551842746431,7.26127262635923,1.48539228890048e-29,2.70511597779658e-28
"AT3G24420",2.99929395526894,3.20117199676826,1.62060918500975e-29,2.9452297791447e-28
"AT3G12580",2.66674915263249,4.43912438560833,1.62060919037762e-29,2.9452297791447e-28
"AT5G66070",2.75682584951075,3.97462696625327,1.75943223537462e-29,3.19420080696307e-28
"AT2G47140",4.44492861027265,1.62477699624654,1.7668133101436e-29,3.20427355821997e-28
"AT1G05675",3.43209590677358,2.41988636972902,1.9938611254741e-29,3.61229782970609e-28
"AT5G10750",2.51821950219225,5.75706198896386,2.04857344400445e-29,3.70757862541716e-28
"AT4G37530",2.84859018153084,3.60634250431089,2.11444731446355e-29,3.82284202675969e-28
"AT5G23850",2.58022831626362,5.02153755740392,2.13155040635669e-29,3.84978261924937e-28
"AT1G19320",4.53965721426623,1.5662705018706,2.25538109260311e-29,4.06922885882148e-28
"AT3G03480",4.01185296453684,1.88192773248046,2.36260660260436e-29,4.25829394158062e-28
"AT4G11890",2.74214564981018,4.0172021759076,2.37006274087182e-29,4.26733335722576e-28
"AT1G04240",2.49150420174654,6.12136046898279,2.65272767142144e-29,4.77136192175524e-28
"AT5G45110",2.44733994545161,6.73025229379807,3.3528539462622e-29,6.02445483478951e-28
"AT2G45850",-2.71526803266041,4.10632519126363,3.48374696571937e-29,6.25321850119833e-28
"AT2G36430",-2.69431750902014,4.22861005144695,3.85381368803619e-29,6.91038202132684e-28
"AT3G46700",10.1000802493707,0.929579936593441,3.89339037944364e-29,6.97419508235791e-28
"AT1G31550",2.50355631897865,5.74169748544213,4.20509932003993e-29,7.52484661333245e-28
"AT2G18090",2.4517469856265,6.36397484796136,4.30173886339194e-29,7.6899080315625e-28
"AT2G29300",-3.60515755149008,2.23969645555573,4.33435976967787e-29,7.74030764589154e-28
"AT3G50480",2.43690365859385,6.95642447838814,4.34897502013877e-29,7.75848268133531e-28
"AT5G51560",-2.64597973246209,4.42101893745918,5.30087842113813e-29,9.44701910670316e-28
"AT5G54940",2.41076309408536,8.82453913616037,5.55646192724356e-29,9.8924260564154e-28
"AT1G62840",3.81119892812496,2.01211713392952,5.92316861830202e-29,1.05345632709842e-27
"AT4G35550",2.50832770785047,5.53141336529506,6.09690034707066e-29,1.08325313788452e-27
"AT2G17480",2.46309668456193,6.30655438180774,6.11982721158345e-29,1.08622273238694e-27
"AT4G21910",2.41802915988983,7.65774245096476,6.27275544361286e-29,1.11223715436799e-27
"AT1G68690",2.83455940509691,3.54184425843706,6.45141464842631e-29,1.14275665955863e-27
"AT2G41180",-2.70165586110656,4.10700190014085,6.61750318329062e-29,1.17098996106751e-27
"AT3G57880",2.48796105069673,5.79761081976973,7.12702433893766e-29,1.25987630452626e-27
"AT3G15200",3.63484374580397,2.16686281401314,7.73759550952882e-29,1.36642810397063e-27
"AT4G34138",-2.62117900648964,4.50852878910728,8.23008414829159e-29,1.45193300872434e-27
"AT3G25610",2.53020951335829,5.19951120472899,8.93681817122933e-29,1.57502411378631e-27
"AT2G43520",2.80584571858774,3.61941502153817,9.03570521258906e-29,1.5908482802789e-27
"AT4G03190",-2.94799434005707,3.2442632564843,9.58950042197447e-29,1.68665227240825e-27
"AT5G01760",5.74684968073165,1.20001672431157,9.75602307294797e-29,1.7124954958268e-27
"AT5G06760",5.74121774034908,1.19458837329651,9.75602307294797e-29,1.7124954958268e-27
"AT5G56550",-3.14261702949375,2.82836175188989,9.86641152808719e-29,1.73013513285405e-27
"AT5G65730",-2.46249236498263,6.15270106999479,1.01136755598216e-28,1.77171733278918e-27
"AT5G06530",2.42837990786997,6.53417396200655,1.02149569553706e-28,1.78766859310053e-27
"AT1G71970",-3.39342878881702,2.47544631921695,1.07697647330923e-28,1.88287796828652e-27
"AT5G25810",6.21400406793538,1.10595993074415,1.12775586352636e-28,1.96968589031283e-27
"AT1G52190",-2.5535627752151,4.96561475909018,1.13898961452529e-28,1.98732090127201e-27
"AT2G25900",-3.17438266545132,2.76973715193392,1.18555318452844e-28,2.06650312314164e-27
"AT1G61667",2.71968702611371,3.91395003292889,1.20132876596227e-28,2.09191541985243e-27
"AT2G33050",-3.08754880946486,2.91239860977092,1.20991225707985e-28,2.1047657702017e-27
"AT4G39980",2.39860363243009,8.04357076605914,1.28777641798498e-28,2.23799156219e-27
"AT5G52882",2.39012437543186,8.77503523439884,1.49181517717072e-28,2.59001040143751e-27
"AT3G22740",3.53871889144336,2.24022730993959,1.55919224712086e-28,2.70430139448551e-27
"AT1G66600",10.0561273964756,0.886644483876496,1.62021973162136e-28,2.80736388185692e-27
"AT1G76110",-2.60536734413295,4.4981179225736,1.82372010835563e-28,3.15684145092886e-27
"AT4G32020",2.38499339292937,8.72058975298641,1.92718412695452e-28,3.33263700213115e-27
"AT4G27940",2.71194975117717,3.87949240701564,1.9577399422583e-28,3.38213116704564e-27
"AT1G78450",-3.83375963856768,1.97631700217925,2.10801461012184e-28,3.63814604430011e-27
"AT1G33790",4.01383631391122,1.79247786809492,2.16381635854806e-28,3.7307693684907e-27
"AT4G34131",3.29167542484637,2.48871154822465,2.28652663242528e-28,3.9384576467676e-27
"AT5G60350",10.044664940781,0.875452909761239,2.32161355483412e-28,3.99495765542961e-27
"AT5G22690",2.48495500989853,5.41156753598826,2.54189035970824e-28,4.36970198218084e-27
"AT5G15580",-2.70101001355694,3.92945754403205,2.70416671593805e-28,4.64410085410068e-27
"AT5G01840",3.69152987886128,2.03718907477328,3.20432580044778e-28,5.49766712161222e-27
"AT4G39890",2.89900923924281,3.22041434244003,3.67967963840402e-28,6.30704305080564e-27
"AT4G14620",-3.03072508417186,2.93657226406001,4.36407594942587e-28,7.47278548715107e-27
"AT2G15760",3.06428063654846,2.8527604080218,4.39685273320373e-28,7.52154367266152e-27
"AT1G78460",-2.84824594713385,3.3641677433245,4.70484766207228e-28,8.03918303771382e-27
"AT1G77420",2.54627525752827,4.6935178515795,4.70864464372187e-28,8.03918303771382e-27
"AT2G24330",2.45226150099778,5.63476935366943,5.19611846458364e-28,8.85502210313062e-27
"AT1G08200",2.36142724033544,9.21353866828522,5.19662110496598e-28,8.85502210313062e-27
"AT5G26770",2.52241419207747,4.86198201470164,5.39238583778731e-28,9.17965741013005e-27
"AT5G66675",2.43221779424948,5.8897763379469,6.16917634940122e-28,1.04918005949982e-26
"AT1G17340",2.42715545786117,5.99377609374673,6.4797674396413e-28,1.10093074973031e-26
"AT1G15260",-2.51955961819658,4.82108670052082,9.07487503468173e-28,1.54034990515865e-26
"AT2G38400",2.42979287187516,5.76390347264302,9.4853222211398e-28,1.60845672543343e-26
"AT5G47390",-2.81242706134852,3.44138510736361,9.72254076073165e-28,1.64708507868092e-26
"AT5G17460",2.67459953694183,3.86538692715188,9.88143918126482e-28,1.67238336114282e-26
"AT2G36640",9.99891693603925,0.830809491144912,9.91738886405325e-28,1.67684438597914e-26
"AT2G17290",2.41561519889523,5.97964501426669,1.05555349259409e-27,1.7830185228041e-26
"AT5G25130",-3.02987539246812,2.86131316830991,1.35253208819858e-27,2.28246317548029e-26
"AT5G52750",2.55261913503811,4.46729380838442,1.35721992782449e-27,2.28816547716061e-26
"AT2G13790",2.35176726323321,7.65475770137451,1.38626550260199e-27,2.33488244527848e-26
"AT1G07870",2.62910157356433,4.00733606167873,1.40240065188296e-27,2.35978542799517e-26
"AT5G02940",2.33869961293305,9.60544034612586,1.40630379476364e-27,2.36407781190892e-26
"AT4G12040",2.37860869104167,6.2829327378852,1.40946328784207e-27,2.36711303182929e-26
"AT2G32250",2.44205765300184,5.43841768524854,1.46268709298497e-27,2.45414188547564e-26
"AT4G24370",2.634441403508,3.988096373482,1.67643883156631e-27,2.8100843808508e-26
"AT5G37550",4.41943902155141,1.45291014733784,1.72695554358649e-27,2.89198886671672e-26
"AT1G13260",2.41590539100845,5.75695982841695,1.78929080459744e-27,2.99350919969158e-26
"AT1G68190",-2.74731009421904,3.56688258991799,1.7959337817213e-27,3.00175050724985e-26
"AT3G01550",2.46213623997062,5.14081474164467,1.80905854551138e-27,3.0207994795774e-26
"AT2G41380",3.6150742436405,2.03023430606872,1.98247068278409e-27,3.30720753312158e-26
"AT1G25400",2.60304931389391,4.10729448190374,2.05436416972064e-27,3.42387500278608e-26
"AT1G80440",-3.48423316466346,2.17689510589319,2.1486001736376e-27,3.57752160340059e-26
"AT4G01460",-2.86966311726078,3.19403297722566,2.23010181208634e-27,3.70969267180832e-26
"AT5G54630",-2.62222993650911,4.02415694766169,2.51584513207321e-27,4.18103806502243e-26
"AT2G30870",2.32631019792435,9.46775484118761,2.5531144805727e-27,4.23894591299644e-26
"AT2G40460",2.45934527824431,5.10019527218708,2.58518515847839e-27,4.28812069503583e-26
"AT5G18400",2.38806735757326,6.10965805317926,2.65699833726103e-27,4.40306179434451e-26
"AT1G24530",2.6670544512913,3.76933678889769,2.68913581434317e-27,4.45209862141683e-26
"AT2G30424",-3.60781577784068,2.05278168480883,2.82074082571626e-27,4.66556403557213e-26
"AT5G49280",2.4944043984417,4.73256072567389,2.8669388637882e-27,4.73749453266627e-26
"AT1G28670",-2.46954324475896,4.9890348766729,3.0142539530681e-27,4.97622302752499e-26
"AT3G53180",2.33572685148698,7.5126239880119,3.15316724842121e-27,5.2006436796366e-26
"AT1G33110",2.39763688185738,5.84283084839469,3.26571988605214e-27,5.3812045964043e-26
"AT1G80180",-2.47254670878668,4.93020506636943,3.45485026584548e-27,5.68445005726173e-26
"AT1G67750",-3.59781795273309,2.04367633454497,3.45625488238244e-27,5.68445005726173e-26
"AT4G38810",2.34540933575584,6.80077425299199,3.50125065733781e-27,5.7530418460749e-26
"AT1G64720",-2.32761589912462,8.07771751943469,3.54417808421918e-27,5.81810943158722e-26
"AT5G54160",2.33260354270354,7.43865694886808,3.80902340344907e-27,6.24701277321765e-26
"AT3G15570",-2.4590886527829,5.02944517883045,4.29198790079998e-27,7.03250463633421e-26
"AT4G01575",3.62338979914706,1.97472241619008,4.82539997488925e-27,7.89910746825738e-26
"AT1G70480",2.37697280220342,6.05087106784644,5.06218504638855e-27,8.278969239103e-26
"AT1G66880",2.36630089074243,6.20956070470554,5.86898136943429e-27,9.58947675531025e-26
"AT2G12400",2.50480746260036,4.54374699968168,5.9370849859453e-27,9.69169531365842e-26
"AT2G47550",9.94395151691185,0.777222245688311,6.27920836431585e-27,1.02406156560946e-25
"AT3G05490",2.3689699818518,6.08770478890012,6.59409767772954e-27,1.07441388350182e-25
"AT4G15975",3.44353323620121,2.15363125618649,6.74430485905396e-27,1.09786482170242e-25
"AT3G28040",-2.36475614998298,6.20739566566778,6.97683658694923e-27,1.13466078185705e-25
"AT1G26450",3.23785582292561,2.36523050454826,7.41643516101817e-27,1.20503286171079e-25
"AT1G05420",5.28872730567532,1.15283259545867,7.6151168124403e-27,1.23616608386159e-25
"AT2G44740",-2.97990587028547,2.87216689372114,7.73957790403078e-27,1.25520445729286e-25
"AT5G36220",2.43711911017702,5.04395668601203,8.04438063745017e-27,1.30342823618667e-25
"AT3G07195",2.63033207497941,3.80794714019513,8.07493175414683e-27,1.30716696164582e-25
"AT4G15280",6.91204491417767,0.885917016033393,9.42042043956991e-27,1.52356346480112e-25
"AT4G30470",2.35649564053785,6.16594824839772,9.49170723973053e-27,1.53367391563964e-25
"AT1G76980",2.88315662263442,2.99715284575118,9.86160426054082e-27,1.59197070440476e-25
"AT1G76580",2.32030849121666,6.8904052154147,1.01098075103479e-26,1.63053288471782e-25
"AT1G27910",2.38208883779732,5.65538292148143,1.0154132509329e-26,1.63617233788571e-25
"AT5G64330",-2.49167636574872,4.55710613033689,1.03956024361998e-26,1.67353883418123e-25
"AT1G56510",2.30767791294852,7.67440750913782,1.04204778417184e-26,1.67600012977703e-25
"AT5G43620",3.07091714534636,2.61743603820328,1.08944153778305e-26,1.750616397524e-25
"AT5G48450",2.43080237295213,5.03127568964093,1.1128211931164e-26,1.78654296779192e-25
"AT5G07100",3.37243500271044,2.19726914565104,1.17915718003011e-26,1.89130320903362e-25
"AT3G06490",6.08411430668256,0.980480659800979,1.2114890497934e-26,1.94138066521889e-25
"AT1G62975",4.3635202049883,1.40037551717542,1.22129602933883e-26,1.9545858452044e-25
"AT3G16520",-2.38482676954545,5.61386498809578,1.2219655258299e-26,1.9545858452044e-25
"AT3G54990",2.97016322832377,2.81803002817316,1.22718393472059e-26,1.96113864083364e-25
"AT3G02570",2.29346226605512,8.81813238864668,1.31795471009227e-26,2.10427417320029e-25
"AT1G02405",6.90128500370711,0.875490284849712,1.345526464606e-26,2.14633569167031e-25
"AT1G76690",2.53449037125719,4.1830268266352,1.43496841099256e-26,2.2869236763339e-25
"AT3G54640",2.31132074797327,6.89798447374552,1.51009424628781e-26,2.40446062913021e-25
"AT4G28290",2.85064149663494,3.03275384817433,1.6118249705475e-26,2.56410700273722e-25
"AT1G18200",4.01757829430361,1.5946253625807,1.631837346674e-26,2.59358293926377e-25
"AT2G45590",-2.41214186650254,5.17062219623785,1.65630132561345e-26,2.63007412131698e-25
"AT1G33610",2.42065178703168,4.98495387687275,1.94408940785021e-26,3.0842572701856e-25
"AT1G19580",2.31597728088539,6.35203985211487,2.19504014488036e-26,3.47922818249712e-25
"AT2G37980",3.34492229935988,2.20933576400651,2.2179254894169e-26,3.51231805538729e-25
"AT1G20823",2.55118154972712,4.03934657327704,2.29191647758846e-26,3.62620595273114e-25
"AT1G69780",-3.15491222561961,2.49269111406304,2.32372151190485e-26,3.67320282031035e-25
"AT1G42990",2.33900091210688,6.02930240969121,2.66637668232128e-26,4.21104458329025e-25
"AT1G18210",2.30578534266955,6.55967844568632,2.71277848158748e-26,4.28046084779729e-25
"AT3G55050",2.35897092984637,5.65087542217721,3.03637020665637e-26,4.78673222028615e-25
"AT4G28085",3.77695102962397,1.75027424584718,3.10824851055577e-26,4.89563141531951e-25
"AT5G44260",-4.46378602829475,1.42547005421452,3.16052335585461e-26,4.97348603333988e-25
"AT1G67050",-2.72414475549972,3.37180410581376,3.17716704485577e-26,4.99518088536093e-25
"AT5G13930",2.36095872097322,5.57283847666358,3.2364419127791e-26,5.08380179345165e-25
"AT3G53620",2.40493231170476,5.03526486938535,3.29850236163949e-26,5.17663525929473e-25
"AT4G15610",4.45161381112127,1.31842143042988,3.30397620107963e-26,5.18057541914576e-25
"AT3G22840",3.68294371245538,1.82137586737939,3.42461863310667e-26,5.36174847219124e-25
"AT3G06145",-3.10336273452336,2.54981988187071,3.42565523276189e-26,5.36174847219124e-25
"AT3G45640",2.27606195280252,8.18945829575491,3.513885825849e-26,5.49492539296226e-25
"AT4G19380",-3.31295231908156,2.27178554558808,3.78768603921568e-26,5.91779401462088e-25
"AT5G42750",-2.63233476042988,3.65264731262123,3.8589519816553e-26,6.0237551335071e-25
"AT3G23920",2.28762921224052,7.03356317337347,3.93454382610493e-26,6.1362738369128e-25
"AT3G30180",-2.53994443839537,4.0683267211827,3.99872703334057e-26,6.23081503778015e-25
"AT4G16600",9.87772269123559,0.712731116186688,4.11776609867135e-26,6.40842361878079e-25
"AT3G10720",2.27453520612448,7.95997267264914,4.12004126723652e-26,6.40842361878079e-25
"AT1G72240",3.19097920296341,2.32327456512439,4.92274593475108e-26,7.65016597131139e-25
"AT1G79700",-2.98275029804992,2.71406072059075,5.14659484479676e-26,7.99093407385272e-25
"AT5G10625",5.23156981619145,1.09820571953854,5.17475678633313e-26,8.02753086916256e-25
"AT1G76890",-2.45128991527574,4.52865734651578,6.02696395562911e-26,9.3412598259099e-25
"AT3G16510",2.66695294536451,3.44871698147487,6.11127985028192e-26,9.46355231377137e-25
"AT5G59790",2.49871192125375,4.16682682788066,6.41898506812597e-26,9.92627550726293e-25
"AT2G46710",-2.44512385902101,4.58442286596907,6.42144803449887e-26,9.92627550726293e-25
"AT3G02510",2.36144542755237,5.34571164036379,6.48693661134099e-26,1.00186495385225e-24
"AT5G43745",2.27456962167328,7.1380864957997,6.543018585908e-26,1.00963454490229e-24
"AT1G01650",2.28673853702099,6.52292429988998,6.64208875447885e-26,1.02401796908778e-24
"AT4G27970",5.22075447786575,1.08788066947037,7.14680449055959e-26,1.09989069461667e-24
"AT2G28650",4.90785854053614,1.09691378714691,7.14680449055959e-26,1.09989069461667e-24
"AT3G26510",-2.44516529447231,4.56280792787915,7.26770822626202e-26,1.11751400984819e-24
"AT1G66140",-3.06727977980935,2.55058965934031,7.44321039615412e-26,1.14349426499088e-24
"AT1G44100",2.29136833663816,6.25715418511485,7.4704191336707e-26,1.146666705127e-24
"AT5G65380",2.27696558302947,6.82778386135383,7.57093305093594e-26,1.1610756362238e-24
"AT1G31130",2.26630673960915,7.36178816030684,8.15147647848076e-26,1.24901194805678e-24
"AT5G67090",3.24536999603501,2.20888135810838,8.54843082168173e-26,1.30868840679038e-24
"AT5G43700",-2.38523350812528,5.03964535947678,8.67391393961999e-26,1.32673698518265e-24
"AT5G06860",2.34211228304671,5.52481304449051,8.82959820084672e-26,1.34936945231996e-24
"AT1G76930",4.2053841314778,1.40000967890956,9.63620484133641e-26,1.47135169642869e-24
"AT1G30720",5.21087879480079,1.07845591492091,9.88040645922896e-26,1.50732239203054e-24
"AT3G18320",-3.38508245149081,2.08735779474097,1.02008542341318e-25,1.55485208871252e-24
"AT5G12950",-2.34792211366091,5.40547305047544,1.08776247649475e-25,1.65656370875939e-24
"AT3G27960",2.26960656588636,6.6341327636561,1.26782624805025e-25,1.92910411615861e-24
"AT5G28770",-3.28184214075117,2.24389380554058,1.32622100404852e-25,2.01620189685047e-24
"AT5G09980",6.0080378660158,0.907184262843262,1.36533593642228e-25,2.07386343844229e-24
"AT1G35230",5.20076369222367,1.06880589869977,1.36735485900563e-25,2.07512717013849e-24
"AT1G21680",-2.25981122318,6.97763527886963,1.50328506498254e-25,2.27943909723241e-24
"AT5G60270",2.35165149037688,5.2016533947768,1.51645377081295e-25,2.29741432193439e-24
"AT4G39840",2.25042246796238,7.49811690017026,1.53459828437774e-25,2.32289019963429e-24
"AT5G41610",3.44031475161791,1.98958260054572,1.54099259417372e-25,2.3305513429013e-24
"AT2G18160",-2.32082536492073,5.67347744922434,1.54804843996453e-25,2.33919886567847e-24
"AT3G53950",-2.87017285381075,2.84315485496271,1.64865408373406e-25,2.4890690281453e-24
"AT1G21120",3.14462141729304,2.32002799126693,1.70453272939939e-25,2.57121188162981e-24
"AT3G45040",2.35088171300055,5.16219137156655,1.72726070441924e-25,2.60324990477255e-24
"AT3G26230",-2.48490929807176,4.1243346285525,1.96832427959799e-25,2.9640149336961e-24
"AT5G07920",2.36704067833119,4.94476175285295,1.9799276048299e-25,2.97892205811025e-24
"AT5G42570",2.29780872367612,5.93290709938107,1.99404627397817e-25,2.99758478142393e-24
"AT5G24380",2.2694406921638,6.24727795535434,2.0034066020229e-25,3.00906852432701e-24
"AT2G45680",2.2604296943092,6.58573507128361,2.00568342832832e-25,3.00990243583381e-24
"AT2G22300",2.24951090514136,7.12610367090518,2.03056094731578e-25,3.0446223878149e-24
"AT4G23140",3.03549201008738,2.5115288777205,2.16405373664409e-25,3.24200098352601e-24
"AT5G28830",2.57099968757417,3.65588598795639,2.1840586723905e-25,3.26916932957218e-24
"AT1G17745",2.2659699771177,6.22819123169226,2.39538030980856e-25,3.58241522295834e-24
"AT5G11070",-2.34971301927375,5.11670022410977,2.44062808139298e-25,3.64570719062914e-24
"AT4G02170",6.80973676866617,0.786884964131058,2.44187102912928e-25,3.64570719062914e-24
"AT5G20250",-2.25232191765393,6.78202969269278,2.49895255076056e-25,3.72774636902277e-24
"AT1G25440",-2.24245312918268,7.27406079733678,2.60765153743254e-25,3.88657901354928e-24
"AT1G30755",2.35664789862137,5.00254480555079,2.68697917688979e-25,4.00140178446032e-24
"AT2G17500",2.30263215587947,5.68700098769302,2.8310610049375e-25,4.21237783398487e-24
"AT3G49220",2.23173182306917,7.90548267323639,2.90386635856404e-25,4.31703193424959e-24
"AT2G46550",-2.41634690382308,4.52200535762705,2.92745488321499e-25,4.34840218549258e-24
"AT4G27500",2.22418652263815,8.85817276993363,3.02983740014149e-25,4.49665936049861e-24
"AT2G30490",2.23243534799257,7.6760407212605,3.12592996715141e-25,4.63533788089127e-24
"AT1G80650",-2.73871660567782,3.11645049831957,3.29910138245749e-25,4.88798215843256e-24
"AT3G15500",5.50716824390481,0.969756846137738,3.43610889606317e-25,5.0866631524024e-24
"AT3G26830",4.51276975493915,1.18982455618377,4.2154809604848e-25,6.23513144096073e-24
"AT4G01450",-3.18458524799768,2.28813623538465,4.83958681636983e-25,7.15219749032914e-24
"AT4G35720",6.78268585690461,0.760741830773769,5.10746830574405e-25,7.54171185720635e-24
"AT2G23680",2.35869815293659,4.78428329418175,5.43186303571746e-25,8.01394611421505e-24
"AT3G26932",-3.21753386507044,2.18643590241337,5.58303929564661e-25,8.23004013539542e-24
"AT1G65486",2.45875934041635,4.07144682782458,5.82053096996168e-25,8.5729016805257e-24
"AT5G25250",2.57627389173337,3.55182506282648,5.95792880553213e-25,8.7678846218113e-24
"AT1G71100",2.38305056042004,4.58054854677927,6.04878280605595e-25,8.89410174922424e-24
"AT3G13100",2.7054227825901,3.11944146288364,6.14216460029514e-25,9.02382047957647e-24
"AT1G67590",-2.91180460205206,2.6789501533148,6.24501295863215e-25,9.16721759494256e-24
"AT3G55640",2.33040633112888,5.00907653025638,6.92057221996628e-25,1.01503661175898e-23
"AT3G16720",2.31194455463282,5.22992736751669,6.9380147925793e-25,1.01674193309861e-23
"AT4G34590",2.22595252666598,6.83912481649406,7.26042970607743e-25,1.06309960260764e-23
"AT5G62020",2.63765949968863,3.27517791173027,7.82882195721194e-25,1.14536647931328e-23
"AT3G09440",2.19923601338179,9.30535885013078,8.51767462174207e-25,1.24510456030031e-23
"AT1G56580",2.21136757074417,7.53922188417569,8.57154224937309e-25,1.25193210648112e-23
"AT5G21170",-2.56157492359597,3.58059547688621,8.72583865983209e-25,1.27340431794528e-23
"AT2G01505",-3.3641271552501,2.00605553173651,8.79355060007135e-25,1.28221555580523e-23
"AT4G08040",3.78551253819332,1.58134039901291,8.8301834244451e-25,1.28648414007978e-23
"AT5G54165",9.77286886282502,0.610810619291084,9.00946426773567e-25,1.31151093915756e-23
"AT4G37080",-2.26473330277145,5.94893028490906,9.09199951542327e-25,1.32242452186477e-23
"AT1G62300",2.42238353184628,4.21753893802296,9.45231053437744e-25,1.37368865396942e-23
"AT5G57780",-3.11042640209815,2.34235932902684,9.55016272275408e-25,1.38675660200922e-23
"AT3G10020",-2.35972096016001,4.7104984421495,9.57976736340066e-25,1.38990101920609e-23
"AT3G44190",2.25726403882993,6.01913689861973,9.63074612136254e-25,1.39613875986552e-23
"AT5G18650",-2.31992164081049,5.09031142810623,9.7218625835025e-25,1.40817997967999e-23
"AT4G30460",2.83104883303412,2.78870143263972,1.0280384425486e-24,1.48784735853288e-23
"AT3G15790",2.25735784018231,5.95280773997668,1.10032824664139e-24,1.59115291447737e-23
"AT1G56650",3.83555502321749,1.53009550188601,1.26649446562875e-24,1.8299274993874e-23
"AT4G39230",2.7152103003232,3.02544826874044,1.28250856359222e-24,1.85153569093995e-23
"AT1G09930",9.75931942019182,0.59765727298878,1.33409374733776e-24,1.92441922316056e-23
"AT2G15490",5.45563806226034,0.920468559342424,1.35155696797194e-24,1.94800251204068e-23
"AT1G19450",2.25871887039511,5.77615519142658,1.44468560768548e-24,2.0805138780202e-23
"AT4G14400",-2.18425981450525,9.54058870368927,1.61607274333028e-24,2.32541561906529e-23
"AT1G10150",-2.56858283530934,3.49014774435669,1.68518514241413e-24,2.42286939513374e-23
"AT5G63490",2.27144419914862,5.4886029382732,1.74987654249329e-24,2.51381196322187e-23
"AT5G13800",2.20168010269858,7.0584748490814,1.77808869848607e-24,2.55224340850837e-23
"AT1G72820",-2.6628860067694,3.1711568669208,1.80124180691973e-24,2.58335607140096e-23
"AT3G11820",2.20154243408279,6.9545150279079,1.93532474193122e-24,2.77338380845767e-23
"AT1G33240",-2.21632515635476,6.3310254857181,1.9881371728337e-24,2.84673236631053e-23
"AT2G42150",4.46233221413941,1.14246173656506,1.99650850846083e-24,2.85637956247305e-23
"AT1G19310",2.35466319756539,4.55680149973251,2.00096031563323e-24,2.86040794752377e-23
"AT3G49790",-3.27805540371279,2.04513927556842,2.04249714327621e-24,2.91740012711584e-23
"AT5G01730",2.28349232533716,5.2800662685517,2.04907545463112e-24,2.92440703455639e-23
"AT2G22890",2.54164811991012,3.54446196277852,2.09827129546867e-24,2.99217594279599e-23
"AT1G68840",2.27227076717004,5.40003484194883,2.12422907361358e-24,3.02672346324256e-23
"AT1G14120",4.33023361513895,1.2046314740892,2.15967847823254e-24,3.07472791815468e-23
"AT1G45616",3.88037365595962,1.46702940473969,2.3751126548658e-24,3.37868954800804e-23
"AT3G51440",2.74254631990622,2.88021807571844,2.5376279996977e-24,3.60693905030203e-23
"AT1G22190",2.23180388530325,6.05703240792967,2.59318865915931e-24,3.6829177358312e-23
"AT1G12240",2.17567662933421,8.8672390151242,2.63006733543287e-24,3.73226195011144e-23
"AT3G29034",4.45494995179934,1.13553837237154,2.73252800068547e-24,3.87451638572458e-23
"AT3G18800",-3.13553079300165,2.24455139378229,2.81572596102644e-24,3.98924934980756e-23
"AT5G65470",2.18296440747971,7.45587390702893,3.14327639688184e-24,4.44970860297046e-23
"AT2G28140",2.74190681340902,2.87566118827775,3.25032185237532e-24,4.59752240655968e-23
"AT4G21865",2.84630842520206,2.66240633136044,3.25777962156576e-24,4.60434608923477e-23
"AT3G27210",2.46092540942773,3.82975820470507,3.44363242024998e-24,4.86308769008323e-23
"AT5G18670",-2.83713143316308,2.69233170418794,3.45713739386675e-24,4.87821897150705e-23
"AT3G09910",3.69679754546645,1.59105784678054,3.54957217096481e-24,5.00461050524014e-23
"AT4G20170",2.23635264170122,5.79637016862432,3.55365777121456e-24,5.00633350637745e-23
"AT5G64770",-2.27848430909846,5.22036942052079,3.56198179022732e-24,5.01401993869116e-23
"AT4G08920",-2.19989363129422,6.30091449157109,4.2122033227116e-24,5.92002659020234e-23
"AT4G12310",-2.23342628822854,5.84543218206636,4.21238521890506e-24,5.92002659020234e-23
"AT1G30620",2.29929155294073,4.86042962377738,4.32131812661657e-24,6.06824135001105e-23
"AT1G05575",3.55093551474157,1.70087255834137,4.52095082615952e-24,6.34348180527664e-23
"AT1G05000",3.06996164381959,2.21560981032273,4.92396822087938e-24,6.90342713758094e-23
"AT1G15125",-2.75898915996741,2.85984100340389,5.34088653344472e-24,7.48194865899152e-23
"AT5G26600",2.22002689052917,5.94222117494109,5.44088027592131e-24,7.61592552953821e-23
"AT5G63370",2.16944502249524,7.45091266259968,5.70186503448505e-24,7.97485651183217e-23
"AT3G26240",-2.4784989332475,3.70606503101373,5.99049959326506e-24,8.37185486723045e-23
"AT4G28240",-2.50923593366251,3.59330466050476,6.19892019468206e-24,8.65620780859636e-23
"AT4G21740",2.41005000753648,3.99733380330899,6.41570935451073e-24,8.95178345130974e-23
"AT4G24340",9.71743841950254,0.557026238801725,6.51625362176753e-24,9.08482153663171e-23
"AT2G05070",-2.22838019076834,5.73062430330921,6.62605094797093e-24,9.23053774688253e-23
"AT3G21670",2.18388667882894,6.3762085424377,7.22408428323571e-24,1.00556262359721e-22
"AT5G13100",2.20346736159996,6.05727410064882,8.44225193019069e-24,1.17419165072016e-22
"AT1G78410",3.30330432160812,1.92174905151391,8.46495101998679e-24,1.17641286710993e-22
"AT3G06760",2.27874720593453,4.89766495796598,8.7174223611831e-24,1.21053768975825e-22
"AT3G23030",2.17564203329259,6.50420519287874,8.98560827450116e-24,1.24678880526273e-22
"AT1G69870",2.15172517016328,8.1682598736894,9.09181690433624e-24,1.26052525724433e-22
"AT4G39950",2.16018114610818,7.33344480513879,9.13312061892281e-24,1.26524839762779e-22
"AT5G11420",-2.16263018820371,7.18729833930685,9.30715523145366e-24,1.28833725187256e-22
"AT1G22370",-2.58389794590184,3.27402971641385,9.82328681995083e-24,1.35870667304747e-22
"AT3G17510",2.23222899611784,5.45753079843533,9.88533098205431e-24,1.36620744315617e-22
"AT4G34390",2.17057705147522,6.58003780205672,1.03647357861373e-23,1.43133235188813e-22
"AT1G28050",2.20365515020176,5.96927691638487,1.04125031174897e-23,1.4367939384615e-22
"AT5G15960",2.25017520547484,5.17982166477272,1.08236970242632e-23,1.49235563939427e-22
"AT3G58070",-2.66562903756869,3.01732770777468,1.08883968034443e-23,1.50009331217192e-22
"AT4G00755",-2.54761860977501,3.36900179122943,1.12908761641598e-23,1.55323110566032e-22
"AT3G49780",2.47722283632252,3.57629349119362,1.12918648704128e-23,1.55323110566032e-22
"AT1G29340",2.15824345476784,7.10291159703544,1.15026129266126e-23,1.58097627198088e-22
"AT5G05730",2.16459929703149,6.68178916583341,1.21924285722045e-23,1.67447155324313e-22
"AT5G63180",-2.21145754471445,5.70393055472177,1.41203478439201e-23,1.93772402947609e-22
"AT5G07350",2.13965654734348,8.06993512908484,1.59254684548514e-23,2.18372521565621e-22
"AT2G39980",2.27324531439063,4.80372591916251,1.64552275705208e-23,2.25459830419605e-22
"AT1G76600",2.35216183397143,4.15870819134169,1.89082130066578e-23,2.58866317929051e-22
"AT3G07010",-2.19058571370688,5.9415464927628,1.94841063496464e-23,2.6652047373492e-22
"AT5G40390",2.24977988950736,4.99793404007156,1.94977798951531e-23,2.6652047373492e-22
"AT5G45130",2.15263466866167,6.71932801042229,1.97598199400828e-23,2.6989135313474e-22
"AT1G29980",2.2329767758106,5.17891666118279,2.09973246153816e-23,2.86570043911566e-22
"AT2G23320",2.18222199288393,6.01359269489182,2.33065891056762e-23,3.17838609465318e-22
"AT2G39050",2.3042490333162,4.4287915423135,2.35145548762621e-23,3.20424756743329e-22
"AT4G37640",2.14369126162941,6.95446817525317,2.40107576356041e-23,3.267469064777e-22
"AT1G63720",3.08053834511723,2.10457773774105,2.40158882814074e-23,3.267469064777e-22
"AT1G14480",2.62819918188194,2.97676773577417,2.41449179180283e-23,3.28246967310178e-22
"AT1G02300",-2.62233371640244,3.02389405065266,2.68346398206761e-23,3.64529920734172e-22
"AT5G03630",2.12986329511385,7.81058800911107,2.69141114299168e-23,3.65325628982326e-22
"AT4G09030",2.18695154517938,5.79343936271974,2.79782137161503e-23,3.79474872303689e-22
"AT4G05120",2.3681379609729,3.99940234511631,2.98677384926655e-23,4.04788893075404e-22
"AT4G24010",3.50095136898901,1.65550653029655,3.07922346632968e-23,4.16995072516204e-22
"AT2G05940",2.15058903572876,6.34001311436378,3.14934566355057e-23,4.26161069936956e-22
"AT5G45800",-2.27869613656595,4.64246136415463,3.21718649089755e-23,4.35004419337679e-22
"AT1G11580",2.21369259166048,5.2789358900099,3.36784169279808e-23,4.55023000890177e-22
"AT1G51805",2.11909179386031,8.41736221220088,3.49562768014928e-23,4.71923233452122e-22
"AT1G24145",2.46168622406974,3.53281800796233,3.55635770879298e-23,4.79751557274905e-22
"AT1G29300",2.30750907505269,4.33871660712372,3.66809552763963e-23,4.94443439550684e-22
"AT4G11280",2.21596957090886,5.23866170855646,3.69314011394174e-23,4.97435813652107e-22
"AT3G02230",2.1401979673338,6.58903704365707,3.79727280928311e-23,5.11067902422607e-22
"AT5G22940",-2.46470799555138,3.51065210710001,3.93606453082854e-23,5.29340124557503e-22
"AT3G29575",2.31555822981109,4.24692942987976,4.11477293567197e-23,5.52948310794413e-22
"AT2G41420",2.13084037796895,6.86453526942112,4.47033091086034e-23,6.00267245119595e-22
"AT2G17660",4.73107100603108,0.977422740810135,4.58370014113978e-23,6.1454623901493e-22
"AT2G23170",4.52638510293688,0.988853890055638,4.58370014113978e-23,6.1454623901493e-22
"AT3G07340",-2.45939541473138,3.50570392465671,5.04991148695167e-23,6.76533352692536e-22
"AT2G30990",2.13582937148045,6.3150428723258,6.07763273717906e-23,8.1359305623355e-22
"AT2G39660",2.25996780968068,4.60592003099691,6.17584773710224e-23,8.26108232500065e-22
"AT5G05340",5.33606128127483,0.806417735640077,6.43523989567586e-23,8.60147546606277e-22
"AT1G77640",4.22340575485942,1.10501588698415,6.49899642632026e-23,8.68005764105096e-22
"AT5G38970",-6.53253385663024,0.614790278186399,7.09389849127858e-23,9.4673761315285e-22
"AT5G66620",2.23074013067974,4.84585493011249,7.13849219766802e-23,9.51962311913272e-22
"AT2G14560",-2.10410849899763,8.19985861109207,7.23671768516118e-23,9.64325726293238e-22
"AT1G69480",9.63011269825702,0.472435847197139,7.38636945103147e-23,9.83517875951129e-22
"AT5G60790",2.10039174687653,8.0229304114045,8.85725288891731e-23,1.17847300043334e-21
"AT2G24560",5.32389901755158,0.794843929434163,9.20985894615804e-23,1.22445599966297e-21
"AT5G61420",-2.16659193359121,5.68836188769399,9.29331250859604e-23,1.23461232969441e-21
"AT1G05560",-2.12446777183504,6.41196125688519,9.36831417531042e-23,1.24363125836714e-21
"AT5G52420",-2.27511140393794,4.40396356384117,9.60954693750764e-23,1.27468671554208e-21
"AT5G24810",2.10075729210743,7.75627121058095,9.66039456666604e-23,1.28046003191071e-21
"AT4G29900",2.09997608234653,7.80362907328183,9.79606000353914e-23,1.29711626666416e-21
"AT5G56870",-2.43465241530501,3.51916939180944,9.8008956601462e-23,1.29711626666416e-21
"AT1G14130",2.26815759207412,4.41916581624617,9.97560184218636e-23,1.31923938734451e-21
"AT4G19230",2.42408743108989,3.53159163189088,1.00572713790394e-22,1.32903458442741e-21
"AT5G54110",2.1848644716668,5.2617145505056,1.08895318983251e-22,1.43792814334152e-21
"AT2G06530",2.11095458171409,6.79153118944982,1.10816342449511e-22,1.46219027550551e-21
"AT3G60415",2.11426061434106,6.59973320612876,1.13632777986658e-22,1.49822161202168e-21
"AT4G36110",4.20310311468624,1.08614327320883,1.22125111569945e-22,1.60897763796333e-21
"AT5G51920",3.01749895822389,2.09017963339297,1.27174248017977e-22,1.67423748350776e-21
"AT4G25030",2.09444718194139,7.70090072972286,1.29630272334779e-22,1.70528672026256e-21
"AT5G16360",3.54301711298208,1.5365097261632,1.3115066411483e-22,1.72399027121773e-21
"AT5G49630",2.1895122864571,5.14094175551811,1.31618783174021e-22,1.72884386643983e-21
"AT3G55720",5.77831502897935,0.686833064149089,1.3302526677178e-22,1.74600656078906e-21
"AT5G59920",2.13847799330779,6.03743022688405,1.35429748371847e-22,1.77623277628282e-21
"AT1G78940",2.48542417440117,3.25498505773499,1.50683385667495e-22,1.97481081830945e-21
"AT1G71030",-6.50609286577181,0.589643730417924,1.54910014648107e-22,2.02868298583734e-21
"AT4G11330",2.20061486850761,4.96728117354568,1.597507984069e-22,2.09051138364358e-21
"AT3G13110",2.10001928782846,6.91470065011906,1.60400813291359e-22,2.09744758322575e-21
"AT2G02310",9.59974776840954,0.443064520036081,1.68173239194831e-22,2.19743852080959e-21
"AT5G38120",5.29925008331614,0.771403092317108,1.89347711758737e-22,2.47226739707094e-21
"AT1G77210",-2.48019458037883,3.29849635714385,1.91439049404937e-22,2.49770813488546e-21
"AT5G05690",-2.11465278972545,6.1376172160354,1.96070529472689e-22,2.55622749199927e-21
"AT1G65490",2.16683471626133,5.30284682083538,2.00683398713959e-22,2.61441718309697e-21
"AT3G29240",-2.0956355168723,6.88719168195471,2.05085950696351e-22,2.66978233508884e-21
"AT1G64380",2.39214938196561,3.574649483067,2.24480271097543e-22,2.92008078839162e-21
"AT2G27385",-2.12848206537458,6.00572189307358,2.36207931445184e-22,3.07035187022763e-21
"AT1G51850",4.72815464399925,0.927059976838139,2.45517714134416e-22,3.18899420223774e-21
"AT1G49750",-2.07211846457625,8.72617016634794,2.48018197716687e-22,3.21908103242824e-21
"AT1G18890",2.12624995490188,5.94303935376919,2.60081350516605e-22,3.37314707053547e-21
"AT2G21500",2.1924174998743,4.89109635175662,2.60310229128044e-22,3.37361285088629e-21
"AT5G19100",5.28731091440534,0.760056624891124,2.72010572171627e-22,3.52263765427892e-21
"AT5G63190",-2.16684070448112,5.24401711126733,2.91846635092508e-22,3.77672444213347e-21
"AT5G05590",2.20520989297437,4.70687285787355,3.3385649156325e-22,4.31716940976354e-21
"AT1G67920",4.71680504527024,0.91637420421607,3.44554401901225e-22,4.4489251170156e-21
"AT2G37430",4.71680504527024,0.91637420421607,3.44554401901225e-22,4.4489251170156e-21
"AT4G27720",2.08657424274444,6.61906723760312,3.59996029079577e-22,4.64487865416845e-21
"AT5G10930",-3.00757733064631,2.13165361932534,3.76084843319273e-22,4.8488874009962e-21
"AT5G65920",2.21627998959117,4.56993361915389,3.79722552234132e-22,4.89218082587275e-21
"AT5G18310",2.21678811611068,4.52470958767976,4.18634401655901e-22,5.38953258037564e-21
"AT5G02890",-2.3264204800607,3.84728522302568,4.34057482770139e-22,5.58397863963969e-21
"AT1G08090",4.94799713670724,0.828788855354185,4.59696546299878e-22,5.90946670511821e-21
"AT5G50915",2.10843029123226,6.01246841531356,4.66910476817997e-22,5.99779270110878e-21
"AT3G13650",3.55052581232664,1.45781607781206,4.74551260932552e-22,6.09146820476051e-21
"AT3G06020",2.76986875503788,2.43850365340362,4.75525479586755e-22,6.09949520147853e-21
"AT3G23080",-2.18714968659658,4.83904036838456,4.83876896643835e-22,6.2020672903403e-21
"AT2G45180",-2.05736914009674,8.36043007848615,5.08858332368481e-22,6.51748734417447e-21
"AT5G08520",-2.2326560409667,4.41829042015902,5.10189677199052e-22,6.5297555830681e-21
"AT1G72790",2.17196590252227,4.92479676171376,5.1225807366763e-22,6.55143226183699e-21
"AT1G67360",2.15459479340549,5.14310735057283,5.15103839338285e-22,6.58301200522751e-21
"AT4G04630",-4.3134824759536,1.10074438833796,5.28105526401855e-22,6.7442431834066e-21
"AT2G37110",2.08309411354041,6.35877977091059,5.35742724857731e-22,6.83678106473555e-21
"AT5G05550",-2.49032948685541,3.13514701866813,5.42124667851796e-22,6.91317692782856e-21
"AT2G39710",2.18205945756911,4.80590967624917,5.50766884086913e-22,7.01826343621829e-21
"AT3G07540",-2.63954258113585,2.75637710749063,5.84981729958806e-22,7.44782443336012e-21
"AT3G27810",9.55301485307337,0.397905344571943,5.85329221039684e-22,7.44782443336012e-21
"AT3G13080",2.07664626341548,6.50180818487812,6.082304616879e-22,7.73359502668331e-21
"AT4G22540",-2.13017938642308,5.4223762781372,7.08775233778945e-22,9.00546323557942e-21
"AT4G08500",2.08063985792909,6.18821313947949,7.17023411791282e-22,9.10364583031734e-21
"AT1G68238",-3.00369953282882,2.04235090990314,7.20245178064947e-22,9.13791469383851e-21
"AT4G30560",2.18554277432143,4.70320405014351,7.26155076244498e-22,9.20621406670236e-21
"AT5G54390",2.061131686178,7.09552059172585,7.33335440200307e-22,9.29050978334925e-21
"AT2G03340",-2.2232367753249,4.41054825149077,7.36424361072972e-22,9.32288711414828e-21
"AT1G56720",-2.38568259794046,3.51162807112113,7.59011417707434e-22,9.60187888261871e-21
"AT1G27200",2.17495825807714,4.76963235093881,7.87636776325034e-22,9.9567995375926e-21
"AT5G65140",2.33630176100498,3.67212707339325,8.27330869451446e-22,1.04510300510257e-20
"AT4G05050",2.04086248719934,9.20924174585054,8.51451135319331e-22,1.07479568222295e-20
"AT3G46080",9.53709464873179,0.382533864756078,8.90188190331196e-22,1.1228831263752e-20
"AT2G22910",2.07796250287318,6.07001057581722,9.25005349757633e-22,1.16596024007301e-20
"AT1G59740",2.91532441482743,2.11762562071267,9.52664785396631e-22,1.19995954200932e-20
"AT1G06080",-2.52976400908832,2.97304891161599,9.59294607332057e-22,1.20744043340434e-20
"AT1G06645",-2.25492070403031,4.0942755863273,1.03444075863767e-21,1.30108832973111e-20
"AT2G38640",2.59130203484472,2.77846616939092,1.04925612500472e-21,1.31877389169357e-20
"AT1G20030",3.03598632546009,1.97898057655794,1.06078740550721e-21,1.33230935420133e-20
"AT1G74450",2.12045408673541,5.36964189516365,1.0900376098229e-21,1.36806371374973e-20
"AT5G51550",-2.06406247239179,6.47352922553128,1.11000280170869e-21,1.39212187821183e-20
"AT4G25670",2.05906055381876,6.64610235433098,1.11388138018174e-21,1.39598481503351e-20
"AT1G31290",3.39083649390516,1.5561024426081,1.2308350288526e-21,1.54145335311103e-20
"AT5G18690",-3.07908989414494,1.91966674916482,1.28633344449936e-21,1.60980441017769e-20
"AT1G08290",4.01504285438848,1.07609810913639,1.35117554029701e-21,1.68974263025841e-20
"AT4G39940",2.05114584276205,6.78992483224061,1.37934838521181e-21,1.72374180262031e-20
"AT1G67530",2.15439243409517,4.86756866239649,1.38333373005459e-21,1.72748740018175e-20
"AT5G01850",2.15042606992873,4.87137713644476,1.38703142690609e-21,1.73086869640251e-20
"AT5G56050",3.21554171965216,1.72972977551307,1.42542156109166e-21,1.77750678691622e-20
"AT5G06270",-2.62565458085325,2.65540064126779,1.62056741342759e-21,2.01941411895614e-20
"AT2G16890",2.57188031143782,2.75370426633593,1.70329444924925e-21,2.1209898045744e-20
"AT3G55646",3.13371734556408,1.82403513448218,1.71151159256659e-21,2.12970513685706e-20
"AT4G33985",2.40742305867316,3.26636495521087,1.71383463851228e-21,2.13107901743316e-20
"AT3G02150",2.14644906782871,4.89370915398092,1.72928630749009e-21,2.14876421562539e-20
"AT5G57710",2.027475811854,8.09192006468327,1.91616069452163e-21,2.37927822601716e-20
"AT5G04870",2.03765155626711,7.07653298810163,1.98347325731773e-21,2.46111163645748e-20
"AT1G73810",3.30060404553427,1.61696721613046,2.27554759125006e-21,2.82151762679608e-20
"AT1G12420",2.15741618405086,4.64763486382023,2.42839680350862e-21,3.00890583385835e-20
"AT3G47780",2.42225728675262,3.16179652259589,2.48896526347318e-21,3.08176910065875e-20
"AT5G04020",2.04135083052374,6.46865629078687,2.72418941186444e-21,3.37063011235852e-20
"AT3G51660",2.17722051351539,4.46362063191257,2.77157588871778e-21,3.42683601573218e-20
"AT4G12120",2.26060131339853,3.87298330852141,2.91898202398514e-21,3.60654153535917e-20
"AT2G29720",2.14894381670967,4.67142066803377,2.97888302907402e-21,3.67795282466815e-20
"AT5G18150",2.24311041423441,3.9390801212741,3.02102514671905e-21,3.72735233875012e-20
"AT1G26920",-2.16061582951534,4.58690569536539,3.4157978525146e-21,4.21145231703193e-20
"AT5G60680",-2.29509772645854,3.67931190128218,3.47479624409151e-21,4.28117425901704e-20
"AT3G25670",-3.04434243696347,1.88911109361241,3.6364227297206e-21,4.4771534213877e-20
"AT5G52120",2.38186410159901,3.26964606422063,3.7327608456806e-21,4.59253046200097e-20
"AT1G03300",-3.0229449950785,1.91993417966504,3.98985016052439e-21,4.90538328807651e-20
"AT5G27420",2.49562501931706,2.8900786212733,4.0030393321472e-21,4.91814031229301e-20
"AT3G45160",-3.12246363333747,1.79784999718379,4.09799944369407e-21,5.03127277205783e-20
"AT2G40270",2.02487857809092,6.7883419903566,4.10985761482679e-21,5.04229057403626e-20
"AT5G06570",3.65720693197643,1.26265050824775,4.26995880610163e-21,5.23504136094493e-20
"AT1G21920",-2.24962967494975,3.88943049687244,4.33967993687008e-21,5.3167921749334e-20
"AT2G34940",2.62801816869155,2.56790593591827,4.40405627559523e-21,5.39188486458204e-20
"AT5G23820",2.03503912482123,6.24778751296226,4.41549552949992e-21,5.40210695187174e-20
"AT2G16900",2.06942802588969,5.62755118754002,4.61222191999398e-21,5.63884446344439e-20
"AT3G61640",2.16788145458336,4.41735145395009,4.70291685351883e-21,5.74570896925714e-20
"AT2G37170",2.01884162016489,6.94155968317798,4.72875799950674e-21,5.77324553808494e-20
"AT1G25560",2.03113780078249,6.27646535568897,5.02536405479333e-21,6.13108442218785e-20
"AT1G49200",-5.09433711537806,0.676874965767853,5.16876064803639e-21,6.30163475659834e-20
"AT4G16563",2.09144563976857,5.22546744154777,5.29604580682634e-21,6.45231838611463e-20
"AT4G30996",2.09065076172325,5.20449272331365,5.31254973151902e-21,6.4679183117094e-20
"AT3G17640",-2.48313950544968,2.93368960129546,5.33921093929906e-21,6.4958541998445e-20
"AT2G37380",-3.41036301109847,1.51129191268261,5.56850709817784e-21,6.77011193306281e-20
"AT5G50820",2.78250568005465,2.21105775987412,6.01080271327077e-21,7.30277024573404e-20
"AT1G69370",2.18133556477461,4.23547663423743,6.29390595070314e-21,7.6414137316766e-20
"AT5G62470",2.08300773326677,5.26318683236819,6.30716254677364e-21,7.65219450418068e-20
"AT2G33580",2.14962429215186,4.45533656861508,7.01071394803045e-21,8.49988293713012e-20
"AT5G56100",-3.87114454571841,1.18748887508044,7.61985303328571e-21,9.23200904926778e-20
"AT5G44350",4.07489437154585,0.967426591964835,8.08710569592223e-21,9.79133441009753e-20
"AT5G07320",2.04410122982013,5.83639244068473,8.80168705299367e-21,1.0649127664186e-19
"AT3G14570",2.15550521384309,4.33157751752314,1.00359545650725e-20,1.2134065951671e-19
"AT3G09032",3.36285420011035,1.45731677496131,1.00784126019317e-20,1.21769790960312e-19
"AT2G31820",2.00503453277571,6.65975405498707,1.02749312899055e-20,1.24058441810372e-19
"AT1G76620",2.06414996379331,5.37503358094181,1.03256691820644e-20,1.24585006425142e-19
"AT1G62660",2.03737985203201,5.88912185678884,1.06410538590593e-20,1.2830175490892e-19
"AT1G61110",9.43855492839565,0.287538703008843,1.14432636289512e-20,1.37879102705e-19
"AT1G22510",2.22665696681464,3.82416855767617,1.15189826183611e-20,1.38695849254e-19
"AT1G75860",2.07882890338075,5.08958850213399,1.17458275443597e-20,1.41329871271879e-19
"AT2G38360",2.09422471331701,4.87787132939235,1.23354285426873e-20,1.4832207511128e-19
"AT1G52700",-4.20279969443848,0.99852245691244,1.24904104856859e-20,1.50082368743125e-19
"AT1G13210",1.98551681954506,7.60844341845768,1.30703559799802e-20,1.5694301758104e-19
"AT2G43510",3.09287104460643,1.73436883712487,1.39969631644351e-20,1.67953951272354e-19
"AT4G16500",2.07383386827025,5.06557173712226,1.46209132624403e-20,1.75320594353391e-19
"AT1G56540",2.28580471100492,3.47852415393393,1.48029858032113e-20,1.77382180121688e-19
"AT1G08800",2.08173738798388,4.97823352230611,1.52286083779653e-20,1.82357370049293e-19
"AT2G03890",-2.03029028940338,5.85690109172059,1.52608444904817e-20,1.82618305425798e-19
"AT5G57015",1.99374167090872,6.71076900544159,1.56622035452156e-20,1.87292957989743e-19
"AT2G46500",1.99190073752202,6.77016219352033,1.6145306040813e-20,1.92938062550604e-19
"AT1G75040",2.19119938002427,3.99763226037082,1.63731829036481e-20,1.95527566054972e-19
"AT1G10090",2.00394450985113,6.15225806943763,1.74213224266168e-20,2.0790237541607e-19
"AT1G22410",1.97394409135699,8.09499259472243,1.77046344815477e-20,2.11139239182059e-19
"AT1G61360",2.21287941621317,3.84124096342452,1.80265640054781e-20,2.1483191445656e-19
"AT4G15260",2.05976160437241,5.21883859632717,1.82162699268786e-20,2.16944854994291e-19
"AT1G69040",-2.10109309520653,4.70849714318489,1.85652651811783e-20,2.20950667911872e-19
"AT4G26540",-2.02507530632864,5.87440878515348,1.86671847464422e-20,2.22012510831326e-19
"AT5G54960",2.00515605927131,6.02191374603907,1.9313383491167e-20,2.29541729147568e-19
"AT2G34150",-2.33629441473645,3.28232064516773,2.03265107539105e-20,2.41418741515365e-19
"AT1G28660",-2.33914832669279,3.27205877690409,2.03900345992222e-20,2.42008808484861e-19
"AT4G28400",2.04278404370339,5.43861730407036,2.04201253051455e-20,2.42201526940203e-19
"AT1G34420",2.27497349192111,3.48097744030464,2.04988517246454e-20,2.42970457425068e-19
"AT4G01850",1.97020911365476,8.01269774743491,2.11699470540253e-20,2.50754867442768e-19
"AT5G06790",-2.68856302944732,2.34491715935722,2.14803515346589e-20,2.54259299851348e-19
"AT1G01240",-2.54731874882265,2.61171423820829,2.25777675486343e-20,2.67001653688521e-19
"AT1G50640",1.99547168880897,6.22880300453652,2.25873960879324e-20,2.67001653688521e-19
"AT3G25870",2.49592929129636,2.70885601487734,2.34243045571994e-20,2.76707511198323e-19
"AT1G53450",-2.25296568931815,3.59810971118003,2.60759878253509e-20,3.07823426840385e-19
"AT3G26220",-2.63969574132809,2.41673305381609,2.69372912045219e-20,3.17776425188027e-19
"AT5G59320",2.94464244703863,1.89879412026314,2.7405437523786e-20,3.23081095231524e-19
"AT4G26400",2.03165050844471,5.49777716323006,2.76428618446065e-20,3.25660480882247e-19
"AT1G18400",-2.70413580768802,2.29745648177893,2.86010120628262e-20,3.36721544710027e-19
"AT5G05300",4.56224150391868,0.77138262343736,3.12270423747231e-20,3.67390566512305e-19
"AT5G45750",2.01774125457853,5.64852755277811,3.32426942758769e-20,3.90841979842069e-19
"AT5G59740",2.74337380547072,2.14452710777144,3.42051208961511e-20,4.01887183217346e-19
"AT3G26160",-2.4167014383966,2.9289083537867,3.80161229834285e-20,4.46363920832291e-19
"AT5G53590",2.13141766150463,4.21633461337353,4.3144041575506e-20,5.0623307306347e-19
"AT4G30440",1.94874484577103,8.48841261387621,4.4946614461133e-20,5.27029953470146e-19
"AT1G61140",1.98191037247524,6.03004292931076,4.86993038262861e-20,5.706500863237e-19
"AT1G14330",2.03776158555054,5.13075393361339,4.88933004840446e-20,5.72539566217382e-19
"AT3G10930",3.2411917557951,1.49465753713933,4.89964597380383e-20,5.73363524498075e-19
"AT4G39090",-1.95514471472043,7.46465563461168,4.92620205342837e-20,5.76085555184536e-19
"AT2G31940",3.51413203811481,1.23705986270654,5.44416025723711e-20,6.36231642896233e-19
"AT5G61560",2.11631496262592,4.25285937908284,5.50884065405957e-20,6.43360461956736e-19
"AT2G05100",-1.98121907870765,5.96809292973044,5.73075778914192e-20,6.68830697113272e-19
"AT2G22540",-2.00636332884252,5.63684841146186,5.78707646285307e-20,6.74953020680855e-19
"AT2G46660",-3.71821990025379,1.18084746912533,5.8333483424446e-20,6.79896193806393e-19
"AT1G17430",-2.09198800919825,4.49187240030374,5.92743630364802e-20,6.90402191183733e-19
"AT1G12520",-2.4126549215705,2.89260923117815,6.10373184570046e-20,7.10463008378037e-19
"AT2G45560",-2.0654856850984,4.75935537901764,6.22651250078892e-20,7.2427224252357e-19
"AT5G04720",1.96503455400434,6.41942777142417,6.39097958794726e-20,7.42908883883524e-19
"AT5G58430",1.96580748672149,6.35238992242063,6.59323606080288e-20,7.65910604990144e-19
"AT3G18170",2.47678602137169,2.65352508337421,6.77173190930168e-20,7.86123432737857e-19
"AT1G77500",2.08442220478532,4.47606316777546,7.5043478243936e-20,8.70593981512099e-19
"AT5G19530",-2.20474911952502,3.65982022777306,7.80158169432425e-20,9.04476477200735e-19
"AT3G05200",2.06960481913835,4.6009023125294,7.93995902293589e-20,9.19909235241804e-19
"AT2G42170",-2.563634332719,2.48280007526318,8.01678509293905e-20,9.28195058144724e-19
"AT3G19130",1.96823227031336,6.01593933725062,8.55045643387255e-20,9.89329118685598e-19
"AT2G40180",3.88498828595396,0.956610610827663,8.71546636222366e-20,1.00775461911876e-18
"AT2G27260",2.05675439965691,4.68525804634431,9.13166962585976e-20,1.05518162636422e-18
"AT2G47930",-2.22618906091539,3.546039201906,9.18231497860643e-20,1.06033297735123e-18
"AT5G12020",5.55181464424243,0.471198119050272,9.55811204667952e-20,1.10299982120197e-18
"AT3G07700",1.93817883648191,7.32602416620588,1.02211033231262e-19,1.17873053692754e-18
"AT4G38840",-2.15546372921982,3.92000348875361,1.04645250419528e-19,1.20600719385933e-18
"AT3G58620",1.95520368034102,6.29402938000049,1.06599794298465e-19,1.22772345436104e-18
"AT5G67390",-3.78205029749259,1.10643500641598,1.12552794876946e-19,1.29543154235263e-18
"AT1G01120",1.92835744834214,8.11517336972415,1.13103802911489e-19,1.30091696467208e-18
"AT1G78660",1.97448571944719,5.86530133526055,1.23254106597287e-19,1.41673342908638e-18
"AT1G54575",2.64314033987143,2.24478633584919,1.27383038319087e-19,1.46323105054704e-18
"AT4G25780",-2.60569697770369,2.36017068939253,1.28020976284006e-19,1.4695933869818e-18
"AT3G15350",1.98646688872979,5.58313502035595,1.29615594974899e-19,1.48692220928226e-18
"AT2G40020",-2.17516299432897,3.76428929686273,1.29704243438382e-19,1.48696346756277e-18
"AT1G52280",1.97385865624536,5.82205457482529,1.3823138969353e-19,1.58368242857929e-18
"AT3G03020",2.05532481103911,4.58123570776768,1.40851362507388e-19,1.61264202404496e-18
"AT3G45060",9.33094249151081,0.184104428784363,1.5745261915892e-19,1.80153412353102e-18
"AT5G19190",-2.03796757786282,4.76778528724321,1.58806020940876e-19,1.81583104258296e-18
"AT5G57760",-2.32384580121816,3.09866161109865,1.60698149576887e-19,1.83626519545929e-18
"AT5G50160",-1.96908743175544,5.86020038635725,1.66544816092241e-19,1.90183084241715e-18
"AT3G17100",-2.05567070097323,4.57466891478434,1.79074249508096e-19,2.04357382777418e-18
"AT5G40460",2.99102741326224,1.6982872188318,1.80302589295092e-19,2.05624929461584e-18
"AT2G35658",3.16122722909015,1.49258496621111,1.92377528785286e-19,2.19252694638406e-18
"AT3G10260",1.93483066997407,6.37466587182988,2.22276246613584e-19,2.53163232543667e-18
"AT5G47730",1.94433433380259,6.00674900549593,2.22908505276453e-19,2.53718059749234e-18
"AT3G49120",1.92230010181599,7.02257643831788,2.27323784534129e-19,2.58575258621352e-18
"AT3G19680",1.93001549863016,6.54804114558963,2.31975434447127e-19,2.63694832278226e-18
"AT5G41100",2.0427247940172,4.54627432996472,2.42265656099968e-19,2.75213155659242e-18
"AT2G02080",-2.12940413592908,3.90774603585483,2.44566105310708e-19,2.77646053191371e-18
"AT5G63780",-1.92565119184367,6.71092828639631,2.52204151459162e-19,2.86109782910195e-18
"AT5G53060",2.00452097620323,4.97613936093348,2.52348730336624e-19,2.86109782910195e-18
"AT5G56760",1.93975915933762,6.04533699238609,2.55459873729867e-19,2.89449447337606e-18
"AT1G04280",-2.18373320145381,3.58844429956813,2.57919989072236e-19,2.92047614569294e-18
"AT4G12790",1.93955409897665,6.04160310510311,2.58622645095737e-19,2.92653702537784e-18
"AT5G54270",-1.89981253083516,9.05674114300823,2.96865864090668e-19,3.35711895336167e-18
"AT4G01670",-3.84570105538077,1.0183951769335,3.01341491013119e-19,3.40552895111982e-18
"AT3G21220",1.96705513130304,5.52799401301887,3.09564189256812e-19,3.49619555605739e-18
"AT3G07360",1.93172378629673,6.14355363987307,3.15091318533298e-19,3.55632118910113e-18
"AT1G68780",-2.19083341940725,3.52701549301567,3.15677350121601e-19,3.56063684656513e-18
"AT2G15880",-3.44473032103957,1.27046039897605,3.16891099855876e-19,3.57202262977452e-18
"AT4G39640",1.91738973442699,6.73119221008884,3.33497892394403e-19,3.75679359067742e-18
"AT4G31550",1.94778274878066,5.87987978502778,3.45448528674736e-19,3.88890961160361e-18
"AT5G65640",-2.70950138724794,2.10362059893403,3.62906194500687e-19,4.08281145331758e-18
"AT4G36945",2.00532471238555,4.87329381946632,3.63767120754282e-19,4.08986531970875e-18
"AT2G37950",-3.23592140831811,1.43611222728271,3.77554649140045e-19,4.24215162655231e-18
"AT1G31120",2.00888733114051,4.80763261388737,3.85914062829706e-19,4.33329194634024e-18
"AT5G27930",2.00873515760123,4.78155002170347,3.90199467137256e-19,4.37859902693238e-18
"AT4G37310",-2.01874352975947,4.69567538575364,4.19249434152362e-19,4.70156373142126e-18
"AT3G07960",2.36123613006137,2.81117471872903,4.27526619231259e-19,4.79131274616673e-18
"AT3G29670",-3.10718349728047,1.53917425236578,4.68817815491704e-19,5.25069946716301e-18
"AT1G67850",2.0126853232969,4.66965896966459,4.70034367390696e-19,5.2609544462814e-18
"AT3G54150",3.2458836766634,1.35023240459268,5.29185019204094e-19,5.91922053150683e-18
"AT5G52580",1.92412521838426,5.94414147403951,5.30619118271667e-19,5.93146678052657e-18
"AT2G32130",9.27897381247193,0.134275503251126,5.99835766509232e-19,6.70091291110601e-18
"AT1G18740",1.94570049094331,5.57458393669763,6.2198312220567e-19,6.94388947989894e-18
"AT5G48490",-4.07266939849737,0.879104815918193,6.29504678425831e-19,7.02337606440256e-18
"AT4G19140",2.01728182097393,4.51750858557895,6.641976408811e-19,7.40571897673741e-18
"AT5G61210",1.89343658352505,7.15270183051127,6.66333980906504e-19,7.42480368909395e-18
"AT4G29440",1.9508745732079,5.44181516849453,6.82724174632711e-19,7.60259028350553e-18
"AT1G25250",2.3308107490726,2.86685230495285,6.85222909832626e-19,7.62555832756448e-18
"AT5G62680",1.89859896349927,6.73599144661537,6.9877853310263e-19,7.77146634493211e-18
"AT1G70000",2.09619227938602,3.88193629900626,7.1391675952001e-19,7.93477858022145e-18
"AT3G05840",1.88169481776322,8.15331128939202,7.27340934382494e-19,8.07884469873516e-18
"AT1G26800",-3.25264533860403,1.37086171377259,7.57729263695538e-19,8.41103537599308e-18
"AT4G34250",-2.42487259184882,2.61031545297587,7.60280848997719e-19,8.43400385978879e-18
"AT4G37450",1.90708660998353,6.20047457553922,7.82144954367073e-19,8.67104644083674e-18
"AT4G28350",2.75022955079551,1.89756418141373,7.86961010864674e-19,8.71797546616791e-18
"AT1G47580",-2.10742953195537,3.84510507538636,7.8737535097404e-19,8.71797546616791e-18
"AT5G24110",6.27036296994314,0.269441427664348,8.32003257515756e-19,9.2062740197139e-18
"AT2G19800",2.47498878771639,2.46110016344989,8.34305277379463e-19,9.22590712487359e-18
"AT4G37760",1.95059673376113,5.32624194233944,8.45549887832101e-19,9.34434177558067e-18
"AT5G25190",-2.63181063136474,2.17257125241729,8.46182995788846e-19,9.34543102676967e-18
"AT5G66770",-2.18998432502541,3.40412368922733,8.48324679359092e-19,9.3631694250221e-18
"AT3G07780",1.89104097703233,6.88550726806884,8.53100025384992e-19,9.40993548505099e-18
"AT2G29290",-1.92679181222472,5.81443924514987,9.24648304533659e-19,1.01927025902661e-17
"AT3G15990",9.25527042684095,0.111575614383395,9.40651542934938e-19,1.03625777726097e-17
"AT1G70690",2.56274289191322,2.23739097252089,9.47461665516378e-19,1.04310278956063e-17
"AT2G42300",-2.06570354300664,4.06826845649048,1.07264584382465e-18,1.18018044604068e-17
"AT1G63350",2.16084679492868,3.44406280285122,1.13167563879605e-18,1.24434498069631e-17
"AT3G22290",1.92593841424055,5.64682650779855,1.13931682714161e-18,1.25195952790175e-17
"AT1G23205",-2.09673532807308,3.81865928687867,1.1554816930165e-18,1.26892502757585e-17
"AT5G08150",2.86989870431151,1.7420640879351,1.16876834855807e-18,1.28271042296552e-17
"AT2G47070",1.86923427865266,8.10869018311306,1.20617791936883e-18,1.32293654732279e-17
"AT1G51670",6.2514629989035,0.252705642485397,1.27617894377023e-18,1.39795967881798e-17
"AT3G24982",6.24054495663434,0.249690326584828,1.27617894377023e-18,1.39795967881798e-17
"AT3G09520",2.98234054361015,1.58169614238611,1.33966303592305e-18,1.4665828964961e-17
"AT1G09750",-1.883293957624,6.63034652572802,1.42115902293954e-18,1.55482623266909e-17
"AT1G63800",-2.20394553194889,3.24677836375223,1.42532331886079e-18,1.55840697833917e-17
"AT3G07720",1.89518857441279,6.04516343139222,1.45987590259787e-18,1.59518815031991e-17
"AT4G10290",9.23551825966569,0.0926731375955773,1.47816671032632e-18,1.61315783998971e-17
"AT5G43650",9.23551825966569,0.0926731375955773,1.47816671032632e-18,1.61315783998971e-17
"AT1G12860",-1.96101376516702,4.94956377870968,1.53575204224676e-18,1.67495651619464e-17
"AT1G23870",-2.19255127733444,3.27399362669899,1.56716535066925e-18,1.70775835266339e-17
"AT5G20180",2.08874531078565,3.79895428622485,1.56778136248055e-18,1.70775835266339e-17
"AT4G38690",-2.02184213125708,4.30009413896566,1.60073627346132e-18,1.74256987975867e-17
"AT3G58120",-1.89307821676946,6.07128227992122,1.61875118948052e-18,1.76108444590466e-17
"AT2G24150",-1.99632047844852,4.54406212233736,1.68344201933788e-18,1.83032442935846e-17
"AT4G17670",2.1683288973636,3.33044625514431,1.71606229826036e-18,1.86463127162747e-17
"AT5G10830",2.38129672473913,2.5933274362246,1.72220713070994e-18,1.87014579293179e-17
"AT2G32800",1.91620182095206,5.61210503572543,1.76269209626716e-18,1.91292029292606e-17
"AT1G35210",2.59895968821298,2.11710647006472,1.78687938867998e-18,1.93796602681713e-17
"AT2G28080",1.90751192008775,5.80837225755091,1.80060294555333e-18,1.95163926206503e-17
"AT5G10250",-2.58174376734236,2.19320841023838,1.91312958349459e-18,2.07231998192292e-17
"AT5G57480",2.28600027132239,2.89142919874599,1.92749463215655e-18,2.08658753275499e-17
"AT5G02230",1.97259001522228,4.66871229255243,1.95554251046909e-18,2.11564045238435e-17
"AT4G29600",6.23479233559758,0.235638912808291,1.9610369550464e-18,2.12027267069117e-17
"AT3G23820",1.85226606314556,9.00547905745933,1.9732147340779e-18,2.1321207166801e-17
"AT1G24100",1.86785708607128,6.99997266069571,1.97956851837747e-18,2.13766500350793e-17
"AT1G18810",-2.39073473821416,2.6304211020961,2.03215003996204e-18,2.19309130547262e-17
"AT1G65310",2.23957488968581,3.02371084239465,2.05414995245165e-18,2.21546598511488e-17
"AT3G61210",-2.03835744874989,4.09711467246143,2.07352177887319e-18,2.23498034895438e-17
"AT2G32100",-2.42984689486317,2.49004454941744,2.12050985389727e-18,2.28421896338176e-17
"AT2G29310",-1.9891785427109,4.51262875934756,2.12415068527284e-18,2.28673192306804e-17
"AT5G53420",1.87228188165583,6.62012595602135,2.12636108221652e-18,2.28770281848562e-17
"AT1G48330",-2.95998629681446,1.59800124234485,2.19613914404116e-18,2.36132230352224e-17
"AT5G01830",2.37397473947153,2.58723459097173,2.26435837798476e-18,2.43317624599309e-17
"AT2G19710",1.92584870629307,5.2833752728166,2.28205909947171e-18,2.4506903707656e-17
"AT2G23100",2.2125955661261,3.11740695437008,2.28616407981039e-18,2.4535915658272e-17
"AT3G60390",-2.66979225891368,2.03380687317033,2.30935902685992e-18,2.47696465439214e-17
"AT2G21210",-1.93610514120242,5.13529434643788,2.3703761910291e-18,2.54085143763101e-17
"AT2G39020",1.9055902478763,5.67218271631777,2.45360044451759e-18,2.62844954482236e-17
"AT1G78050",2.57762554441411,2.12965024996134,2.48406015665197e-18,2.65945031958031e-17
"AT4G29140",-2.25869288636593,3.00178867241387,2.63067792653548e-18,2.81469658443205e-17
"AT1G55850",-1.90484148004695,5.61778502355735,2.90291338342195e-18,3.10407551574104e-17
"AT1G13940",-2.16971897197064,3.28896062662334,2.93617692149184e-18,3.13772500723973e-17
"AT1G76180",1.84281203142602,8.51376461968656,3.1094174272227e-18,3.32082742090009e-17
"AT5G04250",2.12672034000446,3.45414514626143,3.15734363678186e-18,3.36995352880691e-17
"AT2G03440",-1.89772701130368,5.70492543782435,3.1722317644411e-18,3.38377839766466e-17
"AT4G32030",1.91348881567446,5.31525117523127,3.48775517042177e-18,3.71807461246852e-17
"AT4G34650",2.02212941817843,4.05034156550891,3.54191538798672e-18,3.77351046484898e-17
"AT4G17810",-2.15199690117543,3.37320100693058,3.56546258824367e-18,3.79628394824994e-17
"AT4G34790",-9.18925549271824,0.0761541895887597,3.6731720904202e-18,3.90858598032967e-17
"AT4G35600",1.90994421518271,5.35830682596116,3.68159637979706e-18,3.91516724501168e-17
"AT1G64700",2.6176567113001,2.00345179056267,4.17174640913341e-18,4.43371686753066e-17
"AT2G22190",1.8927708003562,5.64695396007952,4.22097548932031e-18,4.48331193680358e-17
"AT1G49180",-2.63167840778991,2.03726035101873,4.70868969728541e-18,4.99830127368797e-17
"AT1G50600",1.85539889005401,6.33902982482084,5.1052904497254e-18,5.41600685270323e-17
"AT5G59350",-2.06563644465715,3.73972049545644,5.16303983181851e-18,5.4739493862755e-17
"AT2G39518",4.93356992383086,0.426313850740512,5.36562268073349e-18,5.68528371680385e-17
"AT3G26910",1.98817052750605,4.25764600236712,5.45353476524169e-18,5.77493327078864e-17
"AT1G80050",-2.87376020402031,1.63594792496631,5.58519416030634e-18,5.91077176178183e-17
"AT1G72260",9.17507928629902,0.0349120136522303,5.8087372592692e-18,6.13950427026247e-17
"AT5G03204",9.17507928629902,0.0349120136522303,5.8087372592692e-18,6.13950427026247e-17
"AT3G26740",-1.82260457625421,9.82087418468125,5.81186270507601e-18,6.13950427026247e-17
"AT2G44200",1.89825681788981,5.31761570607741,5.95292777608627e-18,6.28472441481378e-17
"AT3G25700",1.97350242375401,4.3459327295556,5.97113939064388e-18,6.30014664855926e-17
"AT3G17609",2.15856199312659,3.22571703220723,6.05943734915282e-18,6.3894537500144e-17
"AT5G13550",1.88225054827925,5.64603379297007,6.21408512813492e-18,6.54857446022802e-17
"AT2G24610",2.61881608119757,1.97035637175753,6.31948081605735e-18,6.65563151247775e-17
"AT5G47070",1.89045273097687,5.44439094013446,6.34736912960739e-18,6.68097859680469e-17
"AT4G11350",3.12340341433855,1.31802196112572,6.38116266295523e-18,6.71250702987042e-17
"AT2G21120",1.85023742317723,6.2801605627979,6.55249695458795e-18,6.8885931603765e-17
"AT5G25910",4.61134549381828,0.512968317464655,6.58039096699074e-18,6.9137605334074e-17
"AT1G56240",3.4165118187233,1.04550847074022,7.09066462613249e-18,7.44541079031077e-17
"AT5G62770",2.26242674061304,2.81040641456158,7.25732130144968e-18,7.6158312312872e-17
"AT1G67060",1.94689011337662,4.56020900145662,7.33577001617837e-18,7.69353732410596e-17
"AT3G25882",2.05340083248458,3.72673303050488,7.45756926865523e-18,7.81658774124097e-17
"AT1G69610",2.02390223433815,3.89688399658754,7.77052245388539e-18,8.13972702584052e-17
"AT3G50620",2.10587581688694,3.40903426400321,7.9156660814313e-18,8.28680180249482e-17
"AT3G02480",4.91930016170632,0.412958338778616,8.00108498234598e-18,8.37121297105654e-17
"AT1G61640",1.95698036826521,4.45718039238105,8.0833476859309e-18,8.45222294217284e-17
"AT3G49350",1.89091939303925,5.31333852510907,8.22709188285007e-18,8.59738478110387e-17
"AT2G45170",-2.22422534390446,2.97353428315901,8.55510561884925e-18,8.93482147755922e-17
"AT4G21790",1.83137416174229,6.84391298272463,8.91631865589656e-18,9.30650740662923e-17
"AT3G47080",1.83871924154861,6.37487690313972,9.38602990311394e-18,9.7909284484571e-17
"AT1G08500",2.3935968274383,2.43765317553533,9.55224097243432e-18,9.95836785456584e-17
"AT1G52750",-2.24164837576286,2.85010558908446,1.08358745554531e-17,1.12898447469002e-16
"AT4G15440",1.84361980791168,6.01722923301703,1.08730459718188e-17,1.13218262492738e-16
"AT1G44830",6.16090671012437,0.165572923348838,1.11374279662559e-17,1.15902174484555e-16
"AT5G56170",1.82683769164626,6.68314413093928,1.17505154614659e-17,1.22209554915412e-16
"AT5G47850",4.90171637827319,0.39651358087515,1.19489661927237e-17,1.24199628981801e-16
"AT4G21940",2.18511539860093,2.99251519893703,1.19928013625165e-17,1.24581192050431e-16
"AT1G66890",-2.27010733900188,2.75645132724334,1.20200411910529e-17,1.24790011961507e-16
"AT5G66520",-2.06565902458945,3.59983860196313,1.26160410432162e-17,1.30899848996172e-16
"AT1G10640",-2.70004603487865,1.86579471605556,1.28023135067904e-17,1.32753764554695e-16
"AT5G14920",-1.86808582896942,5.53927981519119,1.28582841940814e-17,1.33255117110329e-16
"AT1G18265",-2.42992418242774,2.31958093589176,1.30234901728166e-17,1.34887250409569e-16
"AT3G19400",-2.07225189874565,3.52559844815619,1.34057045445608e-17,1.38763725608382e-16
"AT1G08930",1.80331679801352,8.60177815102885,1.42174615532234e-17,1.47043152027544e-16
"AT1G27360",1.87471274316614,5.31952912734774,1.42223857506479e-17,1.47043152027544e-16
"AT4G26890",3.80541274640102,0.7207297954039,1.4376354399166e-17,1.48547165461358e-16
"AT4G21200",2.99338203631861,1.41068764587643,1.49684159642415e-17,1.54573429594114e-16
"AT3G48090",1.82169940941002,6.54436944976569,1.57489199763801e-17,1.62537407288698e-16
"AT1G07200",-1.99371485527024,4.00451158009407,1.5952519357269e-17,1.64541531518073e-16
"AT1G76160",1.79907209116174,8.79796942475866,1.62070828481483e-17,1.67068649430529e-16
"AT3G13000",-1.90394498385415,4.83237509467705,1.77912417696384e-17,1.83240532666405e-16
"AT4G33940",1.91697955417201,4.62271356529643,1.77968554863327e-17,1.83240532666405e-16
"AT2G35760",2.00797471185987,3.81798105523829,1.84237673167244e-17,1.89583710416888e-16
"AT5G64430",-2.06886334156283,3.47606320710705,2.04975883590751e-17,2.10799610165712e-16
"AT3G11340",4.32866686327699,0.554321843742524,2.22452050040703e-17,2.2863781251391e-16
"AT4G13560",-2.04262423516283,3.61661935214083,2.25408308255457e-17,2.31540155888963e-16
"AT3G54720",-2.18341675227675,2.99744469033463,2.28644703253253e-17,2.3472667921178e-16
"AT3G22150",-1.85412574818308,5.48093060595713,2.29735233944197e-17,2.3570781074216e-16
"AT2G22560",2.04040116784627,3.55168796039201,2.36789449417114e-17,2.42802929276211e-16
"AT1G48480",-1.82822527717009,5.85525416764511,2.44311450475427e-17,2.50369114224027e-16
"AT3G18900",-3.09442802348717,1.31160200890409,2.49346223854681e-17,2.55379029387896e-16
"AT3G06590",-2.00280795520782,3.84564894605733,2.5007301434069e-17,2.55973449046737e-16
"AT1G62540",1.96651976048462,4.03344049296725,2.68119627156727e-17,2.74285280373379e-16
"AT1G11925",6.12249469685859,0.129227713175838,2.68426505512881e-17,2.74438631338111e-16
"AT4G10040",1.9424193509951,4.23117081835684,2.83073265986206e-17,2.8924429627334e-16
"AT1G80450",2.52066257262553,2.01960132483122,2.85816346713754e-17,2.9187658817737e-16
"AT1G61210",1.83673755567938,5.72716377368958,2.87791093315658e-17,2.93721639488479e-16
"AT2G46030",-2.01323444178778,3.72108075328863,2.88302109363381e-17,2.94071515635939e-16
"AT5G67385",-1.81055059157021,6.33418269503691,2.93473063815695e-17,2.99171403772e-16
"AT3G28130",-2.03597241042171,3.61028886876678,3.00771605014527e-17,3.06432981962061e-16
"AT5G64340",-1.84186813347183,5.58065648111167,3.03296244378647e-17,3.08825174168426e-16
"AT3G21870",-2.75019061455911,1.68360240934064,3.1174939667301e-17,3.17247654367534e-16
"AT1G03495",4.12933430461747,0.620485538362816,3.15229025749099e-17,3.20602039393339e-16
"AT5G61010",1.81672886086129,5.96851826609314,3.15523491057194e-17,3.20714953148426e-16
"AT2G01760",-2.06935446677036,3.40885960624983,3.2202448838137e-17,3.27132721113974e-16
"AT5G38980",-1.79229059897443,7.07918519607259,3.56309566687693e-17,3.61751460766605e-16
"AT5G18630",-2.06375135973942,3.41424024884944,3.6294572903859e-17,3.68275112059296e-16
"AT1G29050",2.03430071859438,3.50428507517752,3.64220950081155e-17,3.69354690850861e-16
"AT5G35790",-1.7973160366207,6.69777853005342,3.67907905924303e-17,3.72877328653599e-16
"AT3G52910",-2.87032367806966,1.52034710837923,3.78510988033169e-17,3.8340136754252e-16
"AT1G53160",-2.93214504397712,1.45154585179403,4.01000098036403e-17,4.05945843310389e-16
"AT1G19970",1.94533425816684,4.11227588104223,4.01413437130427e-17,4.06129115818939e-16
"AT5G42680",-2.26724566871854,2.64565163480806,4.0444435625278e-17,4.0895897515138e-16
"AT2G20670",-2.07353868647777,3.32831344305502,4.08065636450422e-17,4.1238216890536e-16
"AT5G50580",3.47546902479942,0.929715965589404,4.11024902174802e-17,4.15132776702603e-16
"AT5G13730",-1.81364807152946,5.86336078828406,4.17146680617092e-17,4.21072483673708e-16
"AT4G36820",6.10289823306236,0.110707648031434,4.17918042646807e-17,4.21607682607855e-16
"AT2G44830",1.91740046814099,4.3427358526704,4.25201750488129e-17,4.28708316250517e-16
"AT3G01430",2.15379980505384,2.94026128366231,4.34227513960159e-17,4.37556174441813e-16
"AT1G45180",1.89870148663742,4.54444200812543,4.47975640146489e-17,4.5114966109914e-16
"AT3G47160",-2.04584603990415,3.45914126100671,4.51466544006725e-17,4.54403545703487e-16
"AT4G12005",5.30832629983002,0.241497381423906,4.58638408491764e-17,4.61356461200317e-16
"AT3G20680",-1.87595144721481,4.81200455278723,4.77530636252794e-17,4.80084422864152e-16
"AT4G39770",-2.16808135713446,2.91311048155613,4.86313098092337e-17,4.88632867468294e-16
"AT5G63850",1.80702402579992,5.90207089933161,4.86836883010913e-17,4.8887818642618e-16
"AT3G04720",-2.89232854216607,1.47953195303784,4.98319155520979e-17,5.00121343052427e-16
"AT4G13340",1.77127031506452,8.37863589618106,5.0638930318839e-17,5.07929098545188e-16
"AT3G09405",2.89469101022505,1.44768398528461,5.14186722401831e-17,5.15454499297662e-16
"AT2G33170",-1.86495342637591,4.93349025083769,5.23834302539331e-17,5.24824934744707e-16
"AT2G20635",2.20347295437961,2.77777519213523,5.24163875202792e-17,5.24854354534388e-16
"AT3G12920",1.84631527509553,5.16132875762802,5.33272645009637e-17,5.33669470675643e-16
"AT5G47640",-1.80090182133023,6.05248917856883,5.46906594547325e-17,5.47000457235177e-16
"AT4G23050",1.83048142996582,5.43797224907069,5.48504933529048e-17,5.48285406111398e-16
"AT4G30060",1.8757600252884,4.72750735880736,5.57254821337291e-17,5.56713488082277e-16
"AT5G48590",-1.85176893631846,5.10781639907596,5.57855999769823e-17,5.56995799199076e-16
"AT5G05250",-2.0006569740791,3.67370398143982,5.62190215916253e-17,5.61002942058439e-16
"AT3G43800",-1.82211134387736,5.61793405291255,6.10138626133916e-17,6.08502772430077e-16
"AT3G06130",-1.9758515857584,3.8311042240571,6.15155972171259e-17,6.13156890619733e-16
"AT1G01430",-1.834911144365,5.29402684171594,6.57705663059886e-17,6.5519476394735e-16
"AT3G20310",1.82021064605163,5.55636126314031,6.59153373991994e-17,6.56263008969364e-16
"AT1G01180",-2.31813874490383,2.42085550568752,6.673473250129e-17,6.63733936559843e-16
"AT5G45710",1.91881174150653,4.20848550297203,6.67416496294803e-17,6.63733936559843e-16
"AT2G43570",4.51771961896579,0.42604056357821,6.79578523440358e-17,6.75444646123239e-16
"AT4G19530",-1.76910280553875,7.50425033926344,7.10464306611012e-17,7.05741333663655e-16
"AT4G37430",2.16464481963567,2.88004746884318,7.64987766593418e-17,7.59470819043312e-16
"AT5G17990",1.76805166980647,7.36367181207124,7.67600447434329e-17,7.61632157916821e-16
"AT1G07000",1.79700062336764,5.82204997132677,7.7190711116769e-17,7.65470903264023e-16
"AT3G02875",1.99976734528438,3.56820011860408,8.16978173255758e-17,8.0970688225796e-16
"AT1G21380",1.78019377068857,6.40737460742361,8.3375158311576e-17,8.25862828759933e-16
"AT1G29460",-4.05743154281749,0.654431344484161,8.46060389821024e-17,8.37580622607076e-16
"AT4G07400",-2.78609168825189,1.56051255088108,8.95098218461708e-17,8.85625475572498e-16
"AT3G25600",1.87627826460455,4.5586607889151,9.1118686843382e-17,9.01033937829665e-16
"AT3G13380",1.93218049488167,4.01192433668602,9.27647990610318e-17,9.16793093264002e-16
"AT5G47560",-1.868169073207,4.65239358197819,9.43427663182416e-17,9.31861346633796e-16
"AT3G14780",3.86819137172723,0.593577816669081,9.47849209892427e-17,9.35700041589458e-16
"AT3G52430",1.89923487221256,4.25485144289193,1.00888300979541e-16,9.95389484212928e-16
"AT5G43890",4.26778238316153,0.498186974754504,1.01152058890875e-16,9.97428903321581e-16
"AT3G47340",-2.61080653681644,1.7895733126217,1.04567242374085e-16,1.02994315404289e-15
"AT2G26150",2.58174967865909,1.79281872204735,1.04567242374085e-16,1.02994315404289e-15
"AT5G45650",-1.89592358505847,4.33876681016393,1.07123760939791e-16,1.05452968046755e-15
"AT3G28100",-2.41771366245629,2.17394587290766,1.07560349453194e-16,1.05823162042217e-15
"AT5G14940",-2.68233816181686,1.67354427449855,1.10847566100352e-16,1.08995950401151e-15
"AT3G08640",1.78119237558136,6.03168383858328,1.11165553785998e-16,1.09247182509309e-15
"AT3G09560",1.78292856795548,5.94219809867676,1.1404763578669e-16,1.12016562722399e-15
"AT1G21980",1.7983647784139,5.72446766813834,1.16536975440123e-16,1.14397301606944e-15
"AT5G54470",3.20087760534869,1.05425550710892,1.25546920789299e-16,1.23172660839468e-15
"AT3G47480",3.44796457675238,0.84053927620806,1.35385277013781e-16,1.32750465397192e-15
"AT3G63180",-1.86380045096806,4.59526407443341,1.36974280269184e-16,1.34233259077699e-15
"AT3G20390",1.74653680317093,8.04620317238015,1.3888407549048e-16,1.36028587775914e-15
"AT5G17980",1.9685850652008,3.68118479821091,1.42765831602111e-16,1.39752241539737e-15
"AT1G53440",1.75140249080782,7.34340327583599,1.44555253205421e-16,1.41424705752119e-15
"AT3G57120",1.9454237956014,3.80169683052737,1.50515760488273e-16,1.47173771846559e-15
"AT1G18620",-1.77032474451204,6.17546739492948,1.51108061633212e-16,1.47670332114782e-15
"AT2G23300",2.33893906007052,2.27800391318756,1.52281904677309e-16,1.48734331814156e-15
"AT3G11170",1.73650619836046,10.1662258155151,1.53940379644081e-16,1.50270220955749e-15
"AT1G33560",1.8950958405528,4.20850045877901,1.56706692829693e-16,1.52885218233344e-15
"AT5G59960",-1.96071612312704,3.70991131895417,1.61125017275277e-16,1.57108124764287e-15
"AT3G48510",2.97449580208908,1.25987909505495,1.63147228222959e-16,1.5899124810602e-15
"AT4G26120",3.24344681374823,0.995278318030225,1.64862199754894e-16,1.60573027204168e-15
"AT3G28080",-1.87768201371717,4.39880776659346,1.6555156631734e-16,1.61154678949113e-15
"AT1G14740",1.75515010321862,6.7443826800545,1.68663709824774e-16,1.64092801272483e-15
"AT3G08870",-2.2347201798711,2.58103285387174,1.72077296287775e-16,1.67320765906516e-15
"AT3G18000",-1.86756178205519,4.46439147652446,1.77382639602073e-16,1.72383584667206e-15
"AT2G42690",-1.74760766043662,7.18321912105492,1.81558838992517e-16,1.76344065672565e-15
"AT1G02920",1.88676363850524,4.21437883569807,1.87308539196182e-16,1.81827606372396e-15
"AT1G67070",2.13609679786649,2.85709864225363,1.88609486478424e-16,1.82988881914667e-15
"AT1G78990",-2.91040894507668,1.36749644145434,1.8873785595256e-16,1.83011865536251e-15
"AT5G46470",1.74511972354595,7.1222282393635,2.008558684414e-16,1.94654276494512e-15
"AT2G45820",1.73994268858318,7.52284555950281,2.07387458831623e-16,2.00872850014031e-15
"AT1G07050",-1.79663176683319,5.43675920884957,2.09242043330233e-16,2.02556957006781e-15
"AT1G67470",1.85772142272391,4.45698628784807,2.24136715126344e-16,2.16855682930485e-15
"AT1G70940",-1.7636254749489,6.01598900881454,2.24804418606161e-16,2.17381396597981e-15
"AT5G47920",3.17870255180086,1.03471320457,2.28805693399518e-16,2.21128244206953e-15
"AT5G14120",-1.74624448937939,6.8041787717507,2.32264476483329e-16,2.24346952616466e-15
"AT5G12440",-1.86294670857971,4.43476363779748,2.37890875402283e-16,2.29654675574716e-15
"AT4G39320",2.75694916389701,1.49784661429201,2.44790506108011e-16,2.36185012046708e-15
"AT1G30700",9.02335347136708,-0.109545461234189,2.45895845493529e-16,2.37120632474538e-15
"AT1G51270",1.90090193590368,4.03210410817127,2.46410058542171e-16,2.37485504602689e-15
"AT4G19860",-1.82295971192338,4.90066328576993,2.49402277804703e-16,2.40236915860035e-15
"AT4G16670",2.00649544798935,3.33876717559765,2.52170392596001e-16,2.42769547012989e-15
"AT2G02710",-1.87314852475934,4.2943662632857,2.53260747354297e-16,2.43685065822519e-15
"AT3G60630",-1.84720782279356,4.57450084698056,2.54866305134202e-16,2.45095028199189e-15
"AT1G77400",-2.65100670450023,1.64990870415609,2.67934424563403e-16,2.57520480738976e-15
"AT2G33810",-2.99875227015207,1.24153408334326,2.8045255543778e-16,2.69403957512017e-15
"AT1G49520",1.91282915138896,3.89901034657955,2.83110695162744e-16,2.71808033142792e-15
"AT2G37025",1.91964238377914,3.86497877870709,2.8524777187661e-16,2.7370948384845e-15
"AT1G63830",1.77270469514753,5.75278995636683,2.88335469617503e-16,2.76520516474098e-15
"AT2G43535",1.84097199530234,4.54533723168695,2.92634916247625e-16,2.80489925480111e-15
"AT4G21445",-1.84677768678838,4.53186387441818,2.93866920232264e-16,2.81516458434009e-15
"AT5G13490",1.83091703813485,4.6653161162627,2.967399296712e-16,2.84113044383438e-15
"AT3G09920",1.74984276896502,6.1429816077383,3.1787089692217e-16,3.04178264416546e-15
"AT2G22900",1.8717352500682,4.21904282548958,3.22452055503381e-16,3.08393287000307e-15
"AT3G63110",-2.48434893584693,1.94806515245917,3.23897090087697e-16,3.09605950027512e-15
"AT1G23200",2.29248133754871,2.33180572117185,3.24886234325835e-16,3.10381750531069e-15
"AT2G24540",2.65221672768697,1.64658406131534,3.34380464991776e-16,3.19277644426609e-15
"AT3G47470",-1.7168981700134,9.49344211813766,3.38155198510365e-16,3.22705640587157e-15
"AT1G01010",2.00096295485763,3.32488549311535,3.43872245420663e-16,3.27982458630085e-15
"AT1G52342",-2.11584391678112,2.88549212375606,3.4911743879594e-16,3.32803717691898e-15
"AT3G52720",-1.79688617695911,5.15082609168514,3.51887888477828e-16,3.35261904864189e-15
"AT5G18140",-1.92364583318417,3.81049497237614,3.54699985046311e-16,3.37757071817247e-15
"AT3G08940",-1.71953947030514,8.36866463268382,3.57861201923872e-16,3.40581785151608e-15
"AT4G02380",1.73215559016289,6.90073540185796,3.61896546968048e-16,3.44234892853231e-15
"AT5G55620",-1.79927179681687,5.06039919537917,3.6768545622523e-16,3.4955110555659e-15
"AT1G18650",-2.00780824119248,3.31953043570872,3.74348577946699e-16,3.55692184143594e-15
"AT1G03740",1.74096529696813,6.33030903766745,3.77113502412511e-16,3.58124680210643e-15
"AT5G13560",1.7331241336276,6.75183423140872,3.79100181074389e-16,3.59815877617999e-15
"AT3G51240",2.3658601629402,2.12337360027849,3.84608897209003e-16,3.64846302219479e-15
"AT2G29710",5.20447319675754,0.146877225632095,3.90452481395982e-16,3.70188759883186e-15
"AT5G18030",-3.40667976838904,0.901626029969297,4.06324841565773e-16,3.8482000027597e-15
"AT5G39580",3.26712840289041,0.912675000358101,4.06324841565773e-16,3.8482000027597e-15
"AT1G75450",3.15619267605841,1.01491354458243,4.18189950757102e-16,3.95842712998723e-15
"AT4G37330",-1.83894756992143,4.48789120199194,4.22334922465435e-16,3.99549861983939e-15
"AT2G27510",2.01420336005525,3.19580855300514,4.29142065863455e-16,4.05770185910805e-15
"AT1G14720",-1.78242404945192,5.27485851809542,4.46542647469462e-16,4.21994870578844e-15
"AT2G02870",1.76103245438992,5.70096613183825,4.52021568478494e-16,4.26941819649352e-15
"AT3G25020",-2.09347829243372,2.92736641829272,4.52624248725928e-16,4.27280223567786e-15
"AT1G66350",1.74452102802832,5.9433779563131,4.64988581096506e-16,4.38715346104167e-15
"AT5G08790",1.73806368948108,6.17886399530354,4.73855393994942e-16,4.4684001365769e-15
"AT1G56210",-2.36602247488048,2.13106375024209,4.93441975761826e-16,4.65059086913424e-15
"AT5G40780",1.95822156187617,3.46110680862084,4.97554718391268e-16,4.6868260461393e-15
"AT1G22740",-1.90259135347972,3.86790176610837,5.17492652322148e-16,4.87201079189451e-15
"AT1G71110",1.90590228371362,3.80972633797248,5.25117106874491e-16,4.94113152824905e-15
"AT2G03750",-1.78354412004794,5.14130066921853,5.61816883050298e-16,5.28361730304915e-15
"AT1G52040",1.72504486919153,6.57791276641045,5.67005145111593e-16,5.32954352257311e-15
"AT5G01720",1.74116984053228,5.86232661465003,5.70105089798997e-16,5.35580187262539e-15
"AT1G69520",2.44551388267055,1.9386628723435,5.70586669030273e-16,5.35744722591636e-15
"AT5G57910",2.0590069707677,2.96808511067724,5.78177372181261e-16,5.42580515182232e-15
"AT4G30240",1.78023587681919,5.15296704876653,5.80442577367459e-16,5.44414033267987e-15
"AT5G08760",1.74227699588051,5.78170523766644,5.96994580006829e-16,5.59638404410691e-15
"AT1G68290",5.18758513549858,0.128514818165287,6.02385068516897e-16,5.64388968535955e-15
"AT4G16515",2.13594561279331,2.69146096604737,6.10817934017246e-16,5.71983392631147e-15
"AT4G21560",1.7773996888156,5.16378786825016,6.14947015631497e-16,5.75541684918922e-15
"AT2G45940",5.97942016577502,-0.00563225202497441,6.20214095218875e-16,5.80160675586495e-15
"AT4G33660",-2.00376525715929,3.25401292795865,6.38628535749961e-16,5.97066454038319e-15
"AT1G25150",-8.93741016153973,-0.160520543064453,6.41660953176432e-16,5.99580889598266e-15
"AT2G18680",3.46339696611058,0.726348914317919,6.61574487830716e-16,6.17858267667971e-15
"AT4G35770",-2.863904738215,1.32742849910687,6.82543058871502e-16,6.37100923558487e-15
"AT2G03550",-1.73899139870063,5.80296786020865,6.87576418158043e-16,6.41456697900591e-15
"AT2G20100",-2.26762584197666,2.30918596979943,6.99584356987763e-16,6.52311110038243e-15
"AT3G13980",-3.17305381017021,1.03001994072085,7.5134461819749e-16,7.00200317694388e-15
"AT3G17390",1.69317789259858,9.92250230917117,7.86401023783622e-16,7.32479973298299e-15
"AT4G37800",-1.71856907622181,6.38218216716942,8.46364255738518e-16,7.87911942655832e-15
"AT5G67620",3.99521785942533,0.497590777129234,8.85053910439952e-16,8.23491086547189e-15
"AT3G53780",1.75794658147458,5.32042398027588,8.98428343297239e-16,8.35490570524768e-15
"AT4G00300",1.70180076757158,7.07128850232628,1.01325339966846e-15,9.41770823306951e-15
"AT2G42870",-2.56833675433901,1.66817466100059,1.03612340994908e-15,9.62515705427192e-15
"AT1G76470",8.95310276275049,-0.176148948578507,1.04020812906243e-15,9.65284433142173e-15
"AT5G59490",8.95310276275049,-0.176148948578507,1.04020812906243e-15,9.65284433142173e-15
"AT1G19680",1.75617640744021,5.26153308483577,1.06694038806405e-15,9.89565984324865e-15
"AT5G50890",2.10884246682117,2.71651355711966,1.12127423711252e-15,1.03940813825229e-14
"AT5G06750",1.78964476475211,4.69026531807175,1.19366393382101e-15,1.1059261555375e-14
"AT1G69790",2.98324313677811,1.11936275936182,1.2395658368432e-15,1.14784584351322e-14
"AT3G06840",-2.38238493952192,2.02629571949225,1.24268054066524e-15,1.1501209048412e-14
"AT1G54030",1.70525247392254,6.475107869787,1.24584242538833e-15,1.15243720227852e-14
"AT1G44446",-1.77100758754766,4.94889017782095,1.25115272533977e-15,1.15673733987918e-14
"AT2G31230",-2.53613728754448,1.76762954949997,1.28276955478616e-15,1.18534144430901e-14
"AT5G20790",3.02237694108248,1.07320398849477,1.30491973982917e-15,1.20453599849173e-14
"AT5G01640",3.02174992056106,1.07265793026222,1.30491973982917e-15,1.20453599849173e-14
"AT1G78210",1.74736735648986,5.30598505731601,1.31102335825371e-15,1.20953147083639e-14
"AT5G18240",-2.09902494754932,2.73450345863976,1.35671035591388e-15,1.2503620006559e-14
"AT3G12150",-2.09787619936368,2.73471820332413,1.35671035591388e-15,1.2503620006559e-14
"AT1G61670",1.71893317645592,5.76530599089509,1.40529460228177e-15,1.29414815128045e-14
"AT1G10470",-1.70623812180987,6.3007209620011,1.40570116071702e-15,1.29414815128045e-14
"AT2G18570",-3.21349158760315,0.96259129979211,1.40904882827927e-15,1.29654740341087e-14
"AT5G62900",-1.99966056356041,3.10576511468506,1.49442295329996e-15,1.37438171975504e-14
"AT5G05190",1.7768835487859,4.75106746552547,1.52958936774056e-15,1.40598374953776e-14
"AT5G56840",2.49493152918741,1.7197773604625,1.59385378886793e-15,1.46428511774976e-14
"AT1G30190",4.69009677161027,0.199738016956394,1.65874261873847e-15,1.52309859261579e-14
"AT2G43550",1.71054883092173,5.89218034152398,1.66293891663406e-15,1.52615018790096e-14
"AT3G50900",2.00156056137846,3.07702591725971,1.69025725556661e-15,1.54885654720373e-14
"AT5G21960",8.92890455235389,-0.199047214163482,1.69033820972643e-15,1.54885654720373e-14
"AT5G67080",8.92890455235389,-0.199047214163482,1.69033820972643e-15,1.54885654720373e-14
"AT5G23050",-1.75195364032492,5.13404941148008,1.69622382580115e-15,1.55343536649982e-14
"AT2G22590",3.52604952996543,0.631964874523969,1.71967192836977e-15,1.57408504312506e-14
"AT3G51400",-2.61388637883188,1.56780011837191,1.77281625144182e-15,1.62188103212754e-14
"AT2G34170",-1.7822237631073,4.65788804416313,1.79749312066463e-15,1.64359687387969e-14
"AT3G26180",-1.70953520746968,5.89043377091982,1.79999961851317e-15,1.64502840201076e-14
"AT5G40760",1.77710725428168,4.69763424291631,1.81158376262106e-15,1.65475020490616e-14
"AT1G23800",1.98471848792861,3.15130570818662,1.83670325132861e-15,1.67681895263593e-14
"AT1G73390",1.72510829639475,5.61006358928399,1.85163428625287e-15,1.68956796589556e-14
"AT2G17036",-3.85738860931652,0.473688876462193,1.881804966598e-15,1.71620220297511e-14
"AT4G33300",1.68474754117755,7.04873707150201,1.90120658684191e-15,1.73299242741173e-14
"AT4G04970",-1.81944514023302,4.24548984138102,1.91200876536799e-15,1.74193065372218e-14
"AT1G80850",-1.87819619931778,3.74702688023977,1.95757416501851e-15,1.78251401703222e-14
"AT1G75230",1.80589492494002,4.32567421676164,1.95865308366174e-15,1.78256803027893e-14
"AT1G15950",1.70676231307697,5.84790651875649,1.98953818293941e-15,1.80973444601091e-14
"AT4G09570",1.69693575586389,6.18865679962438,2.0758762050768e-15,1.88728776356514e-14
"AT2G15050",-1.76577501576986,4.80318742444298,2.10364499951611e-15,1.91153978828172e-14
"AT3G01180",1.69619803686727,6.2027319739443,2.10750626058625e-15,1.91405360799114e-14
"AT5G54610",-1.81857256655825,4.20376870682462,2.13537132405517e-15,1.93835393865299e-14
"AT3G26890",-1.73921370036701,5.26078489144802,2.14758856691213e-15,1.94843232565256e-14
"AT5G19260",1.9478824107438,3.26364585814911,2.17118782696464e-15,1.96882140968998e-14
"AT3G55880",1.87490137660981,3.66445484460231,2.30476674778642e-15,2.0888666174987e-14
"AT4G30340",1.71960792237621,5.57134950972809,2.30792769305687e-15,2.09064766102141e-14
"AT1G77390",2.10038456205058,2.63062034125078,2.54915909725348e-15,2.30797247526062e-14
"AT1G76700",1.72755609909061,5.32238405865083,2.59386581114704e-15,2.34723374618446e-14
"AT5G64410",-1.79004545899638,4.44748392259479,2.60984928535807e-15,2.36047568835567e-14
"AT1G69430",3.32503366945616,0.73131802414185,2.73523085694859e-15,2.47259778035327e-14
"AT1G53920",1.85735384528886,3.78467628671536,2.73890868696799e-15,2.47464292373444e-14
"AT2G24210",8.90429353343056,-0.222312562028319,2.75344400200725e-15,2.48607359051713e-14
"AT5G21222",-1.71552085331201,5.59082525950246,2.75440401809283e-15,2.48607359051713e-14
"AT3G62980",-1.71155889267258,5.67762424822831,2.76370311705578e-15,2.4931796488899e-14
"AT4G29210",1.7149533351304,5.57071434711882,2.81579323601881e-15,2.5388609151788e-14
"AT1G19400",-1.7327792927337,5.19988474300423,2.86833911440065e-15,2.584905811189e-14
"AT2G40670",-2.21529794010988,2.28998123676398,2.94197751740362e-15,2.64990174841666e-14
"AT5G21990",1.68962831144722,6.05690631043614,3.00799870560033e-15,2.70797329402732e-14
"AT5G18680",-1.81837813269197,4.08624758006749,3.35480426682274e-15,3.01863319592702e-14
"AT1G12500",-1.75309672095539,4.76813586885304,3.51071697791662e-15,3.1572975784422e-14
"AT3G59700",2.34777342265823,1.93733929605325,3.62873088516619e-15,3.26175331955581e-14
"AT2G39870",-1.79267214124717,4.28175360643284,3.63623062023994e-15,3.26681500172944e-14
"AT1G73550",4.34564320502056,0.267439194175869,3.72702971639149e-15,3.34666977563803e-14
"AT5G67340",2.14072942457753,2.41542228350156,4.06260640929082e-15,3.64612668653139e-14
"AT4G12980",-1.9028961583457,3.41773785755991,4.1740891555256e-15,3.74425863037732e-14
"AT5G17210",2.3150316836911,1.99841207308357,4.37676391497546e-15,3.92404941156492e-14
"AT3G07255",8.87928063305826,-0.245933083834357,4.49613007922704e-15,4.02900267427608e-14
"AT5G08660",1.6693590607707,6.41998759851438,4.67929836276519e-15,4.1909924834131e-14
"AT1G70090",1.65684047356721,7.29524926676491,4.69037968623055e-15,4.19876641343414e-14
"AT4G14830",-2.47546794035349,1.75667790990386,4.79506217705334e-15,4.29028004306159e-14
"AT4G29670",1.65093980909093,7.89396693835097,4.82934698670079e-15,4.31874544084347e-14
"AT5G62070",1.67762867384059,5.97289734046265,4.95643049725824e-15,4.43012650222729e-14
"AT2G25820",3.48171058342362,0.592441743527275,5.02456061943318e-15,4.48872730248085e-14
"AT2G29420",1.73668476326764,4.81103833683303,5.05509694256752e-15,4.51370070719653e-14
"AT4G00165",-1.69960329910191,5.52619737522078,5.11023197358832e-15,4.5606016127741e-14
"AT1G13700",-3.60896625557805,0.643345842892737,5.28081340267059e-15,4.71043166933112e-14
"AT1G02900",3.22808412392574,0.766748411757771,5.36862817459277e-15,4.78631955004617e-14
"AT5G40850",-1.65931802220833,6.82796240386607,5.37472728348846e-15,4.78931483675987e-14
"AT2G21510",5.08537821039786,0.033403127374867,5.40883357371394e-15,4.81725101218751e-14
"AT3G19010",1.66328253647162,6.50194932333748,5.50343168585991e-15,4.89900693298823e-14
"AT3G58270",2.61432456269883,1.47510487711611,5.66019175453612e-15,5.03598638394682e-14
"AT1G80530",1.67866010314074,5.77118530634459,5.80887552864759e-15,5.165644499865e-14
"AT4G17895",1.77573948393005,4.29362336998776,5.87495848818776e-15,5.22175390182952e-14
"AT2G38500",3.91470857459083,0.424459297483025,5.88776140425193e-15,5.23047421903133e-14
"AT4G17720",1.69379065773672,5.56313773477663,5.9265095469226e-15,5.26222277343057e-14
"AT3G05360",2.10628833931996,2.48108825158074,6.32902470727067e-15,5.61676847498544e-14
"AT2G21660",-1.63780147118592,9.03449931989118,6.40476308142998e-15,5.68109959171184e-14
"AT5G13810",1.68656119650903,5.6656859459762,6.59344907232904e-15,5.8455005137692e-14
"AT3G56410",1.67009863188103,5.93736671585994,6.67290101565689e-15,5.91294112806535e-14
"AT1G11530",-1.85270584689539,3.62500781699847,6.70375106030402e-15,5.93726847959956e-14
"AT3G25900",2.00716909655474,2.80887554452974,6.96363313088259e-15,6.16431382416305e-14
"AT4G25210",1.66497226598987,6.09226532661833,6.98046733394828e-15,6.17608858296649e-14
"AT3G17520",8.85395492900865,-0.269823171016242,7.3599071997538e-15,6.50193317702353e-14
"AT1G71530",8.8537749931418,-0.269992813006286,7.3599071997538e-15,6.50193317702353e-14
"AT3G28899",-8.8191419746736,-0.270840874831888,7.3599071997538e-15,6.50193317702353e-14
"AT1G25682",1.69759999095743,5.3051100481573,7.47336969538184e-15,6.59883446385661e-14
"AT5G06690",-1.66120153249198,6.18720410835315,7.62379296862143e-15,6.72825706564404e-14
"AT2G26110",-1.82035509145634,3.82964703792741,7.63952871479137e-15,6.73874271042873e-14
"AT3G11090",-1.93509446547678,3.13427093465271,7.67346397050934e-15,6.7652632675953e-14
"AT2G22010",1.65055316201296,6.68302756922882,7.76061041716895e-15,6.83864677033088e-14
"AT4G38770",-1.63088161681072,9.61855796041493,7.7705363605522e-15,6.84394393912011e-14
"AT4G25020",2.17197006243653,2.2987918170882,7.96339980676906e-15,7.01027788629122e-14
"AT3G55410",1.63496902641318,8.07598416797886,8.20333995689512e-15,7.21786575069941e-14
"AT3G52360",-1.97324926929179,2.97516426685377,8.21789801797071e-15,7.2270377790836e-14
"AT3G26500",2.99408597947116,0.96369370662993,8.26129922921878e-15,7.26155326417455e-14
"AT5G11970",1.68981387339598,5.37551524001456,8.61508267878966e-15,7.56871811423516e-14
"AT3G57190",-1.81768439719215,3.80875277148989,8.98420812580273e-15,7.88904624125611e-14
"AT2G21185",-2.49509070028719,1.60687473081886,9.22660207058193e-15,8.09782550200722e-14
"AT1G59970",1.85239490338943,3.53768936218511,9.2587826666366e-15,8.12199183947856e-14
"AT3G57020",1.73310335514911,4.60223126784585,9.81440533743674e-15,8.60507765869642e-14
"AT3G09580",-1.75026191383778,4.39567160574544,9.84337634339653e-15,8.62615281261161e-14
"AT5G43190",1.75778224858847,4.29691525124093,1.02143210414627e-14,8.94674222284032e-14
"AT2G24762",-1.92212186639898,3.12431449945518,1.11318731922357e-14,9.7455452688962e-14
"AT5G35750",-1.70384463469316,5.0064070985297,1.1198264335068e-14,9.79876153002973e-14
"AT3G59400",-1.66136770500366,5.72962414743758,1.15644983425241e-14,1.01141633077713e-13
"AT5G23130",1.89243384291379,3.25802749671756,1.18333663170729e-14,1.03441371660693e-13
"AT5G63470",-1.72397366480006,4.65521368803731,1.19024882014201e-14,1.03993603810808e-13
"AT5G38240",2.67323254929495,1.31577489191713,1.20694649078672e-14,1.05347568144457e-13
"AT2G27580",1.70147428048353,4.95804074540604,1.2069506320045e-14,1.05347568144457e-13
"AT3G04860",-2.1983167550943,2.17976290914003,1.21030804711947e-14,1.05587902134679e-13
"AT2G47780",2.3249470012209,1.85668975596129,1.2135877471527e-14,1.05821219867684e-13
"AT2G20370",1.6525005246726,5.94433989008091,1.22690915892108e-14,1.06929475699986e-13
"AT1G69900",1.786856513101,3.95426714124831,1.23950790853988e-14,1.07973675959156e-13
"AT1G75000",2.01628309536627,2.71734288022766,1.25237648376578e-14,1.09040329012336e-13
"AT3G59050",1.65773006177655,5.7182107268039,1.27311200656078e-14,1.10790528674475e-13
"AT2G47770",4.28987727778252,0.216385902477525,1.27468323844519e-14,1.10872074914116e-13
"AT1G51400",-1.62286635847316,8.0290570327334,1.28567712139746e-14,1.11772715630989e-13
"AT2G38820",-2.10006842765755,2.47187817381411,1.2889721611127e-14,1.12003480580186e-13
"AT3G05220",1.6194740685847,8.51159989329574,1.3146404512731e-14,1.14177143614543e-13
"AT4G24800",-1.7089429480471,4.8340807340793,1.32037820748247e-14,1.14618531288063e-13
"AT4G30110",-2.43415071249447,1.7224247750243,1.33829043933831e-14,1.16115790327303e-13
"AT4G35440",-1.76708031019706,4.12135552709859,1.35031154123793e-14,1.17100677953684e-13
"AT1G72470",1.68875932531113,5.12245084111443,1.36220549500083e-14,1.1807356801735e-13
"AT4G15500",-2.72462220898174,1.27358669188607,1.37627784920303e-14,1.19234220206227e-13
"AT3G60530",-1.76162648145441,4.19595018166025,1.4290027409851e-14,1.2374073759605e-13
"AT5G51050",1.73745705542243,4.39543266838806,1.44001784585528e-14,1.24632831678653e-13
"AT1G60800",-1.65368926313581,5.7536209864268,1.47102300529188e-14,1.2725331618762e-13
"AT1G21550",2.1003423053946,2.38288657518691,1.47952928420496e-14,1.27925867832618e-13
"AT5G47610",-2.63215470438576,1.37455860828726,1.51973290190987e-14,1.31272185395703e-13
"AT3G01080",2.61934978109185,1.37837831863454,1.51973290190987e-14,1.31272185395703e-13
"AT1G13080",-2.13339391172057,2.31402404653383,1.54614560624755e-14,1.33487721649511e-13
"AT5G58320",1.93855459929979,2.99284554902198,1.56943376470423e-14,1.35431443772577e-13
"AT3G61890",1.95787790872098,2.90011979505379,1.57293383813387e-14,1.35666513527847e-13
"AT3G06770",-1.68670407950424,5.12680488140039,1.59769654186417e-14,1.37734362137137e-13
"AT3G13320",1.66007334730989,5.63532273768183,1.63950939229186e-14,1.41269308553172e-13
"AT1G10740",-1.75320921595956,4.21345186863545,1.66914681804527e-14,1.43752186304854e-13
"AT5G19070",1.72659880252476,4.44476355811097,1.6828091176571e-14,1.44857468261936e-13
"AT1G70100",-1.69832914254997,4.89094329021591,1.70043479576261e-14,1.46302665031091e-13
"AT1G09995",2.09798111636031,2.38097065479295,1.70910027538052e-14,1.46975898251243e-13
"AT5G05810",2.36076537755904,1.75395331674148,1.74789721738978e-14,1.50238382751355e-13
"AT2G02950",-1.74751837545989,4.24201798283414,1.77930893004712e-14,1.52863184393188e-13
"AT2G33860",-1.74512039804711,4.25869878399693,1.79630758745289e-14,1.54247767934375e-13
"AT1G68600",1.63419074392053,6.21017935740064,1.86758445381174e-14,1.60289538566473e-13
"AT5G49450",-2.43952080611606,1.68699113232095,1.90111941410098e-14,1.63087687520743e-13
"AT1G16260",-1.69960132330791,4.79986122080949,1.95685749347307e-14,1.67786854136291e-13
"AT3G44400",1.72136696096484,4.462513885161,1.99687182383953e-14,1.71133873020522e-13
"AT4G27450",-2.17327859825364,2.18419282468984,2.02472153089285e-14,1.7343560276629e-13
"AT5G38010",2.95790252516971,0.932364165804915,2.05278045312623e-14,1.75752990509334e-13
"AT5G17600",1.76862456394073,3.98312384425697,2.08540400095473e-14,1.78458728089533e-13
"AT4G17490",1.84682796665647,3.37362677978047,2.1745042351368e-14,1.85992453732371e-13
"AT2G46150",3.0005436354916,0.879082972072714,2.25989704024461e-14,1.93201857968687e-13
"AT5G03610",1.67698921754353,5.05223852379264,2.29373703740263e-14,1.95999045087538e-13
"AT3G15650",2.37362282472007,1.69358952588037,2.3438883707522e-14,2.00186616442895e-13
"AT1G76065",2.07078665216928,2.4159562767036,2.42217866694673e-14,2.06772215010887e-13
"AT2G27060",-1.73880485287395,4.23538758086018,2.45201387208843e-14,2.09216976699473e-13
"AT4G24200",1.6605187238923,5.35059257219252,2.45477062889017e-14,2.09350023926277e-13
"AT5G50720",2.35958730647189,1.71793036341338,2.48558686389042e-14,2.11874769095057e-13
"AT2G04790",-1.85767007921272,3.32898321239861,2.49297159381837e-14,2.1240069383395e-13
"AT1G69890",1.73830970970669,4.18095460352433,2.51802489426768e-14,2.14430731741265e-13
"AT1G75020",1.74770156605815,4.09879034148988,2.5687075292195e-14,2.18640281077627e-13
"AT5G59050",1.88525764070296,3.13522383829379,2.62647014502201e-14,2.23448065914451e-13
"AT4G05110",2.01301175858989,2.62432842216375,2.68350398285858e-14,2.28189202978193e-13
"AT1G59870",1.59412802683875,10.8885443647586,2.69191794691344e-14,2.2879339555609e-13
"AT3G15095",-1.65037177050257,5.56989601051135,2.69842599468489e-14,2.29235090695218e-13
"AT5G61980",2.16944177905298,2.16289894805856,2.71795547326447e-14,2.30730763128524e-13
"AT4G26520",-1.71827562353973,4.42104156685564,2.7186716927573e-14,2.30730763128524e-13
"AT5G41180",1.68273958603093,4.86084616224266,2.73101888332389e-14,2.3166619668681e-13
"AT2G29730",1.71020247275992,4.47669117888672,2.75820067820392e-14,2.33858498821722e-13
"AT4G03450",1.99892039608137,2.67403113709997,2.81774559788473e-14,2.38791305321468e-13
"AT5G59450",1.67125074211079,5.03106770949191,2.83300643035213e-14,2.39968272392666e-13
"AT5G04550",1.60802857756736,7.09050676241715,2.84994894525859e-14,2.4128647656153e-13
"AT3G19000",-1.72670621609126,4.28135600862918,2.85148201347262e-14,2.41299419368547e-13
"AT4G01840",-2.31179752478739,1.87258599843517,2.87417244397285e-14,2.43101871494811e-13
"AT2G45290",1.73208251429234,4.18138654862776,2.90759338828592e-14,2.45809744716648e-13
"AT4G26288",-4.15934464266946,0.200499563836267,2.91500436480287e-14,2.46317164378195e-13
"AT1G63500",1.61498522882608,6.52157401357355,2.95929594123292e-14,2.49938990051088e-13
"AT1G10560",2.44358193063735,1.59813771492474,2.98036437901823e-14,2.51596863536338e-13
"AT5G44565",1.96456060123996,2.7475601776363,3.00339433813114e-14,2.53418644853024e-13
"AT1G63820",3.40464275614378,0.524076527884178,3.0638066093133e-14,2.58391369756992e-13
"AT4G18250",2.78891152869742,1.09982221557143,3.06869638512955e-14,2.58678972522757e-13
"AT1G20270",1.69193492815605,4.65112653557421,3.08305572468791e-14,2.59764160167319e-13
"AT1G57650",8.77666095220673,-0.342570409721409,3.27724706658883e-14,2.75859944463999e-13
"AT1G36622",8.77451702434713,-0.344584593666746,3.27724706658883e-14,2.75859944463999e-13
"AT2G24570",1.87751430856885,3.15163582530737,3.50689984182989e-14,2.95048748482733e-13
"AT5G04230",-1.79511981478344,3.66810921572103,3.58108022797865e-14,3.01144904404765e-13
"AT5G01340",1.93282881547096,2.85523156529403,3.6482384872924e-14,3.06644968621793e-13
"AT1G12880",1.79889661417612,3.57428931556593,3.74320310174485e-14,3.14475828100938e-13
"AT2G28500",2.54372596706526,1.41567252264423,3.81219165048454e-14,3.20117899257547e-13
"AT5G26200",-3.31854284347111,0.692511081197431,3.97687303778666e-14,3.33786228130697e-13
"AT4G15690",-2.91643425122544,0.99304948967831,3.99396103556365e-14,3.35059600694622e-13
"AT1G09960",1.89312913728084,3.05761857024931,4.0566933364009e-14,3.40159086811976e-13
"AT1G08830",1.69985409068349,4.45046847987834,4.08168831319944e-14,3.42090876220834e-13
"AT4G23420",2.58215613537018,1.34703288449513,4.08483992639546e-14,3.4219097476364e-13
"AT1G28600",1.59205161779139,7.66344245860664,4.11329148494834e-14,3.44409363176972e-13
"AT5G24660",1.75482083602244,3.86998941448751,4.18698781718471e-14,3.50412197261083e-13
"AT4G37295",2.97503592704935,0.857009395766761,4.21981688261745e-14,3.5299071080766e-13
"AT2G45350",-2.44159113850052,1.56234360385903,4.34604819281128e-14,3.63376186298037e-13
"AT3G47380",1.77708753111738,3.68992057371885,4.37413915029233e-14,3.65550070576294e-13
"AT4G16520",-1.64729843261299,5.24432919590537,4.59647645698145e-14,3.83947433814653e-13
"AT3G52840",-1.62049335594971,5.74886368112557,4.61500200858069e-14,3.85310793295206e-13
"AT5G54980",-1.97846493039101,2.68552346111664,4.64775934230856e-14,3.87860508742628e-13
"AT4G36650",1.73495621948376,4.01446688728982,4.69933259652899e-14,3.91977250883188e-13
"AT5G44410",-1.70979402282636,4.31262539521404,4.84515037976996e-14,4.03947372863702e-13
"AT5G11740",1.57944609298604,9.42658853284457,4.85240149961754e-14,4.04359082067747e-13
"AT5G47900",-1.95601090856113,2.78683242163421,4.92567254546703e-14,4.10269333551215e-13
"AT5G41800",1.72966197948114,4.03772547090599,4.94690680111094e-14,4.11841769542013e-13
"AT2G37678",-2.23416366565014,1.96499545810148,4.95601936825994e-14,4.12404029582525e-13
"AT1G04310",-1.9853303070936,2.64365271303102,5.13046579694701e-14,4.26717095756539e-13
"AT5G23510",1.64855369330627,5.12168631424826,5.30717822337521e-14,4.41204930476789e-13
"AT1G53625",8.74784679592306,-0.369624065132839,5.41923861337886e-14,4.50306790293264e-13
"AT3G29170",1.83780002884125,3.27058340198442,5.62620646068127e-14,4.67060624653802e-13
"AT5G62960",1.83565986033934,3.26953355572276,5.62620646068127e-14,4.67060624653802e-13
"AT3G07320",1.65040530929578,5.03688499424798,5.70875850244736e-14,4.73688775027467e-13
"AT5G41410",-1.66550685656867,4.80696267204998,5.72411312170206e-14,4.74632080318542e-13
"AT1G66130",-1.69952597960431,4.34048682996935,5.72555658291944e-14,4.74632080318542e-13
"AT4G03960",1.98048336051722,2.62929177186755,5.76081207443477e-14,4.77328329371294e-13
"AT1G56140",1.65970639050687,4.85707686436642,5.82635368402048e-14,4.82530276919612e-13
"AT2G30500",1.63436708263633,5.36007558531294,5.85936480445998e-14,4.85034445437376e-13
"AT3G50950",1.57574079542152,8.74306314331615,5.91720182013257e-14,4.89590342741967e-13
"AT3G07090",1.64082484962055,5.20574544959293,6.00909930575896e-14,4.96958766142781e-13
"AT2G01755",-1.76602055157222,3.72909970406551,6.01930310271367e-14,4.97567263095712e-13
"AT3G13690",-1.63346683308536,5.35666793125385,6.12199911153821e-14,5.05817157216552e-13
"AT2G41480",3.28599786786157,0.564905244511045,6.22838864126368e-14,5.14364282547061e-13
"AT4G16190",-1.58134148325644,7.48852739744003,6.34211427950284e-14,5.2350889494121e-13
"AT2G44600",1.76284006386873,3.72395995349855,6.41595805801107e-14,5.29354387580026e-13
"AT5G13160",1.63396564992857,5.27395322436962,6.59183765010896e-14,5.4360895111724e-13
"AT5G16370",-1.77038856600718,3.67723641776635,6.88716419801495e-14,5.67695858905683e-13
"AT5G43870",-1.6852460339419,4.41008735264198,7.48482415956017e-14,6.16669089451416e-13
"AT5G10530",-2.38743808182394,1.60301046244496,7.54469371401807e-14,6.21308903448789e-13
"AT2G26975",-1.66292012135168,4.70858742982469,7.64895771389979e-14,6.29598529718032e-13
"AT4G09160",-1.74291949391042,3.85123483632633,7.91960925359917e-14,6.51569546261996e-13
"AT5G01820",1.69975023234702,4.1916954678303,8.16612057747909e-14,6.71534741561933e-13
"AT3G13050",1.65585807672776,4.73455461538167,8.33986454812921e-14,6.85258474648251e-13
"AT1G78860",2.04897804239875,2.3223416887643,8.34084558743624e-14,6.85258474648251e-13
"AT4G16680",1.96709555099213,2.61870541704268,8.3450537273589e-14,6.852821715144e-13
"AT1G80610",1.78044377967791,3.52667335693929,8.73572012988138e-14,7.17026267749841e-13
"AT1G01260",1.63781327343125,5.02255753389723,8.79832904367604e-14,7.21601127626823e-13
"AT1G15520",3.79386892862465,0.315451913205565,8.79971174341009e-14,7.21601127626823e-13
"AT5G24080",8.71915109973074,-0.396530081532422,8.98452717481236e-14,7.36411104534667e-13
"AT1G76090",1.58643575249767,6.27859607866433,9.19650257811661e-14,7.53432308215617e-13
"AT3G02070",1.70389060593642,4.1196347425139,9.26864505552504e-14,7.58986985975383e-13
"AT3G47800",-1.60164837192663,5.68316366648501,9.33057123038397e-14,7.63700266014995e-13
"AT3G04000",2.45563780204551,1.48129306485109,9.52394054277605e-14,7.79162622879521e-13
"AT3G56620",1.88822876542708,2.90634858600242,9.7180550738523e-14,7.94671453957716e-13
"AT1G24020",-1.71390786532182,4.01523953981736,9.73947707104703e-14,7.96050853824756e-13
"AT3G21060",-1.80359692767532,3.35745534250705,9.86536505933319e-14,8.05963445478141e-13
"AT1G20620",-1.55738559714319,9.77905410583226,1.02139148508042e-13,8.34048917966419e-13
"AT3G18295",1.7194014089857,3.91608296915531,1.02310327507973e-13,8.35056702064379e-13
"AT5G01620",-1.98567141745536,2.56004121773591,1.05834643399368e-13,8.63419071652429e-13
"AT1G07430",2.411297216377,1.5302968226601,1.06092208628607e-13,8.65116643402023e-13
"AT1G80520",1.95713009600156,2.62597785070985,1.07094487002608e-13,8.72882478445966e-13
"AT3G45650",1.89142582576969,2.86087070744297,1.08167741287133e-13,8.81219301455243e-13
"AT3G15540",1.78449742434856,3.41533496258134,1.12926645703414e-13,9.19560571417223e-13
"AT1G67910",-2.01249217126848,2.45859031657741,1.17995325609826e-13,9.60387466311263e-13
"AT1G71360",1.63793018360115,4.85959878211072,1.18887212709283e-13,9.67196435456676e-13
"AT4G34750",-1.93198422354171,2.70960687214138,1.21481107481764e-13,9.8783916376915e-13
"AT1G78270",-2.09070260117066,2.18941860795449,1.22968246423958e-13,9.99467155848468e-13
"AT3G49940",1.63561042097593,4.86134841715954,1.25971918900293e-13,1.02340476679081e-12
"AT1G06980",-2.50317710363664,1.37455286061898,1.27104123498641e-13,1.03212326573467e-12
"AT3G06550",1.56578002221814,6.96575146212444,1.28776829916668e-13,1.04522066733199e-12
"AT2G22200",1.94602435237539,2.63220508819378,1.36956236285683e-13,1.11109321530515e-12
"AT1G61660",1.57925573227165,6.04831744491575,1.38428477734128e-13,1.12251626912141e-12
"AT1G26100",-3.03534352581964,0.807594557003281,1.48372580995288e-13,1.20203792101048e-12
"AT5G66630",2.92262631540759,0.811827230769422,1.48372580995288e-13,1.20203792101048e-12
"AT2G30230",-2.0531349409602,2.27143426894206,1.48793431368242e-13,1.20488909708707e-12
"AT3G44550",8.69065041247081,-0.423216609715827,1.49345451713768e-13,1.20879932051472e-12
"AT3G15710",1.60537617981436,5.33206004286799,1.49746403348919e-13,1.21148374352112e-12
"AT2G45450",-1.91695827911023,2.77032228391683,1.51714526763366e-13,1.22683860841995e-12
"AT3G13510",-1.68192965833095,4.20577481980052,1.53303908156844e-13,1.23911799644295e-12
"AT1G24330",1.80504175229707,3.24518234137269,1.54661343657263e-13,1.24951214009239e-12
"AT5G48850",2.54891161484726,1.26590598536384,1.69759946137265e-13,1.37086057197127e-12
"AT5G10410",1.92871715635801,2.67703093709397,1.73406702445439e-13,1.39966268645135e-12
"AT5G01210",1.65873348785036,4.40176962250581,1.73726410908679e-13,1.40159614301636e-12
"AT5G16830",1.60557677741745,5.21952367823921,1.74479945490428e-13,1.40702623939536e-12
"AT5G18640",-1.6913015573181,4.04752752781087,1.83975055448949e-13,1.48291189230704e-12
"AT1G31540",1.55468420426842,7.00257984341545,1.84996671423942e-13,1.4904593578363e-12
"AT2G29320",-1.84511506164788,3.00756820569134,1.90550036557732e-13,1.53449391484976e-12
"AT2G39570",-1.61266713723751,5.06275978677785,1.90753290864514e-13,1.53542347338135e-12
"AT1G14520",1.63420284837262,4.66495347775574,1.92949302381003e-13,1.55238502233183e-12
"AT4G23010",1.5774376988817,5.68451018646551,2.01699158592197e-13,1.62203605780468e-12
"AT4G15130",1.60900681067593,5.05757222946369,2.01995584365872e-13,1.62367301216944e-12
"AT5G58520",-1.98935789305622,2.45864684687765,2.02512652002146e-13,1.62708120172497e-12
"AT2G45300",1.56580551876161,6.13714743064881,2.03674554049031e-13,1.63566478109288e-12
"AT5G65290",1.60113260727325,5.20561417509273,2.08141426056602e-13,1.67076976664259e-12
"AT2G43200",-2.11112417469481,2.08429474120608,2.25456481046208e-13,1.80892870955982e-12
"AT5G58210",1.80277564903032,3.17883964658198,2.262296227644e-13,1.8142993095367e-12
"AT4G19540",-1.70611495296347,3.86934821682203,2.2919097720547e-13,1.83720580214729e-12
"AT4G18890",1.7054260968763,3.81352713174225,2.29449035249059e-13,1.83843147720408e-12
"AT3G28200",1.55116127842936,6.77296909255046,2.3017789164382e-13,1.84342651379245e-12
"AT1G17170",2.00440607169222,2.32549303498005,2.34139711026627e-13,1.87429696331434e-12
"AT3G25717",-2.41093541362328,1.45167547710841,2.39909109984548e-13,1.9196022745354e-12
"AT3G57010",2.67441276051512,1.07102235062427,2.46557774439353e-13,1.97189824818079e-12
"AT3G54790",-1.64628717740666,4.43552989890691,2.47223121965788e-13,1.97631542813346e-12
"AT1G19550",8.64435016257866,-0.466490116700227,2.48909086189615e-13,1.98888370834234e-12
"AT5G41810",1.61245696077385,4.87192912980471,2.50339052768537e-13,1.99939591573885e-12
"AT1G68130",-1.76389709106912,3.42218478091939,2.5503061764055e-13,2.03593620466198e-12
"AT1G34760",-1.79261395639683,3.21321257274791,2.60465643025743e-13,2.07837555318077e-12
"AT1G74840",-1.66455315241106,4.19718319120849,2.64915761280229e-13,2.11292073652474e-12
"AT4G37470",-1.59915485884365,5.11801529917548,2.6619230087739e-13,2.12213406121268e-12
"AT4G26130",-1.59585988433392,5.19826770058073,2.70112572877945e-13,2.15240570265502e-12
"AT5G12900",-1.62236404654539,4.73465594692371,2.70387730737799e-13,2.1536167182182e-12
"AT2G37930",-2.04108206075945,2.28350537009821,2.71308227910623e-13,2.15996436637587e-12
"AT1G53430",1.53741712677364,7.57132412696309,2.75180257928663e-13,2.18979355911097e-12
"AT3G01290",1.54220233638469,7.06271693365681,2.75622588958779e-13,2.19231561545329e-12
"AT2G14960",5.69521645388128,-0.270843402718222,2.762795933446e-13,2.19654212389433e-12
"AT5G07670",-1.65097535856865,4.33135068599387,2.7999922637389e-13,2.22510294304306e-12
"AT3G51290",-2.2300621236883,1.80590115446442,2.83229919204118e-13,2.24975405608614e-12
"AT1G62960",-1.65707963385313,4.23245257146467,2.90176934643382e-13,2.30388889571764e-12
"AT1G55360",-1.56713821202627,5.69348818707243,2.91938749220068e-13,2.31682485366067e-12
"AT3G62590",2.61045071772145,1.14492779929775,2.95217715738606e-13,2.34178372244013e-12
"AT3G47820",1.61646855892079,4.7225879812138,3.02559463577599e-13,2.39893292595336e-12
"AT1G79270",1.63198043249185,4.4781511923799,3.06397885219732e-13,2.42826574220153e-12
"AT3G52770",1.97263500901769,2.41027782191665,3.0695867428095e-13,2.43160783980691e-12
"AT5G60400",-1.90144916376206,2.67071227695481,3.12297000533043e-13,2.47277557079673e-12
"AT5G51070",1.52929643620136,8.16907315544637,3.17648075558817e-13,2.51400692847207e-12
"AT4G27520",1.52491901059396,9.29589689422755,3.20660024736048e-13,2.5366964762264e-12
"AT2G28720",-1.619163838572,4.69365438503696,3.24175296147837e-13,2.56334541047157e-12
"AT2G11520",1.56125596463126,5.73759556182417,3.28243060019985e-13,2.59433698839484e-12
"AT4G36470",-1.95190287463787,2.50061378111426,3.3910023085259e-13,2.67893779303923e-12
"AT2G23150",1.95350191393674,2.44715440781167,3.46899405994926e-13,2.73931450542425e-12
"AT1G31920",-1.75492740800933,3.4065851330076,3.47441591000878e-13,2.74235726206246e-12
"AT1G25425",1.75165487026016,3.38603930012731,3.55928738089446e-13,2.80807857762535e-12
"AT1G04200",1.57357625323353,5.46439408060519,3.57490597552688e-13,2.8191286048776e-12
"AT4G18253",1.98248199216754,2.34588580426432,3.591190622915e-13,2.83069367269715e-12
"AT3G50740",-1.80157595973536,3.13723948031962,3.60056944168548e-13,2.83680737039149e-12
"AT3G52710",1.63311472818111,4.41097475930897,3.6138096872421e-13,2.84595652081323e-12
"AT5G23480",-2.542843050684,1.24245496486331,3.64941458340092e-13,2.87270216846458e-12
"AT1G76380",1.64154859139727,4.3105915469016,3.68372168949111e-13,2.89840262364415e-12
"AT3G63050",3.20637745114737,0.495204875446657,3.73641414036934e-13,2.93853928997198e-12
"AT4G21960",-1.51893672504812,9.80044927375997,3.80230597671949e-13,2.98901597981056e-12
"AT3G04140",-1.77408319473291,3.24499613677112,3.82376300331613e-13,3.00453252076296e-12
"AT4G24390",-1.82478385918754,2.97184530113834,3.83876296307639e-13,3.01496374139553e-12
"AT1G66840",-1.62168716434313,4.54806781057971,3.84591816517239e-13,3.01922708943462e-12
"AT2G31110",-2.51034417730767,1.27514661951377,3.86749144577638e-13,3.03480040154886e-12
"AT1G12440",-1.57919625225507,5.30237369656412,3.88192755557949e-13,3.04476175209494e-12
"AT5G52780",-1.57019557718568,5.5159440255758,3.91195602844508e-13,3.06693844149351e-12
"AT1G49660",-1.66723272800383,4.01489568692244,4.02571681967667e-13,3.15471121283762e-12
"AT3G50340",1.67670909381873,3.92363301849901,4.12435629777299e-13,3.23056098360059e-12
"AT2G24630",-1.71234639180013,3.64653697319879,4.21019812932009e-13,3.29632305843722e-12
"AT1G77890",1.66139490225619,4.01130299371287,4.26733457696199e-13,3.33956179091434e-12
"AT1G20650",-1.70685699598387,3.6697345629965,4.34780818885939e-13,3.40101702755386e-12
"AT4G25433",5.66880303588982,-0.295292705135326,4.48436893269364e-13,3.50627111137222e-12
"AT4G27590",4.4225460395228,-0.0457106190819577,4.51395165770586e-13,3.52782372962322e-12
"AT1G78995",-1.6089373322885,4.65825133269949,4.71727375934011e-13,3.68508030091793e-12
"AT1G27190",-1.60373633055776,4.73376872981682,4.74655269062421e-13,3.70629659179023e-12
"AT1G03130",-1.51596574598797,8.24142710685877,4.95009735618695e-13,3.86350678920609e-12
"AT5G27760",1.56523215729919,5.39908009657104,5.01130724698767e-13,3.90953523422961e-12
"AT1G15580",2.78298324823421,0.867104696649232,5.08247641753363e-13,3.96328881390457e-12
"AT2G23450",1.57029311684315,5.27714274369441,5.11853934116697e-13,3.98963099873483e-12
"AT5G63160",1.56335522311905,5.44098008928654,5.14570115160432e-13,4.00901484997764e-12
"AT2G39920",-2.13229571409461,1.94052652907826,5.19515769883716e-13,4.04574352110334e-12
"AT3G26320",-3.12789475808014,0.657313517198705,5.22162078553004e-13,4.06454123746312e-12
"AT5G42780",-2.72742988221141,0.995848984511264,5.229250915143e-13,4.0686690587203e-12
"AT3G11880",1.57818369240629,5.06717089600425,5.44034617750083e-13,4.2310307927601e-12
"AT3G56800",1.51554027998137,7.78465575920349,5.45436621797404e-13,4.24004822538195e-12
"AT5G25170",1.67141304483513,3.87184757671026,5.51281297029652e-13,4.2835781848753e-12
"AT1G51950",1.52890753904639,6.50846576254072,5.53503962917134e-13,4.29893815356741e-12
"AT3G21270",-1.71771858075586,3.51852064585775,5.70449887704772e-13,4.4285858733315e-12
"AT5G26230",-2.27042155278786,1.66403158223144,5.85381597388684e-13,4.54248844524916e-12
"AT4G17090",1.50562451888221,9.98677312805572,5.88895019966945e-13,4.56772477111007e-12
"AT2G44130",-2.23374229305408,1.71313807173231,5.9807252993941e-13,4.63685234631073e-12
"AT1G29510",-2.88259755309216,0.809761242408666,6.07993601831325e-13,4.71168091348274e-12
"AT1G68585",-2.08507164033867,2.03787012277127,6.13823809050501e-13,4.75475483102787e-12
"AT2G43445",-2.64047574579694,1.06958513918467,6.18226032755819e-13,4.78673415884411e-12
"AT3G45230",-1.72707624282953,3.45603868298457,6.24425813113915e-13,4.83259694142124e-12
"AT5G44720",1.52716696499045,6.35673725230949,6.38961158875281e-13,4.94290174363564e-12
"AT1G13245",-1.88568929180428,2.62802772304959,6.51125100618883e-13,5.0347722839982e-12
"AT5G57390",1.92439398296012,2.457903612942,6.66392367354931e-13,5.1505471964926e-12
"AT4G35500",1.89200314037412,2.58982672839117,6.74749486313029e-13,5.21283485161763e-12
"AT3G30720",-2.01064266073909,2.19391767585694,6.83144504033282e-13,5.27536014311567e-12
"AT1G02460",2.43188359799424,1.32250146770487,6.96475375519382e-13,5.37536837590541e-12
"AT2G42350",8.60160592709242,-0.506350402220548,6.97017680499775e-13,5.37536837590541e-12
"AT2G13547",-8.57645737551289,-0.495368807111545,6.97017680499775e-13,5.37536837590541e-12
"AT4G23070",2.03733866310756,2.12536055594913,7.04253853625868e-13,5.4287787138188e-12
"AT1G48745",2.04673557451615,2.11038875219266,7.09143482453258e-13,5.46406148247259e-12
"AT5G40890",-1.5125005572884,7.2031663896283,7.17912375972075e-13,5.52919033881929e-12
"AT5G14760",1.71540403772052,3.45530528085939,7.22605951247967e-13,5.56288852737481e-12
"AT3G28930",1.52663328386866,6.18325432796511,7.25242663516856e-13,5.58072952740545e-12
"AT4G37925",-1.51698764520047,6.7946780766678,7.26592183415849e-13,5.58865426425838e-12
"AT1G27100",1.5171082895031,6.74568031430105,7.27729526362405e-13,5.59494076930252e-12
"AT3G13062",-1.60120691227371,4.55826517506937,7.31351000114176e-13,5.62031188351479e-12
"AT5G58570",2.10259924745483,1.93546173976877,7.41315116926603e-13,5.69438145396652e-12
"AT1G05710",1.8490153130924,2.72488166535993,7.45032275077825e-13,5.7204212846665e-12
"AT4G29905",-1.55152561613845,5.48254657703693,7.48508204793122e-13,5.74458689394124e-12
"AT1G49470",-1.99027301607317,2.28853529120545,7.50560746899334e-13,5.75781199563012e-12
"AT3G47430",-1.57858415371448,4.90101004619448,7.73759426420755e-13,5.93317370706757e-12
"AT4G27710",-1.61559874506322,4.32627524366016,7.7522253195172e-13,5.94178672780005e-12
"AT1G01600",2.48756386441558,1.21472793559395,7.87330736681535e-13,6.03194709439232e-12
"AT3G13870",1.5030874750635,7.71731662345045,8.39622280433452e-13,6.42974872046344e-12
"AT5G57990",1.50583799618876,7.33232231952903,8.49178491040499e-13,6.50008211859065e-12
"AT4G01870",1.55002770969685,5.40806984176848,8.53070429964708e-13,6.52701546042582e-12
"AT5G25280",-1.52249013023873,6.1586050386424,8.66178054045961e-13,6.62440547632788e-12
"AT5G64470",-1.84614987763506,2.77054366525254,8.71190768174464e-13,6.65982868386277e-12
"AT1G71020",-1.64930891686158,3.94773699581327,9.07383223861455e-13,6.93347067428751e-12
"AT4G35470",-1.55250891127284,5.28811904615342,9.27265817384941e-13,7.08230156633505e-12
"AT1G56230",-1.73380708250064,3.33078376045278,9.42027283864556e-13,7.19190524183582e-12
"AT3G46670",1.52914003821368,5.73481093712527,9.43964247187291e-13,7.20354733023806e-12
"AT5G11410",3.07643945057705,0.513920565861555,9.76428992094934e-13,7.44804016963165e-12
"AT2G39250",1.54848045701827,5.31242515257039,9.79867222117345e-13,7.47100682262431e-12
"AT4G20840",-1.63182947145777,4.10179079738445,9.97397559323522e-13,7.60135201815743e-12
"AT3G25640",2.84031587172417,0.741346347550313,9.98647035486854e-13,7.6075582228395e-12
"AT5G09250",1.67459927443915,3.65262883673404,1.00153200522148e-12,7.62621256414943e-12
"AT2G14900",2.61646880830359,1.02221007566244,1.00257342505645e-12,7.63081897704048e-12
"AT3G18830",1.51529362223123,6.24566168028162,1.01086295738797e-12,7.69056444038897e-12
"AT1G02220",2.47708073902374,1.20601966549836,1.01813588512409e-12,7.74252704637861e-12
"AT5G63970",1.85569373792809,2.64299404212872,1.02317088374504e-12,7.77743328718025e-12
"AT5G16010",1.50074783793497,7.26423684196439,1.02662593464061e-12,7.8003047437296e-12
"AT3G15530",1.60085911450951,4.37185151660984,1.05332129927381e-12,7.99965954613557e-12
"AT4G18670",-1.56427817327586,4.94582310277345,1.05713173431463e-12,8.0251125102139e-12
"AT5G59470",-2.10893825756552,1.9218011887576,1.05850416432291e-12,8.03204353509437e-12
"AT1G28440",-1.52512069524737,5.77859739498483,1.06894275473689e-12,8.10773370111285e-12
"AT4G26750",1.60047505177985,4.3604671854749,1.07815637336036e-12,8.1740710648132e-12
"AT3G15518",4.39678985070348,-0.0691214678408042,1.09657874224478e-12,8.31013703973363e-12
"AT1G02230",-3.37094967890484,0.433186200330759,1.10733920285982e-12,8.38804648336144e-12
"AT4G22980",1.67183179697721,3.66076394307336,1.11267579849912e-12,8.42482069517548e-12
"AT4G28550",1.70196002698931,3.44425491886804,1.12052908091426e-12,8.4794994596305e-12
"AT5G55400",1.5462397699723,5.27893579890734,1.12086731403112e-12,8.4794994596305e-12
"AT4G39620",-1.6222376265467,4.1336852479674,1.12337866163247e-12,8.49482229295867e-12
"AT5G56340",1.55995015772363,4.98562381616927,1.13629969011759e-12,8.58881430277812e-12
"AT2G37890",1.81501334627586,2.8008484647823,1.15602233076711e-12,8.73411340051917e-12
"AT1G20010",-1.49990372345443,7.02051542442392,1.16335050602196e-12,8.78568332474383e-12
"AT5G60710",-1.5271910208589,5.61252821997206,1.16595131749165e-12,8.80152283407014e-12
"AT1G09350",8.57065976671548,-0.535153528164674,1.17117936791458e-12,8.83717258923205e-12
"AT5G24580",1.76183907864304,3.03955964047709,1.18771871991642e-12,8.95810456440845e-12
"AT4G16008",-2.55716969336597,1.13270921530197,1.20439338478615e-12,9.07995237008035e-12
"AT2G01610",2.63713228882758,0.972286870363766,1.23681652325869e-12,9.32037210178088e-12
"AT4G23030",2.34021346818706,1.42948658352888,1.24585424483749e-12,9.38443333153548e-12
"AT1G09560",1.51650527996786,5.87172060785927,1.26811374601579e-12,9.54798993178037e-12
"AT2G36050",-1.88388364156757,2.53147491612128,1.31445460483791e-12,9.8926430720539e-12
"AT2G42190",-1.58643651090624,4.52223104599765,1.32043750593614e-12,9.93339454228983e-12
"AT4G32980",-1.5624527530069,4.85656707641422,1.32167603392602e-12,9.93843531231338e-12
"AT4G26950",2.16549734535781,1.69495470182029,1.33331977418319e-12,1.00216808306297e-11
"AT3G48780",1.5182998602337,5.72405952554732,1.35458377217891e-12,1.01771328272471e-11
"AT5G15730",1.5542328809652,4.97446781261125,1.35856972121393e-12,1.02026952044601e-11
"AT3G46990",-2.46477997357877,1.23478032034759,1.36648760870114e-12,1.02577513365917e-11
"AT5G25120",-1.63405171275972,3.96162390480409,1.38941896898521e-12,1.04254128046216e-11
"AT1G52245",-3.57002171942648,0.21839349378202,1.39688247452472e-12,1.04769181905258e-11
"AT1G57610",1.53263819134572,5.4183140671923,1.4038725105396e-12,1.05248298035008e-11
"AT5G52640",1.63128291020499,3.90994426751847,1.40552167410409e-12,1.05326769945828e-11
"AT1G49530",1.95963480993702,2.22606417988407,1.41194118661704e-12,1.05762501138071e-11
"AT2G01950",-1.73344175838387,3.20346359338723,1.48649186364087e-12,1.11299088873805e-11
"AT5G46260",-1.69462960363445,3.43497132535454,1.5019305419922e-12,1.12406899253637e-11
"AT1G33230",1.55072485338152,4.93521181453261,1.56715112627753e-12,1.1723792529187e-11
"AT5G09870",1.4809287612967,8.2346052053898,1.5827330343404e-12,1.18352958252238e-11
"AT5G03030",1.58935845453826,4.32565486240606,1.58831037498896e-12,1.18719240213476e-11
"AT5G63480",-3.35473903033379,0.419018279569416,1.59358647498046e-12,1.19062702316596e-11
"AT2G41475",1.54739199941005,4.99233494095209,1.59949785323091e-12,1.19453314686185e-11
"AT2G19310",-1.52715553354568,5.50166409380136,1.60022264945018e-12,1.19456415799904e-11
"AT1G08940",1.88420575854783,2.47548069476784,1.60325933610949e-12,1.19632022933001e-11
"AT3G49720",1.4837271945184,7.6226797385857,1.6296283613669e-12,1.21547750178232e-11
"AT5G35480",-2.24102103783704,1.56387974772064,1.63287907052594e-12,1.21738272025608e-11
"AT1G77760",1.4818911552245,7.80997177474713,1.65883745660902e-12,1.23620866384891e-11
"AT4G21700",1.5970056611407,4.23292036948932,1.66946982733993e-12,1.24360208740451e-11
"AT3G49930",-4.25274004215956,-0.0947328615666144,1.71351482477321e-12,1.27586795917845e-11
"AT1G17290",1.47914593059086,8.0611681691945,1.72859156736675e-12,1.28654603543095e-11
"AT2G26190",1.49247594029144,6.59666918125947,1.75407424048213e-12,1.30495659346167e-11
"AT5G02860",-1.5936242809353,4.27647551656024,1.77266464226576e-12,1.31822611402519e-11
"AT5G58700",1.70458679263867,3.31074903233515,1.79542829512725e-12,1.33458643213051e-11
"AT1G58270",1.48257620267391,7.37125675863412,1.80875046428709e-12,1.34391773765963e-11
"AT1G62570",1.59432155325888,4.21451209828418,1.81398865221312e-12,1.34723719654384e-11
"AT2G37550",1.49018410910841,6.63865463029422,1.85249368640847e-12,1.37525040847046e-11
"AT5G25460",-1.48043719983201,7.37422818219878,1.95872090875318e-12,1.45349395788335e-11
"AT3G42800",-8.51649719251758,-0.550429243323703,1.97335701717115e-12,1.4637335906323e-11
"AT4G24830",1.48427273677597,6.91431064376339,1.99530296155615e-12,1.47938429503334e-11
"AT4G12390",-1.67486353659197,3.49574544782084,1.99718752728641e-12,1.48015385924325e-11
"AT4G28300",1.50484674297944,5.73381479193059,2.07219828731425e-12,1.53509502784385e-11
"AT1G70280",-1.53122334077625,5.17084691316716,2.08946979783943e-12,1.54723424293209e-11
"AT2G04690",-1.60113292129995,4.15261975350123,2.0922158351915e-12,1.54861174625965e-11
"AT2G23200",-1.50567093325779,5.72188659680702,2.10475284235801e-12,1.55723207545261e-11
"AT3G05160",-1.55841790162602,4.69664798818569,2.10626791090429e-12,1.55769381921911e-11
"AT2G46220",-1.49134631420781,6.32998850176755,2.14131276772096e-12,1.58294169632412e-11
"AT2G31200",1.50613650205851,5.64771274965426,2.14577910076827e-12,1.5855729509185e-11
"AT1G16390",-2.47391943367633,1.18520459448412,2.20669179473027e-12,1.62989407043808e-11
"AT1G75770",-2.11726886275628,1.81039840739061,2.28413683552836e-12,1.68638362734553e-11
"AT1G21310",3.1237528208824,0.423411147683803,2.29549789994214e-12,1.69405613274328e-11
"AT4G17900",1.58275656650434,4.26777382315919,2.31472071596036e-12,1.70752161506899e-11
"AT3G62260",1.65336640104051,3.57649112921557,2.3169816316961e-12,1.70846857304694e-11
"AT5G18360",1.86828600600708,2.47905158546616,2.32197146712589e-12,1.71142610285674e-11
"AT5G62865",1.76800369282649,2.90564516008182,2.38420471389632e-12,1.75655503636955e-11
"AT1G60260",1.48634464369314,6.35286644333593,2.4331935590812e-12,1.79189229121384e-11
"AT2G35260",-1.47614601635096,7.07196701927897,2.48475461829285e-12,1.8290932628048e-11
"AT2G18890",-1.65659999179064,3.58342721090063,2.56830806976235e-12,1.88980345049054e-11
"AT5G45480",1.48528516050269,6.29227210998206,2.60756820912784e-12,1.91788451830804e-11
"AT2G27770",-1.69351661464644,3.33439641512827,2.64336851666561e-12,1.9433983085309e-11
"AT2G33110",1.76424471228062,2.89376505088632,2.69237923101279e-12,1.97859882706165e-11
"AT3G19300",-2.13164696287266,1.75903678992218,2.83565481088761e-12,2.08301483440118e-11
"AT3G56320",1.74882481568479,2.95881070641887,2.8420948354291e-12,2.08686871095367e-11
"AT1G71180",-1.67135542306916,3.45232772863512,2.87329697579846e-12,2.108893829886e-11
"AT2G47180",2.12091050316525,1.72223284514996,2.91220676231574e-12,2.13655521718699e-11
"AT1G23400",-1.48213562068071,6.3051583000591,2.92556113363196e-12,2.1454524034936e-11
"AT1G18590",1.51384859332498,5.32408470755879,2.96075214878444e-12,2.17034925858274e-11
"AT5G09876",4.0197040124219,-0.0283064145546562,3.06840938644283e-12,2.24832360868315e-11
"AT2G01870",-1.64276374562924,3.6338314424376,3.09834027538291e-12,2.26930385565645e-11
"AT3G05936",-2.3380298138152,1.33866071975159,3.10191291327393e-12,2.27096915673233e-11
"AT5G09430",3.79748233952468,0.0718338954696397,3.19189603473901e-12,2.33586933341742e-11
"AT2G29470",8.50670189399959,-0.594531350274636,3.3342928910823e-12,2.43905617635112e-11
"AT2G41710",-1.64088698567605,3.62641879132796,3.35633538711422e-12,2.45415355804759e-11
"AT3G30775",1.47685817505729,6.31521840024981,3.37550076997886e-12,2.46713544989718e-11
"AT3G51420",-1.47712529559605,6.30937592051018,3.42830977212009e-12,2.50468615737466e-11
"AT3G56000",-2.12459664225866,1.75338926291045,3.43593224600819e-12,2.50826339280106e-11
"AT2G23790",1.5541031890655,4.46128738473452,3.43607551664963e-12,2.50826339280106e-11
"AT1G18900",1.53371355515913,4.7747563388334,3.48972762746069e-12,2.54636511314254e-11
"AT1G75310",1.47705412581453,6.09360661972811,3.84568723549731e-12,2.80492907543594e-11
"AT1G05120",1.50165908786607,5.37687542686098,3.90396271671475e-12,2.84624604571826e-11
"AT5G49170",-2.26789009921903,1.41984633815733,3.94985607028634e-12,2.87850494692856e-11
"AT1G53470",1.91248387856239,2.21455560322392,3.95865585463588e-12,2.8837158461083e-11
"AT2G38940",1.92234873445091,2.18264557710397,4.16451492373037e-12,3.03241209544265e-11
"AT3G43670",-1.51621929948257,5.03491975483539,4.19558712365053e-12,3.05376559878361e-11
"AT2G34650",1.66859995868873,3.32626805094929,4.20935433091673e-12,3.06251110143226e-11
"AT2G29510",1.46814181991895,6.40055974676393,4.25877935779803e-12,3.09718134410911e-11
"AT2G36850",1.45484125539916,7.47948111460412,4.333861135334e-12,3.15047377251744e-11
"AT3G16770",-1.54736397144127,4.49767947054876,4.376855374958e-12,3.18040575728972e-11
"AT4G36960",1.47853622821188,5.79248328508898,4.57110205619532e-12,3.32017354584391e-11
"AT2G17040",1.68412908339773,3.2143994825315,4.76247398373656e-12,3.45773806717884e-11
"AT2G29120",1.53549528252341,4.52683630018364,5.09761794073847e-12,3.69821855738983e-11
"AT5G05410",1.81669813199025,2.5753411756171,5.09792754293284e-12,3.69821855738983e-11
"AT5G13210",1.98065359728788,2.03524414630579,5.12757510879947e-12,3.7181831450494e-11
"AT1G17200",-1.57755129116344,4.0311477306822,5.41182228687122e-12,3.92267367501532e-11
"AT2G47160",-1.50476733261561,5.08794592652553,5.44494720900598e-12,3.94504815810408e-11
"AT1G14200",-1.78655294100363,2.68825942236831,5.54543511613535e-12,4.01619064355403e-11
"AT1G72010",-1.52111915865778,4.79376831548394,5.61256343925151e-12,4.06312408316497e-11
"AT1G65610",8.47362727016448,-0.62515553361833,5.64977406544501e-12,4.08329888326478e-11
"AT3G27415",8.47362727016448,-0.62515553361833,5.64977406544501e-12,4.08329888326478e-11
"AT3G62760",8.47362727016448,-0.62515553361833,5.64977406544501e-12,4.08329888326478e-11
"AT5G01900",8.47362727016448,-0.62515553361833,5.64977406544501e-12,4.08329888326478e-11
"AT1G07220",1.51850268613419,4.76219680369689,5.876191850372e-12,4.24518438512619e-11
"AT3G12740",1.45917987387492,6.30159527790638,5.98802795245583e-12,4.32419218061897e-11
"AT4G15800",1.46235630520603,6.1181423877144,6.04511455940467e-12,4.36361427919372e-11
"AT1G70210",-1.54011060480456,4.41273083516152,6.26798895858167e-12,4.52262694853006e-11
"AT3G26290",-2.12421952919326,1.68734268877346,6.40500076296049e-12,4.61958037701478e-11
"AT3G20410",1.46309108236833,5.96820313573316,6.53184721395714e-12,4.70912514810774e-11
"AT4G34760",-1.52752916758196,4.56026925601749,6.58095760366879e-12,4.74257550638671e-11
"AT2G18193",4.30076880852963,-0.156035092118579,6.60497081343438e-12,4.75400184155098e-11
"AT2G37720",-4.18249776253212,-0.157391110950783,6.60497081343438e-12,4.75400184155098e-11
"AT3G48550",-4.18249776253212,-0.157391110950783,6.60497081343438e-12,4.75400184155098e-11
"AT5G41920",-1.59340905029409,3.80334561036863,6.76338167938177e-12,4.86601653912064e-11
"AT4G34630",-1.52772147594485,4.57172492335706,6.76693880615397e-12,4.86657306244302e-11
"AT5G11670",1.43545241685858,8.42624503759811,6.7818694125798e-12,4.87530521957782e-11
"AT3G13275",1.82431766602886,2.49182895635344,6.83671628466441e-12,4.91271314446313e-11
"AT5G67250",1.48549752081996,5.27401972756941,7.22863113008527e-12,5.19220041278886e-11
"AT4G24805",1.50648243483378,4.83249937733287,7.30824452878845e-12,5.24722953169645e-11
"AT5G53110",3.75200008439357,0.031365101741279,7.35336406333579e-12,5.27745746795154e-11
"AT2G17520",1.46585999031158,5.6597906705691,7.61386680148294e-12,5.46217617112541e-11
"AT2G28950",-1.4486507297284,6.50970435939235,7.63277094998996e-12,5.47349198189805e-11
"AT3G52070",-2.4401918707086,1.09788407631203,7.98628011245861e-12,5.72464678991857e-11
"AT5G13320",1.95761742073633,2.03990651386569,8.15799556866129e-12,5.84533756257809e-11
"AT3G22210",-1.47715655382415,5.44753083042346,8.25386489995801e-12,5.91160672044105e-11
"AT5G53160",-1.48865051589026,5.11789557430552,8.29220147370366e-12,5.93663220166917e-11
"AT3G26330",4.72658390018002,-0.296152129859956,8.31848488982978e-12,5.95301151571404e-11
"AT1G16300",1.85026897213093,2.3320633721901,8.39026121887272e-12,6.00192049466251e-11
"AT5G49390",-2.01375019491425,1.90199522257418,8.55097923060576e-12,6.11438731651045e-11
"AT1G51940",-1.44609185471566,6.33235204743639,9.08890004679764e-12,6.49637119861664e-11
"AT1G07720",1.4350433842802,7.07682014779399,9.20102639450464e-12,6.57382690866876e-11
"AT5G56530",-1.73760087361927,2.81694515956738,9.23097850658974e-12,6.59253256661390e-11
"AT5G58720",1.4564073436307,5.77596309248043,9.30512625192204e-12,6.64277346926717e-11
"AT1G31650",-1.50048344847971,4.84564740078587,9.34957452825196e-12,6.67178006030322e-11
"AT2G26660",1.51316546932525,4.59501188506821,9.5081100246353e-12,6.78214147534472e-11
"AT2G01180",1.49298952344504,4.87294767591941,1.00259071477137e-11,7.14856992917939e-11
"AT5G39210",-1.48335055038619,5.14188846826717,1.01580261082843e-11,7.23981942320159e-11
"AT5G18020",-2.45996626842489,1.05213036344682,1.03057487082592e-11,7.34211102960455e-11
"AT3G01990",1.8878973022975,2.15573452277851,1.0427292484224e-11,7.42567635444759e-11
"AT3G54890",-1.41781647027978,9.96524755232334,1.05715727873588e-11,7.52535859289064e-11
"AT3G23340",-1.72577637370867,2.83308034556775,1.07223149280625e-11,7.62955766737149e-11
"AT4G18760",-1.53508917961443,4.24004602093015,1.0915162174465e-11,7.76362002832268e-11
"AT1G36730",1.42358200237286,7.75143239329576,1.10997050090846e-11,7.89166907986278e-11
"AT1G49950",1.46396010328573,5.49487596261267,1.12400600751851e-11,7.98821017457159e-11
"AT4G04340",-1.43498352407185,6.60352139490245,1.12464860217818e-11,7.98952926122757e-11
"AT4G25230",1.44927442506267,5.77359032264641,1.16513419447236e-11,8.27377787244525e-11
"AT1G72700",1.47300342395037,5.19957399019747,1.16898606738648e-11,8.29776021766865e-11
"AT5G13140",-1.45316430430717,5.64537204015684,1.18116890424966e-11,8.38083439650847e-11
"AT4G30410",-1.82799586463468,2.40372817871015,1.1837706961675e-11,8.39588765967403e-11
"AT1G68560",-1.42379997597915,7.45720473624505,1.18918880524689e-11,8.43089532933144e-11
"AT4G13840",-1.4307594361208,6.70863337457415,1.22640791666975e-11,8.69124021367542e-11
"AT5G08350",-2.22425356216227,1.38453409974207,1.24091033243689e-11,8.79045192139147e-11
"AT5G42860",1.93146014376323,2.06391442511867,1.24143253856431e-11,8.79058933646006e-11
"AT1G09440",-1.66129073905704,3.14864980963712,1.24329461701887e-11,8.80021044102868e-11
"AT5G02460",1.72449553744167,2.77991511103236,1.24695713756127e-11,8.82107562358324e-11
"AT1G80310",-1.56765836099508,3.8249542426412,1.24725155531075e-11,8.82107562358324e-11
"AT3G27690",-1.46704925679028,5.31353741944175,1.24998492793468e-11,8.8368323878213e-11
"AT2G32530",-1.52841876907641,4.25167667985928,1.27697663407479e-11,9.02400262470878e-11
"AT5G47060",1.54481670907759,4.02124953578997,1.27818263945288e-11,9.02887559012311e-11
"AT1G14380",-1.50667237598623,4.55328927661015,1.27969808926473e-11,9.03592960202558e-11
"AT4G35420",-2.30200822299442,1.26007493808857,1.32219828250756e-11,9.33225376385937e-11
"AT4G02195",1.58875745101831,3.62322584976796,1.33382345439358e-11,9.41050663969448e-11
"AT2G04495",4.69927723101173,-0.320928661780454,1.33778014590472e-11,9.43461488134418e-11
"AT3G57830",-2.44875024622572,1.04289161334535,1.35013899265195e-11,9.51793548731213e-11
"AT5G62620",1.46962614167537,5.16475316556546,1.355338068966e-11,9.55073577578905e-11
"AT2G36270",2.05142361974824,1.69736152286879,1.36773581476414e-11,9.63421645830838e-11
"AT5G11250",-1.50523575886215,4.51130894256841,1.39390595520679e-11,9.81460242242463e-11
"AT2G47000",1.6692326362371,3.02922471455612,1.39957464989826e-11,9.85054895498037e-11
"AT2G24100",1.59894514115405,3.49454331118531,1.41401366603808e-11,9.94816938565142e-11
"AT4G17480",3.03678865283134,0.348463546814322,1.44338821403222e-11,1.01507466395516e-10
"AT1G08900",-1.52133991815676,4.28836993038237,1.52635307914378e-11,1.07298877694695e-10
"AT4G26690",1.41404570388669,7.65723923615972,1.53269630343896e-11,1.0770148502019e-10
"AT1G65500",3.53847526543545,0.0883392901214812,1.56659997480132e-11,1.10039643870837e-10
"AT4G15550",-1.50058817715099,4.50806128427995,1.60858845374771e-11,1.12943582075788e-10
"AT3G51790",1.54454755177724,3.95148912123695,1.62321209084708e-11,1.13924596484462e-10
"AT4G31870",2.55723891547587,0.832591529783216,1.63220910329252e-11,1.14510079265101e-10
"AT5G48380",1.41346854220643,7.41170185589274,1.65395617214241e-11,1.15989232882333e-10
"AT1G08250",1.48399968433814,4.73706678469779,1.67126503759754e-11,1.17156081204162e-10
"AT5G64810",2.95113134175882,0.406263331208928,1.69491576125364e-11,1.18766381779548e-10
"AT3G28180",1.40554900040281,8.71053057767396,1.70556157609096e-11,1.19464475299672e-10
"AT1G55000",-1.58348940818608,3.61573589570321,1.72012994156553e-11,1.20436651054826e-10
"AT3G57330",1.41187160642968,7.39890573579157,1.74513227592712e-11,1.22138300960904e-10
"AT3G28300",1.40729011066553,8.08014256090266,1.75306417702365e-11,1.22644341764324e-10
"AT5G57660",1.47733941567388,4.80912089338283,1.77620683073054e-11,1.24213696086648e-10
"AT5G11790",1.41839181789132,6.60503853886086,1.86389138643591e-11,1.30293535022227e-10
"AT1G29530",-1.50827632432676,4.34117915176821,1.8978598829212e-11,1.32615045296208e-10
"AT1G09010",-1.43603596571207,5.67482238776294,1.95677701272925e-11,1.36677317273454e-10
"AT1G52830",1.83336140261808,2.2475895772312,1.96447371605894e-11,1.37160119719882e-10
"AT1G20980",1.40908220359369,7.24074982380349,1.98873849973725e-11,1.3879886303755e-10
"AT5G50200",1.61412635400824,3.30932404880176,1.99308251491436e-11,1.39046534749592e-10
"AT4G23750",-1.56129114395054,3.76144841636372,2.01263331855091e-11,1.40354480686978e-10
"AT2G24550",1.56251871084921,3.66452144758269,2.05828064919026e-11,1.43480544616401e-10
"AT4G32710",-1.5856397676714,3.54395925854975,2.06531861359561e-11,1.4391377170782e-10
"AT2G38860",1.44965448430719,5.33398309508278,2.08706683947082e-11,1.45371273125372e-10
"AT3G04290",-1.51667795791233,4.20163942708687,2.09360420997084e-11,1.45768548000479e-10
"AT1G06475",2.0442420512271,1.66115113573189,2.10030748950636e-11,1.46177053499362e-10
"AT5G36910",-2.26136925368838,1.27631871598854,2.1113716872267e-11,1.46888623986408e-10
"AT5G03240",-1.41000994237525,6.97444450139871,2.12406818765906e-11,1.47713142899138e-10
"AT5G02950",1.69592372014133,2.82806589519332,2.13923908579457e-11,1.48709013665791e-10
"AT4G14690",4.67121797556363,-0.346339333673488,2.15568281854797e-11,1.49792538619531e-10
"AT3G16910",-1.41355940552175,6.61132501430673,2.19452336612498e-11,1.52430878068983e-10
"AT1G76960",-2.30436438053027,1.21103173166371,2.19672053413981e-11,1.52522895545537e-10
"AT3G48590",-1.52108313647243,4.09588928964433,2.23762753146571e-11,1.55301477302958e-10
"AT5G18860",1.45941768995822,5.0527989632517,2.25596274074743e-11,1.56511891255902e-10
"AT2G32710",-1.71631897833006,2.73846547588154,2.27974467889009e-11,1.58099072673683e-10
"AT1G71950",1.4610492619168,4.99525422774084,2.29681058231646e-11,1.59219426687703e-10
"AT1G02450",-2.39617993513684,1.06174961111896,2.30963255757591e-11,1.60044811748314e-10
"AT1G24580",2.40135348148951,1.03095263101413,2.31983611649893e-11,1.60624533959409e-10
"AT4G01895",2.40102924474523,1.03068646013927,2.31983611649893e-11,1.60624533959409e-10
"AT1G30100",5.43803974011215,-0.507286489771492,2.34567786764106e-11,1.62285263790933e-10
"AT4G15680",-5.33831265559599,-0.494449238060288,2.34567786764106e-11,1.62285263790933e-10
"AT1G45010",1.54016670192312,3.87005351589822,2.38903204703996e-11,1.65219332588606e-10
"AT5G40340",1.40805463159173,6.73038333700306,2.44224156137387e-11,1.68832381247526e-10
"AT4G30850",1.60003688616371,3.3448310929884,2.48512729013589e-11,1.71729171594647e-10
"AT4G30710",-1.53463887289049,3.93441337235935,2.49811426007741e-11,1.7255840224786e-10
"AT3G18773",-2.8112998750883,0.616279348697682,2.52561391321547e-11,1.74389052309424e-10
"AT5G23920",-1.41748860318706,6.10389393549571,2.54114551601541e-11,1.75392211040258e-10
"AT2G25930",-1.4161652516489,6.15623394883034,2.56381129591634e-11,1.76886791185893e-10
"AT1G42550",-1.40628012262766,6.75993556894621,2.58565022411269e-11,1.78323167132789e-10
"AT2G41820",-1.46257907510256,4.88993565393383,2.5966746369218e-11,1.79012865446782e-10
"AT5G03140",-1.50280793436809,4.28186897293413,2.64158165292910e-11,1.82036941419628e-10
"AT4G34240",1.39942774872385,7.27841318115739,2.66322411533205e-11,1.8345605677049e-10
"AT2G34925",-2.08780496556373,1.62426243865088,2.66537305659028e-11,1.83531772935675e-10
"AT5G04820",-1.77575422932347,2.4641583324038,2.67414194014667e-11,1.84063084801513e-10
"AT3G60220",-2.12450286474687,1.47036499548964,2.71486676641416e-11,1.86792663035099e-10
"AT1G27210",-1.47118281752961,4.72384546529928,2.73679752960988e-11,1.88227502793744e-10
"AT3G16360",1.5071116745328,4.1730361049799,2.75253530989493e-11,1.89235449559155e-10
"AT5G25630",-1.4036633249447,6.78210351371074,2.78042102580691e-11,1.91077440228704e-10
"AT1G70810",1.4981517234537,4.27779578167553,2.79641071524522e-11,1.91810505761145e-10
"AT5G22530",8.37751994487032,-0.713812566704613,2.79657369550512e-11,1.91810505761145e-10
"AT1G19565",8.36959496084432,-0.721100678190594,2.79657369550512e-11,1.91810505761145e-10
"AT1G63030",8.36959496084432,-0.721100678190594,2.79657369550512e-11,1.91810505761145e-10
"AT2G29350",8.36959496084432,-0.721100678190594,2.79657369550512e-11,1.91810505761145e-10
"AT5G50900",1.44253378281148,5.22127035431942,2.8091953987369e-11,1.92600639827911e-10
"AT1G29450",-2.29263607170455,1.20301317198719,2.81732396339193e-11,1.93082222077543e-10
"AT4G27730",1.64876631485587,2.99393881282925,2.84039688931367e-11,1.94587221065325e-10
"AT5G39320",1.42417550901394,5.62528582028617,2.8526221236786e-11,1.95348188751559e-10
"AT1G19050",1.45421163278716,4.98153909373868,2.86448873329009e-11,1.96084011449141e-10
"AT5G12300",1.78286513910889,2.39731758204552,2.8779523731125e-11,1.96928537530825e-10
"AT5G63770",1.43650579597046,5.35467336665683,2.8907275586538e-11,1.9772531262889e-10
"AT3G62780",-2.15413373137631,1.41341694527859,2.91187190330182e-11,1.99093689813945e-10
"AT1G77580",-1.49684181223488,4.2936546223195,2.92457399159164e-11,1.9988399958951e-10
"AT2G30400",3.36275540086816,0.143271236893716,3.04210016757376e-11,2.07591870529633e-10
"AT1G54120",-3.27488922047596,0.168909709444358,3.04210016757376e-11,2.07591870529633e-10
"AT1G76800",-3.27488922047596,0.168909709444358,3.04210016757376e-11,2.07591870529633e-10
"AT5G03150",-3.27488922047596,0.168909709444358,3.04210016757376e-11,2.07591870529633e-10
"AT3G07390",1.4050974909424,6.43390071014753,3.05087803315907e-11,2.08109639694577e-10
"AT3G13910",1.65615800728461,2.96211131615775,3.13744165962541e-11,2.13930938124926e-10
"AT5G43440",-1.45788873562257,4.84638152854365,3.17518689619934e-11,2.16420243689096e-10
"AT1G32460",1.47607954831976,4.49262347343698,3.17949618969552e-11,2.16629508513043e-10
"AT5G48545",-1.48654436592715,4.40677639034924,3.19495550783246e-11,2.17598002117004e-10
"AT4G02410",1.46845198114158,4.61867647272553,3.24400365079519e-11,2.20852475961263e-10
"AT1G12760",1.41163620309614,5.95923603174881,3.26734205079781e-11,2.22354772573368e-10
"AT2G38010",1.40970130789913,6.04186928841261,3.28746437357641e-11,2.23637119234383e-10
"AT2G22850",2.10006785251469,1.47160144350684,3.37525806220171e-11,2.29520173868038e-10
"AT5G42940",1.41970858969755,5.58429138088435,3.38423014825301e-11,2.30040807472423e-10
"AT2G37940",1.39545063212839,6.84951395411677,3.45333382501905e-11,2.34646852945232e-10
"AT2G47490",1.49582211374976,4.17580376896745,3.46856252026688e-11,2.35590048725042e-10
"AT5G61570",1.44433653522087,5.00725362079658,3.56535643323286e-11,2.4207039426101e-10
"AT5G53550",-1.41436457763321,5.75256015745739,3.57196179699085e-11,2.42424720872636e-10
"AT2G31730",1.58704765100237,3.32754162641952,3.72268525412121e-11,2.52556097391545e-10
"AT5G47820",-1.41288479997636,5.74642474950769,3.75465882816317e-11,2.54626455751655e-10
"AT3G46590",-1.40853369646524,5.88099143302231,3.88013766001976e-11,2.63033915122627e-10
"AT5G01710",1.39034114556943,6.95810177331818,3.89502913889809e-11,2.63941063702928e-10
"AT4G16790",1.5171486406357,3.90062572534108,3.97611068227522e-11,2.69331046331723e-10
"AT1G45688",1.38684738597821,7.24411160103928,3.97770496611433e-11,2.6933468598984e-10
"AT2G42620",-1.55635884833531,3.57663049837891,3.98100022010432e-11,2.69359253020082e-10
"AT1G01620",-1.3860554644243,7.36611918910165,3.9811491723611e-11,2.69359253020082e-10
"AT3G25400",1.62058138601882,3.1046428081219,4.02950947890483e-11,2.72525780346975e-10
"AT3G51160",1.40689806825494,5.83862063963726,4.10373316857682e-11,2.77438387417744e-10
"AT1G07510",1.41108490164219,5.6665780768432,4.1123782619019e-11,2.77915381340668e-10
"AT2G22660",-1.44164863952598,5.01994033821351,4.12722011399636e-11,2.78810623079592e-10
"AT5G48460",-1.49427099697815,4.17660633709403,4.17390135924392e-11,2.81855223884362e-10
"AT1G76610",3.90064407448538,-0.134616152702956,4.19992973175888e-11,2.83503364866179e-10
"AT1G48320",1.58744756316809,3.27515332603875,4.2347626845493e-11,2.85744330428311e-10
"AT3G24350",1.43448283271075,5.12479992261289,4.28636184945558e-11,2.89114445270184e-10
"AT4G23020",-1.87727902428647,2.04424455594179,4.29755343821209e-11,2.89757527035333e-10
"AT2G30140",1.4371298571573,5.03756784212797,4.30998905182615e-11,2.90483957567758e-10
"AT1G30757",2.13879477745389,1.42804866137994,4.3748774709915e-11,2.94743671773967e-10
"AT3G18230",-1.5926217154845,3.30015211332455,4.38467741249627e-11,2.95290120195194e-10
"AT4G27300",-1.65416551167342,2.8849071935425,4.41895848976399e-11,2.97484217468401e-10
"AT5G45840",1.6050795974445,3.17215942816027,4.59852026850783e-11,3.09453155713327e-10
"AT3G06080",-1.41101256156528,5.55990755955797,4.63294084841966e-11,3.11649499241712e-10
"AT1G67400",-2.0465447358869,1.62553432568867,4.65117067242748e-11,3.12755449484806e-10
"AT4G39190",1.61190941277413,3.12495163131314,4.72513684086381e-11,3.17606948822845e-10
"AT2G30790",-2.3096255329556,1.10763472693654,4.90577131368706e-11,3.29621828890049e-10
"AT5G07790",-1.7099790142654,2.65228387678981,4.98150317993111e-11,3.34581713771554e-10
"AT2G46225",-1.48073423547987,4.25108939689097,5.04273121434113e-11,3.38564016207089e-10
"AT3G12950",-1.48605818522268,4.13994991924135,5.27499724806894e-11,3.5402217615351e-10
"AT4G35780",-1.44413294448245,4.78395405809887,5.36173321047691e-11,3.59705225321442e-10
"AT5G56220",-1.80830141092607,2.2614913447851,5.39696137710504e-11,3.61929711376784e-10
"AT2G15480",1.69391566927354,2.63213029061949,5.41611114074868e-11,3.63074659024959e-10
"AT5G01015",-1.65416291366856,2.84979223825337,5.46294110286422e-11,3.66073588736586e-10
"AT1G55260",1.38439017334753,6.55079999480582,5.47077174043103e-11,3.66457863363815e-10
"AT4G24060",1.44374263210865,4.72485356636995,5.47704715362144e-11,3.66737707341109e-10
"AT1G02205",1.53770818334698,3.61110062080142,5.54312737690647e-11,3.71020275384594e-10
"AT5G62350",1.37548040607402,7.26476702964,5.62089462961008e-11,3.76081518597294e-10
"AT1G67480",-1.39125132855396,6.09469419054739,5.71166762475377e-11,3.82008741712204e-10
"AT3G44730",1.562949298306,3.40580588881502,5.73361465472703e-11,3.83329961791942e-10
"AT1G34750",1.41869887115418,5.21666089533475,5.84248621320566e-11,3.90459428384842e-10
"AT4G15620",-1.50493102351449,3.89706923851799,6.10642744256398e-11,4.07942953681108e-10
"AT4G39070",1.81627143942324,2.12024435069335,6.2738945783109e-11,4.18970584081778e-10
"AT4G19960",1.40082332812719,5.52850127253657,6.28786964095658e-11,4.19743508716472e-10
"AT2G38870",1.46899014567223,4.24360112177081,6.3250017007844e-11,4.22061086774098e-10
"AT4G04570",1.36922719664059,7.51331633490729,6.41036816582985e-11,4.27594302339577e-10
"AT5G18060",-4.05724756733926,-0.268322328373202,6.47614853651625e-11,4.31817333577092e-10
"AT1G42470",1.38792604026226,6.01950972059883,6.48221764533972e-11,4.32057228720833e-10
"AT2G17260",1.83811779412492,2.09693459995908,6.60331641858879e-11,4.39961055435167e-10
"AT3G44850",1.45732341297338,4.3866309690154,6.68344323747216e-11,4.45130049983717e-10
"AT3G04060",2.66303385247849,0.591637503873191,6.73706856885586e-11,4.48530730347704e-10
"AT2G28660",-1.77882089670161,2.3132222370344,6.74499173828721e-11,4.48887288010945e-10
"AT4G24810",-1.42794492017264,4.91225023080709,6.79259982646804e-11,4.51883648272986e-10
"AT4G23630",1.37052753527101,7.09248369930332,6.87263610008515e-11,4.5703422190106e-10
"AT5G58960",-1.44612028291613,4.59796426718833,6.94152008074525e-11,4.61439526888476e-10
"AT2G34670",1.60175280624798,3.08149464852952,7.01909164595283e-11,4.66418773265653e-10
"AT2G37460",-2.59460027010131,0.721222886109816,7.2403109039287e-11,4.80753344220985e-10
"AT3G05890",2.52152336764716,0.727529487175821,7.2403109039287e-11,4.80753344220985e-10
"AT4G32890",-1.82398265116469,2.11318155314554,7.3104959197119e-11,4.85229309659541e-10
"AT5G65480",-1.42456908297975,4.9622607169012,7.33845391070465e-11,4.86900150743261e-10
"AT1G73600",-1.36987683298076,6.95198108405596,7.40746468004335e-11,4.91292507591798e-10
"AT1G52710",1.50674976262224,3.78074207721464,7.50601674485783e-11,4.97640086273605e-10
"AT5G41070",1.55541865595856,3.36351580525551,7.6999049299301e-11,5.10301129226565e-10
"AT2G42200",-2.26418771844989,1.1256739629439,7.93500020517872e-11,5.25682488014928e-10
"AT5G66330",-3.36216352492018,0.0373322296951962,8.03798305652336e-11,5.32303249156053e-10
"AT5G44568",1.53154503153519,3.5173862771865,8.10928060023233e-11,5.36821479492093e-10
"AT2G17280",1.64797134615547,2.79237834679005,8.18480260373491e-11,5.41615836188863e-10
"AT3G61980",1.61222961255632,2.95631503981334,8.22381447564873e-11,5.43991481187162e-10
"AT1G70890",-1.38512819387111,5.78361637503991,8.45428871781144e-11,5.58995512074142e-10
"AT4G29940",1.42173467043459,4.89088328162066,8.45703328625582e-11,5.58995512074142e-10
"AT2G41240",-2.8844869403893,0.448933332737223,8.51150976435119e-11,5.6238369316006e-10
"AT2G31750",-1.41040011983206,5.13765372947008,8.53251982715273e-11,5.63558912497587e-10
"AT4G32000",-2.18334044379751,1.26102140897977,8.60241524907863e-11,5.679608225062e-10
"AT3G25570",1.40838008891691,5.16149977735643,8.65022137813934e-11,5.70901549090261e-10
"AT3G60380",-1.45286042794371,4.37880955194289,8.72741661322122e-11,5.75778960939421e-10
"AT5G28630",1.78037207744251,2.18841515223256,8.80025154314706e-11,5.80365136661034e-10
"AT5G13460",1.43930799637872,4.55268933936386,8.83724890768697e-11,5.82585304121762e-10
"AT4G12320",-1.36103110424754,7.20219090244919,8.98677974791462e-11,5.92219639399892e-10
"AT1G30260",-1.73975227246084,2.37542713052858,8.99799517493494e-11,5.92735303856019e-10
"AT2G39360",1.39730753884986,5.41991579116826,9.01537282141385e-11,5.93656357953968e-10
"AT3G01690",-1.38223772982714,5.79830486145958,9.12252237223854e-11,6.00485913531048e-10
"AT4G22758",2.21798801002852,1.1956171546151,9.40330885587184e-11,6.18735599274397e-10
"AT2G14247",-2.4667477999703,0.853689649023321,9.64198327551597e-11,6.34201631323723e-10
"AT5G01500",1.45872921634365,4.21368398314396,9.72047377629122e-11,6.39123892556974e-10
"AT3G50410",2.55868821223183,0.678698197685202,9.76946201947064e-11,6.42103400324832e-10
"AT5G63905",2.2336049300607,1.16046464095712,9.81599181670276e-11,6.44919146679498e-10
"AT4G20880",1.43618039445202,4.50177862739717,9.88349117538335e-11,6.49109978284099e-10
"AT2G17450",-1.50928274343892,3.6815228202982,1.0304185770411e-10,6.76485466857288e-10
"AT2G21970",-1.36632041563597,6.40059202679188,1.03085603365843e-10,6.76518619986876e-10
"AT1G53490",-3.04967194379475,0.315706125025129,1.03626746224368e-10,6.79814785831378e-10
"AT3G21260",-2.08534585235459,1.39937689768084,1.06107019258004e-10,6.9582483784234e-10
"AT5G14390",-1.57230388693262,3.16466964925603,1.06479262885949e-10,6.98004106874783e-10
"AT4G35270",-1.46212350494635,4.12249624193122,1.08204464287576e-10,7.09047469692538e-10
"AT5G13180",-1.39361813558147,5.35493212481853,1.08526663007001e-10,7.10892337711278e-10
"AT3G04450",-1.6969058586881,2.51322025825147,1.1106068312522e-10,7.27218697782105e-10
"AT2G04305",1.42537307492784,4.63310526531557,1.1254444029333e-10,7.36658348801308e-10
"AT4G15230",2.18175945686841,1.21269580753873,1.1466982796837e-10,7.50289147593939e-10
"AT1G08230",1.40785299401073,4.90895563927236,1.16836608675356e-10,7.64180482406003e-10
"AT4G13395",3.17336965991814,0.160663922706351,1.18443421670328e-10,7.74400277136252e-10
"AT2G39560",-2.35573744395098,0.96676049753573,1.18669792749365e-10,7.75367412736599e-10
"AT2G02410",-1.51942509224496,3.53603537526131,1.18680043269641e-10,7.75367412736599e-10
"AT2G22980",-1.4170739326089,4.77647364738959,1.21015008562473e-10,7.90327005863923e-10
"AT4G38430",-1.36977090561995,5.91934483076031,1.21900915283151e-10,7.95815422664422e-10
"AT4G23400",-1.36655754880305,6.04392255284283,1.24069371405975e-10,8.09669585774791e-10
"AT1G22180",1.48331745395818,3.78948742076203,1.25651615984581e-10,8.19689254574039e-10
"AT1G34640",-2.01107099674293,1.5975319034645,1.26074961627589e-10,8.22144182818027e-10
"AT4G27470",-1.62762159690043,2.81815693835022,1.27386997535456e-10,8.30390334792090e-10
"AT2G28940",-1.5427836269809,3.33536578076807,1.2759870258029e-10,8.31460349314651e-10
"AT3G22260",1.55385095247294,3.20872405758635,1.28750467261048e-10,8.38652913235804e-10
"AT5G63350",2.62753824831664,0.562023401190369,1.29951484300526e-10,8.46160819376573e-10
"AT4G25620",1.3918338169601,5.21786612715694,1.31408675084128e-10,8.55330553423607e-10
"AT1G47380",1.38749896703361,5.29759995478631,1.31702696918484e-10,8.56925288509806e-10
"AT2G22680",2.54344102787792,0.66606884335186,1.33746455246213e-10,8.69899284624083e-10
"AT1G78890",-1.47425020222493,3.90031078423252,1.38633526870099e-10,9.01349925723296e-10
"AT1G22330",-1.42812000165855,4.45131243889197,1.41389508284683e-10,9.18926681539449e-10
"AT3G45780",-1.3408297187912,7.92211104579769,1.41909913001565e-10,9.21966186921722e-10
"AT5G62280",-8.24811845894177,-0.794644792886645,1.42164265559427e-10,9.23248334097524e-10
"AT1G11700",-1.67749175313466,2.58589410696583,1.42212879009588e-10,9.23248334097524e-10
"AT2G35000",3.61234921474058,-0.0919410431045659,1.42267552611987e-10,9.23260438869849e-10
"AT4G03205",-1.52392504437658,3.42721845998628,1.43104517414961e-10,9.28347412974308e-10
"AT5G07440",1.35624212365241,6.27559486080052,1.46043689003335e-10,9.4690354780899e-10
"AT3G58940",-1.69812666440931,2.4683723345546,1.4607326365274e-10,9.4690354780899e-10
"AT3G10800",1.38327771641998,5.34791732885032,1.46273801754368e-10,9.4785206674263e-10
"AT1G76870",-2.04148513605133,1.44286303958021,1.46726137633803e-10,9.50430924139227e-10
"AT1G14700",-1.45306149021085,4.0903919204936,1.47225513689312e-10,9.53312465122313e-10
"AT3G18524",-1.61867850847702,2.82312301698212,1.49127484417363e-10,9.65270570184655e-10
"AT2G40435",1.5068373511097,3.55000888679101,1.50070220021935e-10,9.71013196389152e-10
"AT2G40080",-1.44273302851796,4.25332037762647,1.50606152966768e-10,9.74120374516463e-10
"AT4G25350",1.65608496901373,2.60356081935328,1.51891414435052e-10,9.82070117813616e-10
"AT5G60850",1.3924054204183,5.04717998969528,1.53302282789886e-10,9.90523094914748e-10
"AT5G14090",-1.74917683704265,2.29014541253164,1.53312102890769e-10,9.90523094914748e-10
"AT1G12090",-1.33395070412597,8.94156415133899,1.54674747522684e-10,9.98957743235715e-10
"AT3G62470",-1.52301371347791,3.40422429837457,1.57782415435146e-10,1.01865213037395e-09
"AT3G26200",-3.70770770579758,-0.199922982451375,1.58527461182777e-10,1.02308438680638e-09
"AT5G21160",-1.38393611001357,5.24756889203686,1.59052273248012e-10,1.02575064419523e-09
"AT3G54000",1.70289558317858,2.41418430682089,1.59057941795646e-10,1.02575064419523e-09
"AT1G04160",1.42930392010032,4.34537279479303,1.60054110196308e-10,1.03179425094471e-09
"AT3G12400",1.39972490254959,4.86996025311724,1.62533242521376e-10,1.04706744512347e-09
"AT4G30260",1.36800840382797,5.5630250320674,1.62543101645319e-10,1.04706744512347e-09
"AT1G05550",4.11562637482981,-0.321897456971972,1.63326624776971e-10,1.05133997826796e-09
"AT4G26200",4.11562637482981,-0.321897456971972,1.63326624776971e-10,1.05133997826796e-09
"AT1G03905",1.94058279723973,1.63999359541338,1.65423510778417e-10,1.0644458001248e-09
"AT1G66400",1.6227483816448,2.77289389432564,1.68951810823962e-10,1.08674926734191e-09
"AT3G16870",1.44302180817595,4.12720776952238,1.70160230165321e-10,1.09411964103726e-09
"AT5G56580",1.85864746829687,1.86939953958633,1.71278136038228e-10,1.1009028133663e-09
"AT1G73200",1.36062083886688,5.7716126916034,1.72997122095331e-10,1.11154306710499e-09
"AT1G70290",-1.4065386409447,4.7001243807347,1.75561753217804e-10,1.12760695499885e-09
"AT1G77990",-1.53663011005529,3.29109563025892,1.75979065849642e-10,1.12964806560246e-09
"AT1G32540",-1.4609899548049,3.92667425906021,1.76008770274043e-10,1.12964806560246e-09
"AT4G22200",-1.41265547582136,4.56090931315664,1.7824786246533e-10,1.14359903834179e-09
"AT3G56080",-1.59564617636195,2.88504193566802,1.79055535420894e-10,1.14835947386775e-09
"AT5G52060",1.34736821677737,6.35839384383159,1.82915115219754e-10,1.17268242001722e-09
"AT5G65207",-3.32604734041138,0.00620846193633103,1.83334363770695e-10,1.17493939948793e-09
"AT4G37320",-1.62626012551397,2.74506583627415,1.85539299532993e-10,1.18863450851422e-09
"AT2G39400",-1.75418781056329,2.1947740815065,1.88022872769667e-10,1.20410398704472e-09
"AT3G21240",1.50238550695091,3.49595365006259,1.92366632786478e-10,1.23147046539948e-09
"AT2G45600",-1.69489626342477,2.41873416470627,1.94327289495098e-10,1.24356661868331e-09
"AT1G12220",-1.54346148781146,3.17854482004847,2.07306234550625e-10,1.32613790656736e-09
"AT3G10500",1.44019506972172,4.05734172406405,2.11954213442633e-10,1.35537509642193e-09
"AT4G25070",2.32351199384257,0.907729873488593,2.13581903016602e-10,1.36528424513318e-09
"AT5G42010",1.94123529474944,1.61064658144749,2.14836096801676e-10,1.3727995176841e-09
"AT3G04110",1.47192905103295,3.72790003279489,2.24729869452629e-10,1.43549591071988e-09
"AT4G23300",-1.41934324616641,4.36776835067869,2.26602647418318e-10,1.44692990679856e-09
"AT5G64780",-1.7872519617467,2.06360581996378,2.27481061780123e-10,1.45200854439646e-09
"AT3G26470",2.3997584084479,0.774410301228969,2.36750406965974e-10,1.51062312590734e-09
"AT1G65845",1.74959576006894,2.12737632360731,2.39801503143049e-10,1.52953290020063e-09
"AT2G26710",-2.83393697143575,0.406289170823918,2.4017633545667e-10,1.53136501560502e-09
"AT1G21010",1.58453635416853,2.89734378412172,2.4051907204076e-10,1.53299122730172e-09
"AT2G20630",1.32389487795305,7.72370698833643,2.43546426098943e-10,1.55172090651889e-09
"AT3G48290",-2.0295864464624,1.47102699698544,2.45015402448471e-10,1.56051157778019e-09
"AT5G37440",2.10430121026573,1.28110012654048,2.50163468767618e-10,1.59271956462646e-09
"AT2G02070",-1.34535331965793,5.92337017714846,2.50854963657082e-10,1.5965407097258e-09
"AT5G24520",-1.42219323292831,4.25405739346485,2.56581099061613e-10,1.63238986713762e-09
"AT4G35590",3.13100996932584,0.124234910915661,2.56915940351793e-10,1.63392556754107e-09
"AT3G59300",-1.35372880050234,5.52724025948992,2.61327720926939e-10,1.66137910726024e-09
"AT5G53360",1.49884182643387,3.39972941673064,2.67952138168563e-10,1.70287431174154e-09
"AT3G45010",1.37136250626839,5.11412176641491,2.70893892933293e-10,1.72094401531714e-09
"AT3G24530",1.35085935645,5.51044723485021,2.80584731859941e-10,1.78186083076911e-09
"AT3G53280",-1.46556420909069,3.72032698331188,2.82657517120078e-10,1.79437232091878e-09
"AT2G36830",1.31406240424463,8.6611703537126,2.88264785634015e-10,1.82930426397078e-09
"AT5G17880",-1.38718048448125,4.72740415583357,2.88440023519098e-10,1.82975215209884e-09
"AT2G20250",-2.07568473981172,1.30903629137597,2.95065785551749e-10,1.87110450808894e-09
"AT1G17230",1.39000004342539,4.63955329581912,2.98527761372198e-10,1.89237159248373e-09
"AT4G13195",-2.0265434931087,1.39253811894288,3.00800259589564e-10,1.9060858783633e-09
"AT3G61630",1.81330721443721,1.92777557149283,3.06807450501546e-10,1.9434473395357e-09
"AT1G75100",-1.51303249304998,3.29890148579851,3.09871188226203e-10,1.96185293607523e-09
"AT3G59900",2.80134229753344,0.279426264382519,3.09937528424172e-10,1.96185293607523e-09
"AT1G52340",-1.64759376358518,2.52100436840899,3.15195726351516e-10,1.9944143625782e-09
"AT5G06280",-1.68907238699576,2.35343360233201,3.16204765820018e-10,2.00007522461338e-09
"AT2G33500",-1.63808053052672,2.61165222549873,3.23128550193594e-10,2.04313072080818e-09
"AT1G74940",-1.63176202521458,2.63428745410863,3.24750247155383e-10,2.05264228887113e-09
"AT4G15450",1.36415035603909,5.10163411854101,3.26659014742282e-10,2.06396080763979e-09
"AT5G02810",-1.46499939970496,3.66863234519182,3.28873612771238e-10,2.07720280783221e-09
"AT2G36880",1.31072991643107,8.30795485586507,3.30863064133505e-10,2.08901370539764e-09
"AT1G72030",-1.42364812007812,4.11610415187022,3.31400192715752e-10,2.09164966398899e-09
"AT5G67630",1.39216054998146,4.53710801927163,3.3228424850176e-10,2.09647257905315e-09
"AT3G12510",1.83702784673896,1.85273848036013,3.41693393739129e-10,2.15505974124862e-09
"AT4G23850",1.31001522478403,8.17355385897807,3.43803622970926e-10,2.16758699617768e-09
"AT1G17410",1.60218681538689,2.71144785468385,3.47455016652544e-10,2.18981833314219e-09
"AT2G17705",1.53837222952224,3.06134597102701,3.52581400756978e-10,2.22132635294928e-09
"AT3G55290",1.63578235611356,2.52177464278443,3.55017553167527e-10,2.23586883358353e-09
"AT3G55110",1.64029450610549,2.53933358091211,3.56929441592083e-10,2.24629137053794e-09
"AT2G24645",-1.63833736532342,2.5422195578315,3.56929441592083e-10,2.24629137053794e-09
"AT5G63980",1.3261866393421,6.25966748628065,3.59141233646285e-10,2.25939769263692e-09
"AT4G37610",-1.49988252488104,3.34239296030561,3.70615362634609e-10,2.33074402336002e-09
"AT1G64060",1.36329761186143,5.0039401198186,3.71614343165709e-10,2.33618610628051e-09
"AT5G44190",-1.37784806448613,4.75620472664493,3.72153173417906e-10,2.33873254164818e-09
"AT3G58710",1.96600461912467,1.47086709634871,3.7354137743461e-10,2.34661297222037e-09
"AT5G20900",1.31965832535307,6.53688760452029,3.84865967003795e-10,2.41688638689919e-09
"AT1G75440",1.39232605937708,4.45283824665155,3.85493761650767e-10,2.4199595816662e-09
"AT2G25690",1.57219337253636,2.86547061699788,3.88193972438697e-10,2.43603561383551e-09
"AT4G14120",-2.36705968788916,0.843424268125067,3.91931678476804e-10,2.45860837273411e-09
"AT4G00570",1.30855104476589,7.62080065832999,3.92467169104775e-10,2.46108447541563e-09
"AT2G42290",-1.98952690135819,1.51179624433311,3.97005588876059e-10,2.48865138412339e-09
"AT2G36000",-1.3286678988977,5.94344717708963,4.03952324365397e-10,2.53128978024381e-09
"AT2G30010",-1.35706984374971,5.1345337142299,4.04691397564289e-10,2.53501243411554e-09
"AT1G73680",-1.41932541965444,4.05150909003023,4.13952843945533e-10,2.59209798377498e-09
"AT5G10030",-1.52628778732784,3.10365055547816,4.15891429818392e-10,2.60330464286249e-09
"AT3G55130",1.34551066085476,5.38211531983501,4.24677711332788e-10,2.65735162034042e-09
"AT1G28260",-1.48038726888336,3.45918773310505,4.29157795225402e-10,2.68442423396269e-09
"AT1G21520",-1.75020719754265,2.07771655741548,4.29770049486684e-10,2.68729248039188e-09
"AT5G25590",-1.44901833488959,3.71450329579098,4.33846592405936e-10,2.71181264749123e-09
"AT4G16980",-1.30087568448852,8.3790049435947,4.41635120760249e-10,2.75950922668028e-09
"AT2G38060",2.78147598070824,0.262763155762712,4.47205703061227e-10,2.79331808024989e-09
"AT1G70610",1.32924181804547,5.71107656466612,4.52691986990853e-10,2.82657643162896e-09
"AT1G76590",1.49936937900531,3.26257701203457,4.53401600256701e-10,2.82999649314098e-09
"AT2G35800",-1.32503117794926,5.92307818186271,4.54715441066332e-10,2.83718417421937e-09
"AT4G19020",1.32363464226767,5.91167343485302,4.67706980076337e-10,2.91720340088284e-09
"AT4G12420",-1.30522745676937,7.270081665859,4.70826821145432e-10,2.93561530459543e-09
"AT1G78120",1.90297262165269,1.58087373743563,4.74139786488877e-10,2.9552177850927e-09
"AT5G13950",-1.35192410255018,5.12673530842564,4.75189813482252e-10,2.96070688136501e-09
"AT5G44005",1.47725657300126,3.40297861085617,4.84125998774504e-10,3.01530988121647e-09
"AT3G26170",-1.60525023578151,2.62249903432143,5.06791714781512e-10,3.15535596493062e-09
"AT1G03730",1.61834236869433,2.50871827141548,5.0738364589029e-10,3.15791679640439e-09
"AT1G74890",-3.41933235134318,-0.155789891695146,5.16289550592925e-10,3.2114721397355e-09
"AT5G22460",-1.72935286540113,2.16268745767215,5.163557847507e-10,3.2114721397355e-09
"AT3G14850",2.08104482439597,1.2205525060185,5.41747348123138e-10,3.36819661708279e-09
"AT4G14746",1.54816439771479,2.8682778615722,5.43706199221411e-10,3.3791736512577e-09
"AT4G38670",-1.85446906338503,1.74979518001963,5.46857747336701e-10,3.39755294836089e-09
"AT3G32980",-2.38722693836985,0.788660397433784,5.487265980775e-10,3.40674258316369e-09
"AT3G07500",-2.37659829199369,0.780017361388553,5.487265980775e-10,3.40674258316369e-09
"AT3G15060",1.39378209769406,4.21114769622385,5.53526025543789e-10,3.43531966793825e-09
"AT3G47540",1.58045294159326,2.70700068788413,5.60040302760364e-10,3.47451547663571e-09
"AT3G51950",-1.2996493850332,7.19558731623764,5.65358295631327e-10,3.50626430738648e-09
"AT5G26340",1.38819348432757,4.25921879172207,6.06275235264422e-10,3.75869146742124e-09
"AT1G15830",-2.17488258632437,1.05397976979603,6.11427535530024e-10,3.78929018208841e-09
"AT3G08730",1.30895716287438,6.19712916382941,6.1263303671025e-10,3.79541579759224e-09
"AT5G23420",-1.36368312230066,4.67463339980265,6.13584555551789e-10,3.79996414619622e-09
"AT1G64690",-1.93631235096402,1.54802922948462,6.2584818036989e-10,3.87454098350099e-09
"AT3G48640",2.42679981493712,0.649677367749574,6.26117763334573e-10,3.87455874014325e-09
"AT3G48490",-1.73933256758436,2.04840218260803,6.26294285857394e-10,3.87455874014325e-09
"AT1G74750",1.38162750849564,4.30738944630915,6.34981299282883e-10,3.92691123288385e-09
"AT5G22060",1.29434558269907,7.27894710390499,6.42021746831392e-10,3.96904745397922e-09
"AT5G58340",-1.66224903112274,2.34518369793191,6.49876905241516e-10,4.01618873606838e-09
"AT5G10290",1.31874040990838,5.61714939991807,6.55173935347388e-10,4.04749325501003e-09
"AT3G21890",4.02837747571999,-0.399218612838998,6.62422352068161e-10,4.08793857437616e-09
"AT3G60550",4.02837747571999,-0.399218612838998,6.62422352068161e-10,4.08793857437616e-09
"AT4G23310",4.02837747571999,-0.399218612838998,6.62422352068161e-10,4.08793857437616e-09
"AT4G04955",-1.51509804671466,3.06774173532719,6.65947524158152e-10,4.10824296572229e-09
"AT5G39380",1.58712486768866,2.6279339256007,6.6788337190013e-10,4.11873191919928e-09
"AT2G05790",-1.31383617585022,5.8179792405188,6.71717006881257e-10,4.14091270497356e-09
"AT5G51910",-2.64590179957351,0.477867839370568,6.77802439722899e-10,4.17695454835229e-09
"AT1G01550",1.29161437745434,7.32896502178752,6.87433428195205e-10,4.2348127643188e-09
"AT2G41880",1.35716756783513,4.68996869027607,6.93811562519349e-10,4.27259864301718e-09
"AT2G19460",1.41850095395863,3.80853519181738,6.95335799662371e-10,4.28047738925959e-09
"AT2G02780",-1.42613966415211,3.74266872062992,7.06378147358859e-10,4.34692331935056e-09
"AT5G53310",1.34184927084665,4.98981810106736,7.14729743800453e-10,4.39676991937485e-09
"AT5G62500",1.46716860374996,3.37056276557139,7.18044315604053e-10,4.41560632068437e-09
"AT5G27670",-1.33155327463195,5.25137913493517,7.19173476239336e-10,4.42099503695229e-09
"AT4G15630",-1.39697038650853,4.06535815330613,7.21709893803624e-10,4.43502779380273e-09
"AT3G21560",1.30850918160493,5.91327237402816,7.23926030105487e-10,4.44708319899305e-09
"AT5G55230",-1.30500368516523,6.08617522008895,7.39301124909115e-10,4.539937325882e-09
"AT5G05830",-1.66546263060958,2.31409132778306,7.41594240033927e-10,4.55082207740019e-09
"AT5G13820",1.65772116946864,2.31798298567236,7.41594240033927e-10,4.55082207740019e-09
"AT5G01600",-1.29075179450186,7.13258953739854,7.45706969084467e-10,4.57445436508903e-09
"AT1G75540",-1.46197238930013,3.38160569671579,7.64191172683805e-10,4.68619932375691e-09
"AT3G49650",-1.58679031128171,2.65266504556787,7.80326489923937e-10,4.78346704885701e-09
"AT1G66260",1.28918941898508,7.09940181518851,7.80873618979256e-10,4.78514317581995e-09
"AT4G12900",-1.52400777148373,2.98849886181794,7.85589294722331e-10,4.81235376300999e-09
"AT3G59580",-2.00082389364845,1.33274004824324,7.8678924260569e-10,4.8180162271367e-09
"AT3G19240",1.32485567283248,5.29128395746899,7.99857150274344e-10,4.89632442515629e-09
"AT5G21090",1.28251350512266,7.88363109884445,8.07681880606247e-10,4.94249293617046e-09
"AT1G01950",1.32003052163162,5.4219142517382,8.10818638319402e-10,4.95995180326735e-09
"AT3G27540",1.36268598429184,4.47706263887386,8.12848760270258e-10,4.96913175399401e-09
"AT3G59110",-1.33769126277331,4.96682416029554,8.12887766197041e-10,4.96913175399401e-09
"AT1G59650",1.36557910989871,4.41239266145212,8.15570320307616e-10,4.98378745541351e-09
"AT3G52190",1.38739929698171,4.09092372728527,8.26277727936494e-10,5.04745405922912e-09
"AT2G19620",1.40801522483517,3.86447951086444,8.41582003411228e-10,5.13914710640534e-09
"AT3G18070",-2.29708458601201,0.854525052150447,8.6418889831981e-10,5.27535422811635e-09
"AT1G74088",-1.97618961662212,1.42910865944519,8.69532577919572e-10,5.30612148682997e-09
"AT1G20100",1.29875649983744,6.07395786551153,8.76089493639448e-10,5.34426818468195e-09
"AT2G37640",-1.45823418648044,3.42189865418656,8.80820077725109e-10,5.3712512796889e-09
"AT1G75180",-1.46680419943236,3.30368991883605,8.93093983715004e-10,5.44419878566576e-09
"AT4G37110",-1.44463389984849,3.48282363699634,8.99403870148143e-10,5.48075213028929e-09
"AT2G17880",-2.132063059759,1.07261743463872,9.4264192610426e-10,5.74223302929644e-09
"AT5G62560",1.37151593669464,4.26860867123553,9.61812690185942e-10,5.85697361982613e-09
"AT4G08180",1.30168176743898,5.76668537307525,9.64049298992281e-10,5.86854940608706e-09
"AT2G47650",1.28812549679478,6.46686607397218,9.92091787306328e-10,6.03715305167996e-09
"AT3G06470",-1.47939270115447,3.19972103840404,1.03507136696841e-09,6.2965040740114e-09
"AT1G51790",1.57067291334934,2.61571138554057,1.03987702181058e-09,6.32353738167459e-09
"AT3G06520",-1.77571978740949,1.87177496838171,1.06341269871379e-09,6.4644103656513e-09
"AT4G15233",1.39981561739677,3.82427742676315,1.09512707107537e-09,6.65488584762278e-09
"AT1G76130",1.34398722393158,4.59614116788205,1.10535559251289e-09,6.714708764386e-09
"AT3G09162",-1.96920271216549,1.34760302359267,1.12596058827808e-09,6.83750224552474e-09
"AT3G20860",1.51247640025314,2.8823053743176,1.14632557415081e-09,6.95875347669394e-09
"AT5G47200",1.27901342080805,6.73659577019035,1.16839342520672e-09,7.09025416622324e-09
"AT4G04745",1.85657800205378,1.57484645359145,1.17055991990042e-09,7.10093653005517e-09
"AT3G06140",-1.5999444324956,2.45529325985189,1.18134205402713e-09,7.16385817917317e-09
"AT1G04130",1.40741431351888,3.72369488288951,1.20639698408523e-09,7.3132588324418e-09
"AT4G39700",3.04236623536807,0.0485153195570026,1.22150553837698e-09,7.40228122268448e-09
"AT3G63060",3.48486772487984,-0.203175465603225,1.22676651241056e-09,7.4315866030748e-09
"AT3G01350",-1.98132530882888,1.31748374312942,1.23000685216587e-09,7.44863519099962e-09
"AT4G18210",1.56834116235776,2.5764995115423,1.25125533372246e-09,7.57468732668619e-09
"AT3G61310",-1.39261637686615,3.86123887417145,1.25848149512037e-09,7.6140503486943e-09
"AT2G20560",1.50097861332553,2.94275883231654,1.25862869688992e-09,7.6140503486943e-09
"AT4G35320",1.31363383273428,5.17833643774256,1.28494023837315e-09,7.77053275250011e-09
"AT3G63200",-1.39095482995235,3.88900851384727,1.28572810928082e-09,7.77228370214318e-09
"AT4G13810",-1.33913005812352,4.63676071752505,1.2861189012355e-09,7.77228370214318e-09
"AT1G33590",1.26939816680562,7.38575305775348,1.29498586486218e-09,7.82316443517119e-09
"AT2G32970",-1.39056846331329,3.90091860087783,1.29916498798755e-09,7.84569999481394e-09
"AT1G07620",1.8447221962271,1.59494769736005,1.30282599733966e-09,7.86509216556951e-09
"AT4G31650",-1.55691390818738,2.68125285982091,1.30662775596776e-09,7.88532035125451e-09
"AT4G27657",1.46922694038441,3.14641876151498,1.31630712390249e-09,7.94099290793207e-09
"AT1G50460",1.28907831787376,5.83798173285327,1.32008911401702e-09,7.96106173865457e-09
"AT1G48440",1.28824097434788,5.87049938771332,1.32580412680818e-09,7.99277018930602e-09
"AT5G24490",-1.26583487875245,7.82482813505961,1.33054879420538e-09,8.01860895177274e-09
"AT1G74440",1.32909139627531,4.76696715025805,1.33157293997117e-09,8.02201575103925e-09
"AT1G74000",1.68795755569869,2.06166861192919,1.34479512824276e-09,8.09888158011305e-09
"AT5G52200",1.3376358234514,4.5792739679203,1.35674415073872e-09,8.16802960997417e-09
"AT2G37900",2.60183352761662,0.342944029809938,1.3696863194994e-09,8.24310703057074e-09
"AT3G13210",2.32586498718564,0.714353379560476,1.40480251151989e-09,8.45153555020722e-09
"AT4G37550",-1.34272077040371,4.50529769326602,1.4100226326548e-09,8.48002259604536e-09
"AT1G75220",1.27589443559587,6.44512491839824,1.42169698066923e-09,8.54729309251721e-09
"AT3G24550",1.26948498804316,6.94939734103613,1.43902238914235e-09,8.64848003759908e-09
"AT5G18850",-1.4790107691357,3.0869982863614,1.43964558603044e-09,8.64925215827153e-09
"AT4G17350",1.46030497189709,3.16401752602969,1.45313326009151e-09,8.72728573898313e-09
"AT3G54100",1.33798832758013,4.52290848165513,1.4750155977065e-09,8.85566541713696e-09
"AT5G52170",-2.26916073186896,0.833825867218208,1.51445957991433e-09,9.08935696383188e-09
"AT1G24440",-1.59769883210107,2.42366803620874,1.52646794628715e-09,9.15828383834532e-09
"AT5G24760",1.42164056192994,3.48773722719023,1.53823828656152e-09,9.2257358366913e-09
"AT5G66740",2.38283022890071,0.613861074878292,1.58774555816886e-09,9.51939492231353e-09
"AT1G75460",-1.26192530689268,7.44911556540807,1.59497960936499e-09,9.55948869061643e-09
"AT1G08650",1.28908424523731,5.52876458666769,1.62251047701289e-09,9.72116198410431e-09
"AT1G62030",-1.55289712035055,2.65300108918633,1.6418083902282e-09,9.8334142125247e-09
"AT1G07180",1.49831547802295,2.8916696210629,1.64453994580138e-09,9.84640132617997e-09
"AT5G03720",1.4816291391851,3.01961459923365,1.66547140322378e-09,9.96831103819287e-09
"AT2G23560",2.06962560196933,1.12347585329366,1.67348500733779e-09,1.00128468115286e-08
"AT1G65590",-1.32422485579936,4.71793092233602,1.69648773304729e-09,1.01470048022121e-08
"AT1G30730",3.96713504181455,-0.453149878241851,1.69868771153797e-09,1.01566885296916e-08
"AT1G72275",-2.12838316522446,1.01699401786737,1.70621228157808e-09,1.01981912201127e-08
"AT5G26220",2.03669209751161,1.18555674589865,1.77069954666645e-09,1.05800205654031e-08
"AT5G15860",-1.54394123330331,2.67143416196376,1.79571586641196e-09,1.07258286615922e-08
"AT1G78570",1.25854129616402,7.28887869758417,1.8072058629546e-09,1.07907718927716e-08
"AT1G25550",1.26326005784595,6.7824596644686,1.80798556254861e-09,1.07917417514638e-08
"AT5G28030",1.54824613262253,2.59909599404259,1.80927114134046e-09,1.07957294757868e-08
"AT2G40640",-1.64960526406353,2.21483129390852,1.81824885632578e-09,1.08455969823076e-08
"AT2G37630",-1.28542342408445,5.53397412639688,1.83204295001887e-09,1.09241496913983e-08
"AT5G52190",-1.36153158070866,4.08058091715901,1.85456850934144e-09,1.10546952774689e-08
"AT5G55460",-2.65733233724967,0.377765455407727,1.8991783669147e-09,1.13167468946045e-08
"AT1G15420",1.35136772076279,4.18625135550613,1.90252719614009e-09,1.13328391721012e-08
"AT4G22770",1.46849985080164,3.07155476095706,1.94187088477427e-09,1.15632590866855e-08
"AT5G27320",-1.49878385130734,2.85670637416306,1.94373862221136e-09,1.15694727270439e-08
"AT5G41050",-1.40660920334046,3.55099496175347,1.94423788091603e-09,1.15694727270439e-08
"AT2G32560",-1.30762611147798,4.92912589075696,1.97383430046855e-09,1.1741594105169e-08
"AT2G33590",1.30921390324899,4.89495608429552,1.97688860195813e-09,1.17557630707599e-08
"AT2G16750",-1.50240847344771,2.83786387202946,1.97984980507289e-09,1.17693689704486e-08
"AT5G64660",1.44120861166429,3.22768690496213,1.98110102552114e-09,1.17728039528165e-08
"AT3G23570",1.33478720674763,4.41085820769322,1.98720906296268e-09,1.18050887012492e-08
"AT3G22070",-2.00915059659965,1.21349055235879,2.0388764892854e-09,1.2107906814598e-08
"AT3G62150",1.32489888084159,4.53202273711497,2.073153683517e-09,1.2307282121877e-08
"AT5G18490",1.32876528449326,4.46130031370063,2.08130902223903e-09,1.23515022524796e-08
"AT3G45850",-1.27157980002832,5.92703842761615,2.09115213030882e-09,1.24057050200845e-08
"AT1G56430",-1.54022316923033,2.65625342121644,2.12600851943297e-09,1.2608211311142e-08
"AT1G77680",1.27125753094989,5.84909165421588,2.16871625210131e-09,1.2857126563407e-08
"AT1G17970",-1.51865053803226,2.73719690079505,2.17944423644858e-09,1.29163469782476e-08
"AT5G48500",-1.43707933054833,3.26611196461027,2.18680489403769e-09,1.29555777575266e-08
"AT3G10640",1.30071337288767,4.97596147433982,2.20595075143921e-09,1.30645789252749e-08
"AT5G37750",3.28051430585265,-0.135977779291455,2.23333245174085e-09,1.32222659172994e-08
"AT1G16500",1.34316119004222,4.15300246768651,2.24983360265803e-09,1.33154505332669e-08
"AT2G16400",-1.30196728198535,4.93490381100849,2.26613600432775e-09,1.34073961975167e-08
"AT5G05090",-1.50256840939004,2.7948278556377,2.26773159907494e-09,1.34122975462203e-08
"AT1G75140",-1.37287023350095,3.84196600730086,2.28403496285471e-09,1.3504153958603e-08
"AT1G11350",-1.28982121152871,5.25184590000582,2.30676308331177e-09,1.36339212256726e-08
"AT5G55540",-1.31622394214273,4.64335336051812,2.30905669334188e-09,1.36428652144968e-08
"AT5G13880",1.76584716518575,1.74919682900225,2.31223552249694e-09,1.36570316350723e-08
"AT1G63930",3.65792586383962,-0.348094478692104,2.34786774805636e-09,1.38628071054608e-08
"AT1G71695",-1.25468390226404,6.66830555939005,2.41896336018994e-09,1.42777638170833e-08
"AT4G18230",-1.43277070231171,3.2702521074461,2.42098682943221e-09,1.4284884488344e-08
"AT4G17250",1.34783991649818,4.08670594753528,2.42850261975679e-09,1.43243965253738e-08
"AT4G13575",-1.45502975263936,3.07846750186668,2.44579284067256e-09,1.4421516436249e-08
"AT2G34850",1.93620700353197,1.34265660795849,2.46318944210195e-09,1.45191979151276e-08
"AT1G67310",1.26918147150439,5.73376492767953,2.46493907559451e-09,1.45246140406535e-08
"AT1G70560",-1.53170419832986,2.66240360200946,2.46813641662592e-09,1.45385542358056e-08
"AT4G26080",1.25496393742459,6.53698137261329,2.4874496435024e-09,1.46473836703781e-08
"AT5G25240",-1.62220868301318,2.24736070267317,2.48845755683096e-09,1.46483850054127e-08
"AT3G33528",-3.01776389178542,-0.0501413588804422,2.49495632131654e-09,1.46816968581545e-08
"AT5G10820",1.56958978976773,2.47243331950556,2.50982620764211e-09,1.47642300094909e-08
"AT5G17450",1.44073353847761,3.1497731399988,2.53049874587119e-09,1.48808306673616e-08
"AT2G46080",1.27256231291545,5.52888225050072,2.57407219566758e-09,1.51319785463538e-08
"AT3G07790",1.26239237203851,5.93987002482683,2.64135205253804e-09,1.55206658939828e-08
"AT3G57070",1.27248569012583,5.49586069791107,2.6419665789906e-09,1.55206658939828e-08
"AT5G58900",1.25815186231901,6.14019970961527,2.68556044920112e-09,1.57714656813514e-08
"AT2G21470",1.26101851943167,5.96823932969181,2.70314461891870e-09,1.58694014011268e-08
"AT3G23230",3.93551050074049,-0.480884745664914,2.72685852457554e-09,1.60032452451004e-08
"AT1G13090",-1.27179843868886,5.50796371485849,2.72916567786032e-09,1.60114105859168e-08
"AT2G36800",-1.42551051017325,3.28039571552667,2.75144190025722e-09,1.61366852540077e-08
"AT1G65840",1.25167483602893,6.40557044035599,2.86936634666825e-09,1.6822646491885e-08
"AT5G64220",1.26928091441764,5.4852279810898,2.9099448622571e-09,1.70515035632649e-08
"AT3G51150",-1.29838362754983,4.82548668620015,2.91035214967583e-09,1.70515035632649e-08
"AT1G75290",2.14998240146198,0.885131085316608,2.91990879497149e-09,1.71017639740324e-08
"AT5G13330",3.43054430355281,-0.250168189200247,2.92883982621258e-09,1.71483277567564e-08
"AT5G15770",-1.51740861210769,2.67664927499668,2.97891409403931e-09,1.74356729514862e-08
"AT5G23280",-1.26600148716981,5.60767658882846,2.98460080167261e-09,1.74631110494117e-08
"AT1G65560",1.43005908067051,3.16624665369191,2.98984433052498e-09,1.74879385850011e-08
"AT2G25200",-1.67011911129275,2.07844568344072,2.99483594811006e-09,1.75112765487653e-08
"AT3G27060",-1.25908626436248,5.88586474449539,3.03622924975594e-09,1.77473741135016e-08
"AT3G61460",-1.35318926468095,3.94437967471639,3.07986948908714e-09,1.79964432746358e-08
"AT2G41660",1.86971918934645,1.39594624086987,3.09789857038573e-09,1.80957436371713e-08
"AT3G06380",-1.35145352414471,3.94779359636156,3.13208033223343e-09,1.8289298746973e-08
"AT1G22570",1.45666859654938,2.99246500648911,3.21943706065846e-09,1.87931279237035e-08
"AT4G19670",-1.30124385825729,4.68138385973015,3.24915884976193e-09,1.89602951169519e-08
"AT1G17500",1.26480627263807,5.50311858202631,3.25069538404276e-09,1.89629320651383e-08
"AT2G32680",1.56360940131521,2.44051836710704,3.26256128682141e-09,1.9025803528185e-08
"AT5G19450",1.24757546047492,6.35408425557222,3.28650114178924e-09,1.91590194937983e-08
"AT2G27920",-1.27706220504667,5.24094583063561,3.30486506099335e-09,1.92596519537822e-08
"AT1G50890",-1.47893066443133,2.90403579330151,3.30778858577721e-09,1.9270265859761e-08
"AT4G28780",-1.25285064560462,6.02654739505086,3.34523149158178e-09,1.94819061183625e-08
"AT3G16180",-1.40568107248413,3.37915806416425,3.3533334671352e-09,1.952258708156e-08
"AT3G48200",-1.23735223191436,7.21498016772186,3.37860525472942e-09,1.96631676659236e-08
"AT5G41140",-1.2717193147119,5.34540062157013,3.46408143725322e-09,2.0153922052412e-08
"AT2G26980",-1.2519883601422,5.92284086836492,3.62203717669032e-09,2.10658935329597e-08
"AT1G07280",-1.23793848433875,6.8454130077756,3.66335702621988e-09,2.12991256699043e-08
"AT1G11290",-1.48029796974425,2.81079662939364,3.74229143247581e-09,2.17508248384224e-08
"AT3G62390",-1.41993221688785,3.2378684466731,3.7482694252755e-09,2.17783297979699e-08
"AT3G50530",-1.27895334280375,5.03536192978768,3.78452483220689e-09,2.19816769573e-08
"AT1G07610",1.72258392503494,1.81273880898655,3.79056226704225e-09,2.20094321204582e-08
"AT3G61280",-1.37036264602576,3.64038146416001,3.81942267663754e-09,2.21696436439754e-08
"AT5G14930",1.28556763367269,4.85573764135119,3.845684302692e-09,2.23146693209307e-08
"AT4G00880",-1.32374377994579,4.22070655120433,3.84968264915282e-09,2.23304584456333e-08
"AT1G50040",1.389364063951,3.43924173818142,3.96619078896592e-09,2.29986446313403e-08
"AT3G05830",1.36639786243643,3.65140573389479,3.97335617340335e-09,2.30325550330274e-08
"AT2G41070",2.325619314521,0.567573287453704,4.03856831063013e-09,2.34028139790343e-08
"AT1G22280",1.24071873910847,6.30361006083829,4.06366493295545e-09,2.35404420221538e-08
"AT1G07240",1.31974365028741,4.15517095680497,4.17291045811199e-09,2.41652843786591e-08
"AT4G23820",-1.24049580540014,6.18212200970789,4.36963545398177e-09,2.5296137960915e-08
"AT1G33780",-1.27588764351237,4.99723288378342,4.40166521173144e-09,2.54731257519698e-08
"AT1G42540",1.28678957412383,4.70904860567306,4.44172693601589e-09,2.5696463276759e-08
"AT4G34260",1.23115869845451,6.80024769667775,4.44898514265755e-09,2.57299395465041e-08
"AT1G52855",2.10734231366036,0.906286343765786,4.52996528309913e-09,2.61896107951131e-08
"AT5G04150",-3.28957310933638,-0.266643788500588,4.53327636221226e-09,2.62000894679527e-08
"AT1G26761",-1.32298587174213,4.15171035088346,4.53525335883114e-09,2.62028534277742e-08
"AT1G27460",-1.26951447906561,5.09492729210675,4.6293521959448e-09,2.6737682339512e-08
"AT5G67050",1.96334015763901,1.21106881709926,4.66091135680602e-09,2.69110677843592e-08
"AT1G66465",4.32151799619242,-0.658548198473545,4.67356172717523e-09,2.69574000911265e-08
"AT3G44120",-4.2267140529323,-0.635649935883764,4.67356172717523e-09,2.69574000911265e-08
"AT1G17700",-4.22644479237229,-0.635261549167313,4.67356172717523e-09,2.69574000911265e-08
"AT2G32090",-1.39958769868024,3.29198177405796,4.70458952971892e-09,2.71274204314234e-08
"AT3G47560",-1.29575768485534,4.5293511069822,4.76389671432879e-09,2.74603383635378e-08
"AT4G02350",1.2433852068798,5.80756485891792,4.82076780227848e-09,2.77789991717978e-08
"AT3G57790",-1.3949077451433,3.35481965277252,4.8273423295963e-09,2.7807718599121e-08
"AT1G54730",-1.30287554106303,4.35777559462097,4.86753267829054e-09,2.80299979626329e-08
"AT5G15240",1.4142512028914,3.13845069291791,4.90147233648439e-09,2.82161477967588e-08
"AT5G18590",-1.2768652379919,4.83710872910208,4.92554911578529e-09,2.83454164553239e-08
"AT2G47920",-2.5424592890751,0.397555522311578,4.9958924771887e-09,2.874076610026e-08
"AT4G39220",1.27406299937446,4.87438109480072,5.24453596377408e-09,3.01612573206126e-08
"AT2G34140",2.47659499163104,0.342301009170263,5.29731161634707e-09,3.04547513938164e-08
"AT3G61160",-2.04968748861967,1.00759585745309,5.53377556532118e-09,3.18037469455984e-08
"AT2G25260",2.52289319753019,0.27809978643644,5.56749616156045e-09,3.19870310195732e-08
"AT1G21130",-1.22132625989935,6.99877930826335,5.58135011347675e-09,3.20560919953725e-08
"AT1G69440",-1.39442434796738,3.26096375895716,5.70634914635813e-09,3.27632519296483e-08
"AT3G11700",1.21361909244474,7.90414777425706,5.77388708914073e-09,3.31401405053997e-08
"AT2G45080",3.59795646814725,-0.400114981413219,5.82975201179121e-09,3.3449804536313e-08
"AT1G51680",1.21437192919555,7.59362745615153,5.9302651702715e-09,3.4015362851659e-08
"AT3G53420",1.20862521236653,8.92660839291199,5.99971944431829e-09,3.44024581977753e-08
"AT4G15540",-1.31994048260608,3.97280708271142,6.14903199861953e-09,3.52470578465132e-08
"AT2G34300",1.25875393294247,5.0741529369316,6.17167317660825e-09,3.53652448858217e-08
"AT4G32870",2.24796552461613,0.651690173857611,6.24655060152889e-09,3.57825832786794e-08
"AT5G45430",1.21222240879239,7.5986600349164,6.29078635137656e-09,3.60241787687902e-08
"AT3G22235",-1.20750544643339,8.43060161961802,6.46283967204234e-09,3.699732350567e-08
"AT4G28310",-1.35293168408566,3.61557480865681,6.57317736990451e-09,3.76166481041049e-08
"AT1G17100",-1.21524669296521,6.92975921892043,6.72878669218494e-09,3.84945607786222e-08
"AT1G05460",-1.35608447743836,3.5704917388879,6.77174256536849e-09,3.87276333890538e-08
"AT2G47700",-1.26803414581138,4.79198370134569,6.80416604626843e-09,3.89003384522272e-08
"AT5G17650",1.42380998372491,2.98642070833465,6.82320783960449e-09,3.89964506897042e-08
"AT3G21700",1.49209723112345,2.55783825206303,6.84276471495574e-09,3.90954429776376e-08
"AT1G30300",1.33149186381899,3.77591776042754,6.91545183523106e-09,3.94978256894298e-08
"AT4G03550",1.2179248148562,6.52992019306723,7.0058012211901e-09,4.00007912312432e-08
"AT4G18070",1.23457891379139,5.55651994893705,7.16524358002705e-09,4.08977974239677e-08
"AT2G30600",-1.24364378091061,5.35862658266242,7.25570286719869e-09,4.14006048391758e-08
"AT3G18980",-1.31429866761429,3.97602740237641,7.27112375751747e-09,4.14750592667791e-08
"AT1G66480",1.55919803400669,2.26034979943094,7.37408313064271e-09,4.20486286278625e-08
"AT3G54200",1.34987296550489,3.51506283836207,7.60932968995653e-09,4.33759083695827e-08
"AT5G67180",1.33937212938814,3.65892465652123,7.7060703359154e-09,4.39130468327278e-08
"AT4G14550",-1.67113213629202,1.84037197930073,7.72566889047813e-09,4.40103842333754e-08
"AT1G53310",1.2057589808285,7.39588370073834,7.80699132067315e-09,4.44591626251885e-08
"AT4G27960",1.20923905814207,6.92233375062588,7.89604955112976e-09,4.49516881479653e-08
"AT3G29680",-2.65174085268397,0.254526797371325,7.91451707055179e-09,4.50421555808779e-08
"AT4G04610",1.22766282386135,5.68720979588243,7.95403634622863e-09,4.52523323921624e-08
"AT5G65410",-1.33451836199542,3.68802949426578,8.06275096716815e-09,4.58559125435916e-08
"AT3G15180",1.26873697984526,4.61414080300942,8.14611969702239e-09,4.63149953375748e-08
"AT1G29430",-1.69899585225917,1.76361570455069,8.29387428045678e-09,4.71397282331684e-08
"AT1G04080",1.20437897632951,7.17305365241353,8.49319277966827e-09,4.825690262169e-08
"AT2G40380",1.27319358056435,4.44545187390129,8.57000586238721e-09,4.8677521927263e-08
"AT1G07520",1.3353767980606,3.6259922576718,8.74035758650022e-09,4.9628993726789e-08
"AT1G04120",1.20880998916078,6.57204016216518,8.86991654135108e-09,5.0348295744299e-08
"AT2G40815",-1.50568668133165,2.45803227630875,8.88958391741133e-09,5.04435558676086e-08
"AT4G39510",-2.07283724446216,0.918469491628214,8.97235926829342e-09,5.08967414301018e-08
"AT3G24440",1.27432255764349,4.4402637341324,9.08466060541918e-09,5.15170682337151e-08
"AT5G52660",1.32222085589996,3.73944943960695,9.11770375925843e-09,5.1687683146276e-08
"AT1G54000",3.5670103077703,-0.426840216943471,9.20433464671229e-09,5.21618744338641e-08
"AT4G13250",-1.19348739014153,8.61405769721328,9.38234309864686e-09,5.31534362908759e-08
"AT2G25250",1.22596972113788,5.4887481044243,9.46437437090045e-09,5.36007959593303e-08
"AT5G07860",-1.23338277824876,5.35583410186252,9.56113535203642e-09,5.41312595076596e-08
"AT4G03070",-1.42942937935751,2.88907667742936,9.56771493387569e-09,5.41509744865487e-08
"AT2G15730",1.36986860138676,3.29916054925096,9.76801343573585e-09,5.52667245621262e-08
"AT4G02920",-1.19865161884549,7.17199596028207,1.0008750114163e-08,5.66104750067654e-08
"AT4G22756",-1.38719477912933,3.14948372698757,1.03575621628157e-08,5.85644434969298e-08
"AT3G23010",-1.44407484073284,2.76777141619881,1.05071441392064e-08,5.93910122811979e-08
"AT1G33480",-1.49782383745286,2.50838813737455,1.07188082796788e-08,6.05678491123546e-08
"AT3G04630",1.24029273714174,4.98501533855633,1.07449529413298e-08,6.06959651933018e-08
"AT1G78830",-1.20105797622878,6.65909509421979,1.07570374666326e-08,6.07446014305999e-08
"AT5G48930",1.19389077137729,7.41520838078428,1.07856936053091e-08,6.0886755344404e-08
"AT2G01680",-1.23476151740245,5.14160461945153,1.08557421992327e-08,6.1262408285728e-08
"AT4G08555",2.12466056480866,0.756741755151283,1.08641386135258e-08,6.12900081898265e-08
"AT1G11410",-1.27687718266506,4.29072726642409,1.08827747218929e-08,6.1375338858985e-08
"AT3G21330",3.34501998517149,-0.323634635119181,1.08964925952409e-08,6.14328861794893e-08
"AT2G29490",1.41120788654264,2.93238007519104,1.09563872936259e-08,6.1750650887963e-08
"AT1G06460",-1.19667085090537,6.98796341407207,1.10420234119381e-08,6.22132437353896e-08
"AT4G03270",-2.11306030049252,0.834250091522616,1.13465965361964e-08,6.39086814569335e-08
"AT5G64740",1.18630933702299,8.65396166232292,1.13730269839045e-08,6.40369181190345e-08
"AT5G03270",3.83625183950103,-0.567411728982035,1.13880536002277e-08,6.41008825153834e-08
"AT1G61100",1.18827170229786,7.95596984476422,1.15695446127315e-08,6.51014961262908e-08
"AT2G41890",1.28039671797632,4.15047816097946,1.16407115366204e-08,6.54808750948312e-08
"AT5G23340",-1.39182096472251,3.0592920535119,1.16457385477229e-08,6.54880820295401e-08
"AT1G32450",-2.05991310628235,0.908323866651197,1.16634248554788e-08,6.55664491152203e-08
"AT4G25420",-4.92456050223164,-0.861758364203725,1.18072336339881e-08,6.63535408624281e-08
"AT1G12730",-1.3977690057219,3.00989581256745,1.18904324112975e-08,6.67996239867333e-08
"AT4G24790",-1.57632054131085,2.14209918387113,1.19517087884011e-08,6.71223015572169e-08
"AT4G24660",-1.40695565987284,2.92808201827609,1.19660395268538e-08,6.71812039332001e-08
"AT1G59820",1.20908452320122,5.84304986060963,1.20213454802278e-08,6.74700427065243e-08
"AT5G52870",1.26944554829186,4.32186368337357,1.20434675901646e-08,6.7572510872544e-08
"AT5G04760",1.29666377241008,3.91733267442892,1.20891134427075e-08,6.78068560535308e-08
"AT3G23740",-1.38367570280769,3.12405996267937,1.22177271898797e-08,6.85062618539663e-08
"AT5G66490",-1.50341429761108,2.39875879547254,1.22460136645047e-08,6.864285248366e-08
"AT3G60160",1.24876912459462,4.65969614779947,1.24342888726182e-08,6.96758565256358e-08
"AT2G30150",-1.25291301517868,4.58592740068115,1.26341065720006e-08,7.07728565197968e-08
"AT1G20870",-1.86016310026851,1.26322187025097,1.27837435001332e-08,7.15881446549739e-08
"AT1G13195",1.34383602800421,3.38095972852867,1.28642492917961e-08,7.2015904696917e-08
"AT1G27950",1.1860614578013,7.60338446628209,1.29339081077849e-08,7.23826874034585e-08
"AT1G60140",-1.36240116875278,3.24255904758721,1.29928110293562e-08,7.26890608723949e-08
"AT3G22370",1.22548451057084,5.18943805466324,1.30495724429483e-08,7.29626524252129e-08
"AT3G60320",-1.19063787424393,6.97762209071505,1.30500608667643e-08,7.29626524252129e-08
"AT3G18490",-1.18730616235267,7.37422301938228,1.30862939636783e-08,7.31418405904693e-08
"AT5G20170",1.26108406467109,4.33503328875499,1.36008232804806e-08,7.59933504035291e-08
"AT5G45310",-2.48860638295928,0.348655057610096,1.3634050630022e-08,7.61546668257745e-08
"AT3G11580",1.57312846181093,2.05084016711846,1.37544639651113e-08,7.68027127122455e-08
"AT3G17470",-1.2364103330121,4.86573203509775,1.40326379631155e-08,7.83309736619249e-08
"AT2G44970",1.2073808939998,5.63033367115015,1.42104363486804e-08,7.92981355518609e-08
"AT3G28740",1.49757344453677,2.40574536706343,1.4330181163989e-08,7.99346933554852e-08
"AT5G50430",1.21997492925983,5.2569331282171,1.43336534730565e-08,7.99346933554852e-08
"AT2G42650",1.61919195686806,1.9104212171565,1.43464347756807e-08,7.99804589232227e-08
"AT3G14330",-1.26521499630786,4.28612257413592,1.48255549323676e-08,8.26251759268672e-08
"AT2G05260",1.31398177797851,3.59495673693775,1.48647747543946e-08,8.28173540570686e-08
"AT4G26530",-1.1775394537609,8.34383764217412,1.49051504184797e-08,8.3015847329175e-08
"AT5G64380",-1.29986784388556,3.7999320238723,1.49411826012903e-08,8.31900303880124e-08
"AT1G80760",1.93161316290637,1.10358389570814,1.50376012064849e-08,8.37002170942296e-08
"AT1G24150",1.25511099748397,4.39644245880833,1.53764346117841e-08,8.55589453589504e-08
"AT5G11730",1.24300197734822,4.572060329022,1.62843093783402e-08,9.05817947379961e-08
"AT1G21070",1.27890187586736,3.9808193654445,1.63589437190127e-08,9.09680066919524e-08
"AT4G17950",1.23325316147791,4.74065486271937,1.66773005900993e-08,9.27088223264564e-08
"AT5G15330",-1.72803878955481,1.56763118095047,1.6725477847003e-08,9.29470849329796e-08
"AT5G13770",-1.20648788739313,5.43324564204033,1.68691098743134e-08,9.37154902868196e-08
"AT5G26960",-1.40532059440139,2.8816891887316,1.68778331689917e-08,9.37341668657821e-08
"AT4G34200",1.18772222575515,6.36437009714094,1.69081798743057e-08,9.38728830557275e-08
"AT5G38280",3.31534686300761,-0.348972202356402,1.69206913130555e-08,9.39125226114758e-08
"AT1G65450",2.51004019163164,0.157856133822657,1.71346414736552e-08,9.5069799074552e-08
"AT3G15810",1.20071630820261,5.61058283515923,1.71747203459301e-08,9.52619402943832e-08
"AT3G28007",1.29979186875141,3.70342787309138,1.73315594996998e-08,9.61013811396295e-08
"AT3G26420",1.2430751832197,4.50922828451101,1.76222769285036e-08,9.76823930060332e-08
"AT1G21080",1.19528747953168,5.81740788147505,1.76318484230281e-08,9.77044709920129e-08
"AT1G78170",-1.24943407583461,4.39201933943561,1.76695385989139e-08,9.78823014337172e-08
"AT3G18710",-1.49939643208521,2.3510500443636,1.78037885999226e-08,9.85947532760362e-08
"AT1G68050",-1.25713457593044,4.2411947193244,1.85813920948982e-08,1.02868422417702e-07
"AT1G14440",-1.41421358792522,2.75271775604512,1.88114842049042e-08,1.04109268234992e-07
"AT5G39865",-2.70564889479359,0.0273574879071463,1.88715410024047e-08,1.04375561956672e-07
"AT1G77520",2.65495486828956,0.0276187075150527,1.88715410024047e-08,1.04375561956672e-07
"AT3G19380",1.3750217093232,3.04545740045656,1.89892850611048e-08,1.0499357075373e-07
"AT3G14240",-1.19373447062904,5.78470466115923,1.89956312351141e-08,1.04995453962536e-07
"AT1G56250",3.00982156744416,-0.159274968678974,1.91769527359137e-08,1.05897240897656e-07
"AT4G29570",3.00982156744416,-0.159274968678974,1.91769527359137e-08,1.05897240897656e-07
"AT3G62930",-2.89319012497009,-0.154189096387135,1.91769527359137e-08,1.05897240897656e-07
"AT4G21810",-1.26424571291547,4.15253234807108,1.92220512756265e-08,1.06112763641231e-07
"AT4G34900",-1.24113166879337,4.48869540672887,1.97571534145922e-08,1.09032295816703e-07
"AT1G72750",1.18112631356445,6.40967607441702,1.98508411854073e-08,1.09514754321387e-07
"AT4G24760",-1.36321658325762,3.07346965444484,2.06534604038177e-08,1.13906766006292e-07
"AT4G34020",-1.23801610263405,4.50663521920626,2.08589609112058e-08,1.15003851658975e-07
"AT2G25070",-1.23569316493799,4.55299524221055,2.08893149278347e-08,1.15134896873687e-07
"AT4G38850",-4.11986856251105,-0.7275669548188,2.11169043565264e-08,1.1635261231174e-07
"AT5G04810",-1.17445786786614,6.78053777998336,2.12916419431905e-08,1.17278442373283e-07
"AT2G27230",1.18130384084451,6.16836991515483,2.16815993896381e-08,1.19388788072139e-07
"AT2G46310",-1.62029151715549,1.82580747033162,2.1952313035926e-08,1.20841400757901e-07
"AT1G18610",-1.31029926949572,3.53812924179345,2.24277882947811e-08,1.23419900144053e-07
"AT4G24220",1.16445653152016,7.79887869907074,2.25795392104356e-08,1.24215885467604e-07
"AT5G04950",-1.83706823001097,1.20601071364402,2.26494199536973e-08,1.2456112269597e-07
"AT3G50840",-1.81587811883982,1.3417897074279,2.27490265066324e-08,1.25069569313036e-07
"AT5G58730",1.41064866312357,2.72630539597129,2.39302900111883e-08,1.31522559027226e-07
"AT5G58690",1.39875256754272,2.80338443911392,2.40880537934299e-08,1.32348034088791e-07
"AT5G04840",1.59099998946637,1.90996875405466,2.4152267397671e-08,1.32659155172316e-07
"AT4G27480",2.48545610736596,0.140065138936143,2.46255690745491e-08,1.35216339236916e-07
"AT3G15730",1.15679103277655,8.78518901735925,2.5170322398882e-08,1.38164127629404e-07
"AT4G23740",-1.19640817736112,5.32742325838939,2.53085279352926e-08,1.38879156902925e-07
"AT4G33000",-1.26558511614379,3.97824551680501,2.54234575085724e-08,1.39466051968112e-07
"AT2G46590",1.2862367336613,3.66067896413855,2.61895327289088e-08,1.43623463205619e-07
"AT1G03940",2.33874827407369,0.325835209702779,2.66660528689241e-08,1.46102251095668e-07
"AT5G17680",2.33851289400023,0.325738329758904,2.66660528689241e-08,1.46102251095668e-07
"AT2G33570",1.18960877710456,5.38384357379618,2.66666066033447e-08,1.46102251095668e-07
"AT3G20340",1.88886672402636,1.11261541380141,2.68120547136511e-08,1.46853117969537e-07
"AT4G02280",1.29662179909071,3.51804217416528,2.73324514323772e-08,1.49656513746398e-07
"AT1G19650",1.18961354435244,5.34787298602822,2.734195527116e-08,1.49661679400655e-07
"AT2G25430",1.16011400486984,7.28241393349287,2.76085066251041e-08,1.51073402606164e-07
"AT3G49570",2.7805324554243,-0.0117415058017594,2.77199127244859e-08,1.51588124542442e-07
"AT1G14260",2.63056469944062,0.0076175131049456,2.77199127244859e-08,1.51588124542442e-07
"AT2G34360",3.11710697889455,-0.2750979660237,2.81996007188344e-08,1.54114916963858e-07
"AT5G01881",-3.02498665156184,-0.248784229823414,2.81996007188344e-08,1.54114916963858e-07
"AT5G16000",-1.20924176158219,4.88544819238061,2.86333230177302e-08,1.5643637072468e-07
"AT5G61270",1.21583790829445,4.66752729476357,2.87963294434531e-08,1.57277796832206e-07
"AT5G15640",1.18558744981402,5.42161399778334,2.88648228330587e-08,1.5760265383834e-07
"AT5G43180",2.98296984527944,-0.181827318850568,2.89012012736138e-08,1.57752014319885e-07
"AT4G00340",-1.18684213176335,5.38974279749245,2.91096876003416e-08,1.58840408338568e-07
"AT4G12710",1.33562132253245,3.16696756098891,2.91399590839957e-08,1.58955976494695e-07
"AT5G56850",-1.17394285966995,5.96780112255108,2.91738526589533e-08,1.59091224590293e-07
"AT4G03210",-1.16614916034354,6.47092134920131,2.92422251104217e-08,1.59414350360306e-07
"AT4G18880",1.23477977806363,4.30453115381189,2.94842813064698e-08,1.60683818603806e-07
"AT1G49560",-1.35204204219679,3.07472543704805,2.95316462688477e-08,1.6089179548715e-07
"AT4G37290",3.76607023594339,-0.628095064175257,2.97611829544038e-08,1.62091826041072e-07
"AT5G61240",1.17330148825043,5.90634801112631,3.01496523255455e-08,1.64156453319063e-07
"AT1G65320",-1.20929940596818,4.82484105564764,3.02264529006394e-08,1.64523373618269e-07
"AT2G45810",-1.17719543797215,5.68382249225661,3.10777746859824e-08,1.69104492634619e-07
"AT1G17860",1.30389391119225,3.41582291034264,3.11743938010526e-08,1.69577450785253e-07
"AT1G19350",-1.15799304605028,6.8859277901452,3.21105551101088e-08,1.74615500774505e-07
"AT3G07400",1.18753604761107,5.30863349743583,3.23983769529691e-08,1.76112684651088e-07
"AT2G36460",-1.15563423933897,7.11195650053665,3.2406023366845e-08,1.76112684651088e-07
"AT5G52210",1.24766722252087,4.07014196449366,3.24353200836341e-08,1.76217122753939e-07
"AT1G07400",1.95425648776342,0.939614543194851,3.26643378513798e-08,1.77406218905148e-07
"AT1G21100",1.98461990574608,0.864063747091804,3.33309010508274e-08,1.80959112596889e-07
"AT3G46550",-1.21507315017605,4.59149222530283,3.33392038937585e-08,1.80959112596889e-07
"AT1G08390",-2.05775858103287,0.79069564946942,3.368075052188e-08,1.82756226373069e-07
"AT5G44020",-1.14800416800219,8.11956631445396,3.38634102789164e-08,1.83690351196493e-07
"AT3G18300",1.85244822386962,1.103599674961,3.3898038046018e-08,1.83821153585153e-07
"AT4G21650",-1.23565429181607,4.20407759070617,3.3942613981627e-08,1.84005804725825e-07
"AT5G39530",-1.18809296791606,5.24100341685483,3.47389840823941e-08,1.88264618323774e-07
"AT3G08630",1.23316702679149,4.21383113864518,3.47845469098285e-08,1.88453124767441e-07
"AT5G57070",1.33400778269496,3.10976215257749,3.49580103635107e-08,1.89334230230873e-07
"AT1G10210",-1.39504010515111,2.71586907134031,3.54303250615923e-08,1.91832881093781e-07
"AT2G34250",1.14403950802886,8.58111246621673,3.59701730401585e-08,1.9469552175266e-07
"AT4G05320",1.14186692679816,9.60233457422057,3.60016213674037e-08,1.94805430630244e-07
"AT5G40380",1.17456499853836,5.50579152059052,3.64096843778625e-08,1.96952509894236e-07
"AT4G12560",-1.1917536556391,5.02911535139947,3.68090216728713e-08,1.99051075133563e-07
"AT1G78080",1.14683418852022,7.61764141439241,3.71401522021513e-08,2.00779616867721e-07
"AT3G59760",1.16765691922854,5.78398016724128,3.71712254393322e-08,2.00885482026536e-07
"AT1G64980",1.1626850183525,6.02294623027675,3.77310495302553e-08,2.03847941575233e-07
"AT5G67570",-1.23232240541503,4.15796592145291,3.89534553180336e-08,2.10387166921588e-07
"AT5G12940",1.1833375366218,5.19283219249086,3.95296449484353e-08,2.13433225025786e-07
"AT1G21610",-1.20626824711293,4.60195113457983,4.01839227822794e-08,2.16898895338867e-07
"AT3G53210",-1.72858321750661,1.44534491984022,4.02815900240337e-08,2.17358962466105e-07
"AT5G58110",1.18897419506112,4.98839254443182,4.02954443464893e-08,2.17366631752445e-07
"AT2G47680",1.25516613213502,3.80892134661385,4.07372663646817e-08,2.19682180090602e-07
"AT3G51870",1.18574911292692,5.04563909308503,4.11667101615937e-08,2.21929569458879e-07
"AT1G11890",1.16144368180185,5.89887708283337,4.12692158677026e-08,2.22413594640889e-07
"AT5G14640",1.1782337126589,5.31323276275814,4.16041466123508e-08,2.24149551686819e-07
"AT5G23980",-2.4847300890536,0.236356830608381,4.16326415279354e-08,2.24233971605944e-07
"AT5G15950",1.16311301535458,5.79088695183332,4.16913586291062e-08,2.24481066496046e-07
"AT1G14790",-1.23456119997051,4.08056174092107,4.18309769800579e-08,2.25163476152202e-07
"AT1G31770",-1.66615606113743,1.60672974677581,4.22933911822863e-08,2.27582443225581e-07
"AT5G65040",-2.72909723592693,-0.111386263283804,4.26378277921777e-08,2.29365274858659e-07
"AT2G43150",-1.25705653520175,3.78470881366818,4.27972087381331e-08,2.30151830319527e-07
"AT4G36410",-2.22851790270035,0.507419964644204,4.30820779219281e-08,2.31612536380403e-07
"AT5G44585",3.08797314791758,-0.299640285342272,4.31633608909863e-08,2.31978185815282e-07
"AT5G39860",-2.84084521511904,-0.197476547931181,4.35860356130923e-08,2.341778305543e-07
"AT5G48360",-1.29018206993766,3.41652640906394,4.41274902742257e-08,2.37014105211763e-07
"AT3G57240",-2.08584665500844,0.68655689779056,4.4582607131959e-08,2.39385049289938e-07
"AT5G01740",1.74711910828384,1.26847111799591,4.53721756462228e-08,2.4354981480593e-07
"AT1G54100",1.15397913938259,6.12159613034911,4.54128982258938e-08,2.43693584924279e-07
"AT4G34680",-1.53897351642143,1.96100071310018,4.56144342770951e-08,2.4467264288168e-07
"AT3G07040",1.17598132730458,5.24279207203374,4.56233378593077e-08,2.4467264288168e-07
"AT2G41835",1.31487679310627,3.15946420805433,4.64315466026483e-08,2.48930613080068e-07
"AT1G65380",-1.40175118785338,2.60454904030652,4.64590071348876e-08,2.49001478154274e-07
"AT5G41000",-1.43429197393605,2.46162345938128,4.65806519390052e-08,2.49576934676564e-07
"AT5G16820",-1.36677764152923,2.82368031603564,4.68315998522085e-08,2.50844626291716e-07
"AT1G05020",1.84704455626991,1.12134937481325,4.69222750160736e-08,2.51253333569989e-07
"AT1G48100",1.65003476121029,1.58524025834358,4.797844408748e-08,2.56830109608516e-07
"AT1G09415",-1.26617293438958,3.5958974953094,4.87020900047779e-08,2.60624009658259e-07
"AT4G36020",1.1922280186237,4.72548236300346,4.92026191530872e-08,2.63221967764206e-07
"AT5G53130",1.14437891988836,6.56393031448661,4.98868801498514e-08,2.66800956151683e-07
"AT1G67040",-1.36531908646197,2.77064524012967,4.99972282188719e-08,2.67309339740226e-07
"AT3G09410",-1.22545932272421,4.14077722236226,5.03283469155496e-08,2.6899739808149e-07
"AT5G03250",-2.18012613413611,0.547804535438357,5.08875408481166e-08,2.71903079660032e-07
"AT2G32487",2.44187977313188,0.102809622686676,5.09196453500725e-08,2.71991493936852e-07
"AT4G15490",1.15904038179854,5.59702633473656,5.14908747604225e-08,2.74958754867583e-07
"AT3G15760",-1.67137808063638,1.52951779500733,5.15497079698138e-08,2.75188868530154e-07
"AT3G01640",1.1862856876237,4.8445832899763,5.17044249966564e-08,2.75930544022144e-07
"AT2G42950",1.25316761032049,3.7339171982331,5.26406999573839e-08,2.80841427328332e-07
"AT4G03510",-1.52818417527462,2.01490202086121,5.31911107846858e-08,2.8369133308379e-07
"AT1G17190",-1.43501145587451,2.4215148272174,5.41067179132895e-08,2.88486657297359e-07
"AT1G21730",-1.24052738899174,3.85284258913632,5.56014105361609e-08,2.9636568914747e-07
"AT2G42570",-1.58326116595838,1.77494372755917,5.59458882065082e-08,2.98110930665767e-07
"AT1G78180",-1.2235230659346,4.07288228036593,5.60637220852154e-08,2.98556824007256e-07
"AT5G53900",-1.22317262924823,4.07262160624048,5.60637220852154e-08,2.98556824007256e-07
"AT1G33260",1.43359757937709,2.38645907579539,5.61876183617862e-08,2.9912549689985e-07
"AT4G21190",-1.21951246533349,4.12285811645487,5.73813263988116e-08,3.05387436660707e-07
"AT1G69270",1.25048434784009,3.64850634004352,5.79331107718542e-08,3.0823024212548e-07
"AT4G24972",-1.2526206021105,3.69982650608336,5.80763995322732e-08,3.08898598424926e-07
"AT1G65800",-1.13518229700696,6.86158825311666,5.88749652277229e-08,3.13050795947774e-07
"AT1G23710",1.21793798325459,4.09824809872998,5.91130719195703e-08,3.14221294122787e-07
"AT5G01240",-1.16031553659792,5.34856390247306,5.9301962523534e-08,3.1508882332513e-07
"AT2G23180",-1.53089382147516,1.99505257325691,5.93123215445291e-08,3.1508882332513e-07
"AT5G35460",1.17871595322395,4.84712829618713,5.9457730514822e-08,3.1576534100566e-07
"AT4G35310",1.12922504787249,7.56858326027145,5.95467221443232e-08,3.16141920209293e-07
"AT3G11320",1.18197790242976,4.81219772968306,5.97151093232698e-08,3.16939664935861e-07
"AT4G38520",-1.13600485769113,6.7160802840106,5.9870080867454e-08,3.17665743188376e-07
"AT4G31890",-1.54800721872807,1.88400862571747,6.14504257542444e-08,3.25952000443403e-07
"AT1G24170",1.13356179749294,6.83060689232789,6.14706788736207e-08,3.25960533438735e-07
"AT3G05800",1.18134952518637,4.76589497933357,6.20764444405192e-08,3.2907291635949e-07
"AT5G33280",-1.20748986975505,4.24075663749413,6.26981387643854e-08,3.32267826619506e-07
"AT5G45920",1.66770335026057,1.46079204256046,6.33908350176002e-08,3.35836960185668e-07
"AT2G41290",-2.70362017852409,-0.132233522742103,6.3474245215859e-08,3.36176985491931e-07
"AT3G05165",1.19736453204035,4.42375846845178,6.34982328495401e-08,3.36202181983195e-07
"AT2G20750",-1.35793895113576,2.78733069070617,6.38794597612646e-08,3.38118254618889e-07
"AT1G05680",2.24645074972815,0.341268506100099,6.41653666496571e-08,3.39528784847444e-07
"AT1G04430",1.12502842253659,7.79349514885789,6.44050202752179e-08,3.40693788039829e-07
"AT3G24840",1.44627976462437,2.2839923676486,6.50479556092453e-08,3.439907464962e-07
"AT1G77370",1.20953148260814,4.16615567163689,6.54973241885541e-08,3.46262388505743e-07
"AT3G49950",2.37341518707028,0.157153887002454,6.58256708794665e-08,3.47893048363275e-07
"AT4G16442",1.23473100575511,3.81700042234726,6.66620430438205e-08,3.52206859635876e-07
"AT5G62920",-1.32207815004812,3.03646942498978,6.84551333597758e-08,3.61571328256484e-07
"AT3G49590",-1.267383360493,3.43314478430697,6.84822635876031e-08,3.6160538033889e-07
"AT1G13640",-1.15368484861069,5.37094742400848,6.91403897270746e-08,3.64970239613057e-07
"AT5G11890",-1.22560702300147,3.93483745365778,6.95160614334451e-08,3.66842530045554e-07
"AT1G49780",1.27514749503361,3.34514828727711,6.98159028206535e-08,3.68313647861643e-07
"AT3G13620",1.2921375913466,3.20164317986879,6.98442827064457e-08,3.68352215552576e-07
"AT1G35910",1.90916442449929,0.904842012053065,6.99506249156509e-08,3.68801801990448e-07
"AT1G17600",1.16919144448007,4.93700999359538,7.00757330783064e-08,3.69350027557441e-07
"AT5G47220",1.20547320354253,4.20474867272251,7.09505181308649e-08,3.73848073683518e-07
"AT4G20260",-1.11962154202602,8.21327985220395,7.09737417102471e-08,3.73857766291127e-07
"AT4G34120",1.12348660983007,7.34900787704042,7.16881274871003e-08,3.77507088209932e-07
"AT3G23170",1.17379628482054,4.78515260336869,7.21297118932933e-08,3.79718082815552e-07
"AT2G39700",1.19363083158827,4.35112970179393,7.29025816680341e-08,3.83671232782131e-07
"AT4G33960",-2.39319148419043,0.271495457360621,7.30664057622496e-08,3.84417686410295e-07
"AT1G22870",1.16720562466693,4.96183780797363,7.37024776349713e-08,3.87647538054213e-07
"AT3G62750",-1.12768770587764,6.71318814125659,7.43522871385383e-08,3.90947680012952e-07
"AT1G50280",-1.28996118094237,3.19864428795413,7.50681259653106e-08,3.94592918295708e-07
"AT3G45900",-1.30240178587805,3.12156804826158,7.5202016038574e-08,3.95177891915356e-07
"AT4G12430",1.26101273298477,3.48256210776621,7.55143974040931e-08,3.96700183237909e-07
"AT1G01140",1.12795592016943,6.56686410473262,7.63731993847446e-08,4.01091212028684e-07
"AT1G28200",1.17757969175163,4.63297936230228,7.75684658895613e-08,4.07246092836997e-07
"AT2G19650",1.2771714241887,3.26078183382634,7.82862537028509e-08,4.10891195883201e-07
"AT2G28590",1.48121802163159,2.0546997250959,7.84533512793106e-08,4.11644639980849e-07
"AT5G14710",1.2370448151597,3.65930942543839,7.90708255384233e-08,4.14760048871364e-07
"AT1G12330",-1.20767221609753,4.09510078954115,7.98926549893163e-08,4.18945197114042e-07
"AT3G62110",-1.15424219648235,5.23696504472501,8.00163990686029e-08,4.19468277336247e-07
"AT2G30740",1.15928872450721,5.0719871444198,8.15278293085748e-08,4.27263501139632e-07
"AT1G10550",1.37776282486881,2.55892393602626,8.15945519289502e-08,4.27485031877086e-07
"AT4G11300",-1.46962675659598,2.1349513931707,8.21092890355056e-08,4.30052935951991e-07
"AT4G16370",-1.12403199816679,6.68651837472343,8.231381769329e-08,4.30995050833121e-07
"AT5G42280",1.62274829950798,1.56495339003628,8.31382735864159e-08,4.35181567997398e-07
"AT3G52310",1.66760338121612,1.40176550465546,8.35093754388013e-08,4.36993238789752e-07
"AT3G48310",-1.18167737698564,4.48259237866825,8.50203217026756e-08,4.44766691899425e-07
"AT4G38060",-1.24133261276995,3.61077461833713,8.58768906676866e-08,4.49113275364393e-07
"AT3G15354",-1.13551521113911,5.79264249724599,8.59091195326788e-08,4.49147469135713e-07
"AT3G45210",-1.29062389270123,3.15289273438127,8.6549162156417e-08,4.52358446033076e-07
"AT1G49230",-1.46471827187931,2.16565730158426,8.69405686065193e-08,4.54268368484094e-07
"AT2G40970",-1.77074062405364,1.15560728249502,8.70447012651496e-08,4.54676579688859e-07
"AT3G06035",1.23493614910525,3.65171084462751,8.73370584536663e-08,4.56067441142607e-07
"AT1G30520",-1.15931946245689,5.00339382729369,8.8111700242359e-08,4.59975173286701e-07
"AT3G09050",-1.14492756484714,5.33688094075739,8.82725833002465e-08,4.60677484727824e-07
"AT2G38970",-1.21155190811937,3.99057110600574,8.94001128879372e-08,4.66422612241064e-07
"AT1G24290",-1.64914919784977,1.50846772429402,9.04620691288635e-08,4.71822301485657e-07
"AT3G20810",-1.11838318164883,6.81965303657803,9.19394598354502e-08,4.79384901969334e-07
"AT3G53700",-1.16873154108586,4.67949260762229,9.27248198388322e-08,4.8333572607105e-07
"AT3G02750",1.11872349513791,6.72263165784889,9.27856790588463e-08,4.83508800889958e-07
"AT1G25450",1.12465659269641,6.19322128099255,9.41338306526255e-08,4.90387890732971e-07
"AT1G72070",1.92540710368226,0.817286076398481,9.53012829113717e-08,4.96321813863423e-07
"AT5G50960",1.14748136385891,5.22277541101617,9.53513272196648e-08,4.96434560387552e-07
"AT4G23570",1.12620778230955,6.02146376797914,9.68433428326088e-08,5.04052444996279e-07
"AT4G28190",1.23920530046098,3.58282271388681,9.71402397823045e-08,5.05409088355739e-07
"AT1G78850",1.10648199271886,8.50817355495563,9.71618112431299e-08,5.05409088355739e-07
"AT5G54380",1.1071365026876,8.21017071254713,9.79913628838605e-08,5.0957257504418e-07
"AT5G67470",1.13319896452597,5.60488537474901,9.91222652648726e-08,5.1530019733148e-07
"AT2G17220",1.12180885714011,6.24719883223957,9.92546675345994e-08,5.15835122624079e-07
"AT5G44570",2.89904891742183,-0.251853459411878,9.93169711868161e-08,5.1585223032059e-07
"AT3G30460",-2.78652935335586,-0.242113864305336,9.93169711868161e-08,5.1585223032059e-07
"AT1G20840",-1.13331487445062,5.62122033572363,9.94195575977363e-08,5.16231697499621e-07
"AT1G23010",-1.6259966150354,1.54884711484946,9.98486550195683e-08,5.18305830079309e-07
"AT1G77250",1.23936194812339,3.56682124095898,1.00112350412456e-07,5.19520398415247e-07
"AT2G37570",1.13203376266027,5.63644843936628,1.00344978127846e-07,5.2057307199084e-07
"AT4G23890",-1.11528467977129,6.77007605569982,1.00816723793036e-07,5.22865257215558e-07
"AT1G11720",1.11216949827676,7.07313917943516,1.01232692986737e-07,5.24866895458814e-07
"AT4G00970",1.17701034076949,4.39870671761359,1.02454323688295e-07,5.3104326743032e-07
"AT5G10860",-1.11607985502023,6.62784699679033,1.02641339867527e-07,5.31854933285115e-07
"AT4G24510",1.12395724636861,6.01247068217595,1.02939020771692e-07,5.33187609239699e-07
"AT1G32150",1.17611799010965,4.40135950202846,1.02959524612093e-07,5.33187609239699e-07
"AT1G01900",1.21832614891104,3.74233423058354,1.03058449384649e-07,5.33541862775189e-07
"AT1G27320",-1.1240154030436,5.99830800468647,1.04597747475265e-07,5.41350627326836e-07
"AT1G66920",1.32398391191264,2.79514128051696,1.04765493367108e-07,5.41954027150498e-07
"AT2G26300",1.12504315288059,5.90814148221518,1.04776331966406e-07,5.41954027150498e-07
"AT5G11460",-1.72916437135364,1.31166158841393,1.04848696708409e-07,5.42167927995595e-07
"AT5G36290",1.12206239607944,6.05279467229428,1.06233728422041e-07,5.49167437611631e-07
"AT3G48980",1.28505145728925,3.10073543611065,1.07097429553849e-07,5.53468625743404e-07
"AT5G51260",1.30382640129814,2.96124239434935,1.07846316835252e-07,5.57174100836497e-07
"AT3G15720",1.55107152577352,1.75313326353822,1.08143510057762e-07,5.58544456821229e-07
"AT2G42010",1.13592599403224,5.33898381952222,1.08553387227611e-07,5.60495826609663e-07
"AT1G11790",1.12194484960309,5.9814709990246,1.0976546462397e-07,5.66586837325321e-07
"AT5G67640",1.37190965354776,2.48323268878132,1.11288570770169e-07,5.74279245210998e-07
"AT3G09600",1.94946840359879,0.783049660004869,1.11720378869694e-07,5.76337380873076e-07
"AT3G61180",-1.20426555710183,3.91245625714804,1.13143513239031e-07,5.83506797037751e-07
"AT4G26850",1.10089330226556,8.27250544007647,1.14489631458453e-07,5.9027491205784e-07
"AT3G18870",-1.32049428817267,2.85071331219576,1.16311760793488e-07,5.99492486424689e-07
"AT3G18035",-1.12008754039853,5.97236098390135,1.16848215142116e-07,6.02079972098323e-07
"AT3G05670",1.11968795392439,5.9430770378697,1.18160883196675e-07,6.08664325553175e-07
"AT2G46450",1.11662526091458,6.10725169415662,1.19336780979428e-07,6.14540483612178e-07
"AT1G21590",-1.12077806960996,5.86498934247125,1.20513271940208e-07,6.20416234785233e-07
"AT4G16440",1.19333944998092,4.0362591799771,1.2113902200306e-07,6.23454083508833e-07
"AT4G15120",2.03108773322173,0.613285166401435,1.22078549547172e-07,6.28104556131022e-07
"AT3G16530",1.13561780839643,5.25992964613643,1.24133810739777e-07,6.38491148327017e-07
"AT3G51710",-2.12917815408274,0.508078251840276,1.25230218909931e-07,6.43941152118331e-07
"AT3G10340",1.27990351864775,3.05845573793768,1.27075444586307e-07,6.53237282476448e-07
"AT5G43990",-1.32540743209551,2.74220025501448,1.28188693812686e-07,6.58766294511225e-07
"AT5G36890",1.12722276890547,5.41448663406597,1.28673916214259e-07,6.61065553092533e-07
"AT1G12750",1.14118839056684,5.00923154625699,1.29245972049621e-07,6.63809438702562e-07
"AT1G10200",-1.11300291647971,6.16376239111095,1.29309756740995e-07,6.63941990338563e-07
"AT2G18940",-1.12597651500926,5.46248033829342,1.31042782350367e-07,6.72642678752631e-07
"AT5G26622",-1.23538464695214,3.5083931034951,1.31182430761994e-07,6.73161854127367e-07
"AT1G80630",-1.35736823191792,2.5727603298697,1.31261658284228e-07,6.73370766368299e-07
"AT4G17245",-1.53375863050181,1.76517674919332,1.32191018208853e-07,6.77939445979871e-07
"AT3G48800",-1.25525596844371,3.31151233580671,1.3258015358739e-07,6.7973572585582e-07
"AT1G43650",-1.7079394212552,1.22368151162925,1.33009465732068e-07,6.81736877570725e-07
"AT1G22550",-1.3403512353982,2.64287444562651,1.33166446223934e-07,6.82341435912377e-07
"AT5G06940",-2.48661544099272,0.119766294113633,1.33665903014924e-07,6.84699965546416e-07
"AT1G27690",-1.29675487289466,2.93785065818825,1.34825031753922e-07,6.90435275381903e-07
"AT1G19340",-1.49794125570668,1.86868977247632,1.3803418662511e-07,7.06662279580322e-07
"AT3G50630",-1.34500189261972,2.61149285008327,1.40285296311596e-07,7.1797653261582e-07
"AT5G61820",1.09910747830044,7.09039161470445,1.4094092204035e-07,7.21120907237764e-07
"AT4G25520",1.13676844805807,5.05348242441794,1.41785904614748e-07,7.25231998355657e-07
"AT1G17440",1.1081724877509,6.21251153598907,1.42083349000161e-07,7.26540857142387e-07
"AT2G37760",1.13470994598671,5.10716920605816,1.441570915628e-07,7.36929366021181e-07
"AT2G34710",-1.17739114178877,4.20382129468532,1.4529892973486e-07,7.42549309720715e-07
"AT2G43240",1.20740228745513,3.75985499148132,1.45750660937139e-07,7.44640211912333e-07
"AT4G15470",1.09848690320141,6.99453001599673,1.4602439259333e-07,7.45820758314106e-07
"AT4G37690",2.15934520230887,0.356159422938138,1.47168281127554e-07,7.51443650395162e-07
"AT4G16610",1.55755733285956,1.64301940759864,1.48004610704825e-07,7.5549331648247e-07
"AT3G17840",-1.1467502233575,4.73910351740679,1.48282669125445e-07,7.56691740899054e-07
"AT5G64130",1.0999912274405,6.75427484196765,1.48515574811245e-07,7.57659117135979e-07
"AT4G39100",-1.16176108736618,4.43658563142006,1.48659585989214e-07,7.58136630104479e-07
"AT4G05330",-1.2535881771346,3.29571929806599,1.48695904857762e-07,7.58136630104479e-07
"AT2G41120",1.1949630150539,3.90546957811824,1.48807310961189e-07,7.58483445345324e-07
"AT5G67150",1.1457844867574,4.76192052391979,1.49247549132091e-07,7.60505654758481e-07
"AT5G44660",-1.17692855500031,4.14481651669135,1.49999893599688e-07,7.64116590851792e-07
"AT1G23550",1.82264612944767,0.976810569703763,1.50466344002134e-07,7.66269470489165e-07
"AT5G48910",-1.17763536777366,4.12104849594248,1.50663272703394e-07,7.66868855911635e-07
"AT4G27440",-1.08879788930248,8.77710744398619,1.50671768006433e-07,7.66868855911635e-07
"AT3G22231",-1.08764323510585,9.27747278019852,1.51092906713406e-07,7.68788500602585e-07
"AT5G48485",-1.33029201203798,2.65839746744794,1.51649365050164e-07,7.71395359084092e-07
"AT2G18630",1.13528683000667,4.98361070325286,1.53197621693171e-07,7.79044217586302e-07
"AT4G23470",1.09531914744573,7.04744683067222,1.56538278388675e-07,7.95800733082061e-07
"AT2G04570",1.1343445640603,4.9878082175627,1.57968886865116e-07,8.02840130541517e-07
"AT5G11580",-1.11561372782736,5.5658242383159,1.5977761467832e-07,8.11796581639371e-07
"AT3G26310",-1.26532526586544,3.15518678039396,1.61051434737419e-07,8.18030863891427e-07
"AT2G30070",1.11833525542183,5.40594657870983,1.61376564348655e-07,8.19444227274918e-07
"AT1G18870",1.39010154755407,2.3551686433778,1.61639882014746e-07,8.20542989913996e-07
"AT4G31980",1.17782869643803,4.05553484505781,1.61739822575464e-07,8.20811993639138e-07
"AT1G01130",1.80560359574823,1.00708620271117,1.62542515091308e-07,8.24646195978336e-07
"AT2G20840",1.18160311420024,4.03179949584773,1.63518591255559e-07,8.29357566266589e-07
"AT1G04360",-2.40538263017501,0.172368525688229,1.65417283875523e-07,8.38744308003415e-07
"AT3G55960",1.14089193161865,4.75019305797851,1.67966889470951e-07,8.51425088031499e-07
"AT4G17550",1.16739734982394,4.20399859678483,1.69668901356024e-07,8.59803305045614e-07
"AT5G15310",-1.13615595525847,4.87315230023519,1.70828363571223e-07,8.65428073113791e-07
"AT5G12930",1.34650050489404,2.53662224972926,1.70976548628149e-07,8.65927867805887e-07
"AT4G01580",-1.53787322562469,1.71776053266599,1.71283452746512e-07,8.67230988811837e-07
"AT1G16310",-1.95532279819938,0.711182767671216,1.72430999583053e-07,8.72788409296615e-07
"AT1G53840",1.089627632116,7.25054192450083,1.74041957647542e-07,8.80687567453538e-07
"AT2G21050",-1.28393937957903,2.93788729669702,1.75161010432793e-07,8.86093734200381e-07
"AT3G01930",1.23909396272682,3.31826946425352,1.75881521394736e-07,8.89481237646563e-07
"AT4G33060",1.13570585344197,4.86035655407691,1.76332793995201e-07,8.9150556316313e-07
"AT1G22030",-1.89581196350697,0.835718364589397,1.76828020424576e-07,8.93750876288774e-07
"AT3G16857",-1.13496322617659,4.9006737827804,1.77553876146556e-07,8.97160236031861e-07
"AT2G20010",1.13225622891296,4.91722381741711,1.81394510272178e-07,9.16301711380665e-07
"AT1G64500",-1.26463626694065,3.0868479444046,1.84262135045826e-07,9.3051845956273e-07
"AT1G10990",-1.66636978690613,1.36632982678369,1.84991446123634e-07,9.33931692919286e-07
"AT3G55440",1.07867890349764,9.7822092481873,1.86268989293671e-07,9.40109913343319e-07
"AT3G47600",-1.23406323282385,3.30841161479095,1.86337470443792e-07,9.40184125763004e-07
"AT1G20490",1.51484674841554,1.77034181298568,1.89040576628498e-07,9.53547721060597e-07
"AT2G47450",-1.08490753471546,7.46473353716906,1.90175061439207e-07,9.58993538835204e-07
"AT5G19290",-1.12031793379722,5.20063388573064,1.90606235995955e-07,9.60890664336008e-07
"AT4G18140",1.13649409198575,4.70581347028298,1.97401430437209e-07,9.9485996204489e-07
"AT5G50375",-1.20687482021212,3.58677943531743,1.97724914660598e-07,9.96203078677587e-07
"AT1G51140",-1.13760522502423,4.68897168232025,1.98694252050317e-07,1.00079850434909e-06
"AT5G07820",-1.39551754087314,2.24520627025979,1.9900200964302e-07,1.00205994659819e-06
"AT2G26870",-1.23749084467429,3.30595099296971,1.99076386139096e-07,1.00214582748915e-06
"AT2G37450",-1.10846631382141,5.48912700103685,1.99195872525925e-07,1.00245867569682e-06
"AT1G48620",-1.11737688010814,5.26674730193424,1.99984014917366e-07,1.00613540512239e-06
"AT3G59750",2.21259052686298,0.226233050658646,2.00478151720434e-07,1.00833127920839e-06
"AT1G15820",-1.07563762028467,9.89224605003069,2.00760843666031e-07,1.00946270630234e-06
"AT5G24150",1.09746726750663,5.98387083399304,2.0285322804064e-07,1.01969033520256e-06
"AT5G19090",-1.11243784204513,5.29457267000369,2.03613248557365e-07,1.02321656353217e-06
"AT1G03000",-1.13664992737368,4.69042745723589,2.0476619083766e-07,1.0285378750865e-06
"AT2G45310",1.17881461262988,3.89596564575782,2.04789815430767e-07,1.0285378750865e-06
"AT2G22790",1.51807632265977,1.72898893027045,2.08845743567401e-07,1.04860716105367e-06
"AT4G15215",1.24846067573359,3.12797228772442,2.09946246724797e-07,1.05378760588614e-06
"AT1G26200",2.7381920844697,-0.205630616343405,2.09998056335142e-07,1.05378760588614e-06
"AT1G66510",1.1807473345266,3.82715809887074,2.17058626234668e-07,1.08890558463722e-06
"AT3G10150",-2.02908910579342,0.57487217211162,2.17239321041089e-07,1.08949944055117e-06
"AT2G31900",1.48860200669641,1.85503424443272,2.18927003028202e-07,1.09764863606024e-06
"AT1G76340",1.15095133378378,4.30479563364518,2.24828040638636e-07,1.12691187915289e-06
"AT3G27190",1.43830494524133,1.97055659025393,2.25759105034837e-07,1.13125435176958e-06
"AT5G03230",-1.82263083650649,0.929992637900233,2.26592384870421e-07,1.13510448844973e-06
"AT5G22570",-2.09486457433882,0.480849614209722,2.28275110624728e-07,1.14320646206019e-06
"AT4G32940",-1.14268283710707,4.44105233801537,2.30717711721929e-07,1.15510817698582e-06
"AT3G63260",1.09646776482883,5.73212349181857,2.32449628389676e-07,1.16344599288197e-06
"AT1G09570",-1.10197171224344,5.48930838363936,2.33682198772389e-07,1.16928044680529e-06
"AT4G37560",-1.14523447850122,4.34446244537936,2.36072266721029e-07,1.18090169930866e-06
"AT5G43880",1.09730820904628,5.64029964652292,2.38219183234154e-07,1.19130033766668e-06
"AT1G65690",2.96549179206517,-0.401908003876665,2.38638972093845e-07,1.19271730963885e-06
"AT4G10150",-2.85935976117804,-0.385923617082602,2.38638972093845e-07,1.19271730963885e-06
"AT1G12200",-1.30094753976754,2.69278502860254,2.38915417438623e-07,1.19375771451256e-06
"AT3G26690",1.23965405021203,3.17899843941772,2.4136899867021e-07,1.20567262964322e-06
"AT3G05380",1.12924668500909,4.68913285213101,2.41630605582663e-07,1.20663464078883e-06
"AT1G18390",1.22603317029561,3.25190162820092,2.44893074427333e-07,1.22257727590322e-06
"AT1G58520",1.10315399400213,5.32095004881435,2.47113300233418e-07,1.23330911446784e-06
"AT3G07800",-1.19654139275544,3.58526288567713,2.48280523551716e-07,1.23878093414802e-06
"AT1G10580",1.0939864890898,5.72103979354115,2.4843214289157e-07,1.23918378150451e-06
"AT4G29910",-1.31425334931737,2.65021895912436,2.50834009592831e-07,1.25080746996904e-06
"AT3G12830",1.38099933029443,2.23948261739124,2.55008778083628e-07,1.27126275085146e-06
"AT5G58480",-1.25758906681052,3.03308459552414,2.55875620958624e-07,1.27522049065553e-06
"AT3G43430",1.58874925010079,1.43085912092573,2.57014635027863e-07,1.28053202171335e-06
"AT3G08710",1.12975128872564,4.59741320701462,2.58940593620396e-07,1.28976022742603e-06
"AT2G20610",1.07734550223575,6.80223298146443,2.59513605429643e-07,1.29224618733308e-06
"AT4G15560",-1.06933409046806,8.1192105467563,2.59950548655847e-07,1.29405337191064e-06
"AT3G05327",1.77940995828062,0.987282233609738,2.61497109365089e-07,1.30138171449754e-06
"AT4G33150",1.16266784247418,3.99180087974826,2.63054880789128e-07,1.30876166216173e-06
"AT3G17350",-1.42425509915857,2.06703540605352,2.63618922968468e-07,1.31119477389978e-06
"AT3G53190",-1.16709088086492,3.91256466669306,2.64036600253178e-07,1.31289871508143e-06
"AT2G23000",1.39646355535559,2.17307729915048,2.64481842492777e-07,1.31473871262474e-06
"AT3G01560",1.12118816118617,4.74669119529904,2.64820552522257e-07,1.31604824324804e-06
"AT1G13390",1.12888469245798,4.56873482243098,2.66424573885402e-07,1.32364331492995e-06
"AT4G19200",1.07560202065113,6.83881753928671,2.68786606422413e-07,1.33499893184177e-06
"AT1G04490",1.93761063682423,0.662239809544159,2.69615817606182e-07,1.33873710287102e-06
"AT4G19390",1.10003163078345,5.30161708665001,2.69917397754091e-07,1.33985402184406e-06
"AT5G47800",-1.3873852196656,2.2080808488496,2.79029909646293e-07,1.38469483688508e-06
"AT1G67970",1.13769482974009,4.3759446927334,2.80498395579987e-07,1.39158724458709e-06
"AT3G17950",-1.29397155266629,2.74102191375347,2.80580040388338e-07,1.39159740315158e-06
"AT4G19865",-2.01243514317197,0.561973192397212,2.89765979952993e-07,1.43674946895014e-06
"AT3G57550",1.09156260768218,5.51480252400136,2.92936810452921e-07,1.45205961359467e-06
"AT2G32990",1.58722718744609,1.40116516966547,2.99195040580189e-07,1.48266068437173e-06
"AT1G74790",1.12178921834874,4.60733115855866,3.03325170526311e-07,1.50270160280859e-06
"AT5G53020",-1.14081293621699,4.22450857161413,3.09379066668669e-07,1.53225898656327e-06
"AT3G04240",1.0700333023525,6.80765116866651,3.10883832803458e-07,1.53927557318121e-06
"AT5G44290",1.07285102965872,6.49849464165239,3.13558234707525e-07,1.55207775124339e-06
"AT4G01950",1.06712124447209,7.10125128190212,3.14529173846349e-07,1.55644312096114e-06
"AT1G74680",-1.15994878514474,3.90795582170394,3.15883499079812e-07,1.56270266395369e-06
"AT3G59310",1.07992278578883,5.93633113374084,3.19078785625959e-07,1.57806348206468e-06
"AT5G62040",1.43991656623803,1.89777006327553,3.19383198463442e-07,1.57912230167883e-06
"AT4G33980",-1.25159622591443,2.94281228385574,3.20894690321545e-07,1.58614698074401e-06
"AT5G67140",1.60374560794842,1.32403698095124,3.21814841911758e-07,1.59024558539945e-06
"AT1G74370",-1.2116523720475,3.32183650796113,3.2575597924769e-07,1.60926583362175e-06
"AT1G77060",1.08468259874604,5.62062010624235,3.2781111982816e-07,1.61896096269935e-06
"AT2G30420",-2.36239648971383,0.137982425438304,3.29969176494081e-07,1.62915874404011e-06
"AT1G62290",-1.39274916062548,2.13059287367259,3.30753135397261e-07,1.63256834165735e-06
"AT2G33060",-2.24246933049613,0.252461702604365,3.31372979230179e-07,1.63516618568479e-06
"AT4G02715",-1.11186331036136,4.77040072965621,3.35495746742154e-07,1.6550429289766e-06
"AT5G24530",1.08903335958352,5.37925308094123,3.36328889786655e-07,1.65868490271935e-06
"AT3G61880",-3.48697873493165,-0.758691273436662,3.36881396626221e-07,1.66094118928827e-06
"AT3G11470",1.20320620738782,3.35757885961122,3.37147920813185e-07,1.66178660828218e-06
"AT1G20160",-1.32918249937771,2.46540323963036,3.41276154532148e-07,1.68166037477045e-06
"AT1G73630",-1.49825729909934,1.71262151467103,3.41852392013405e-07,1.68402518162028e-06
"AT1G19270",1.1293403263464,4.36074865902141,3.51104691623253e-07,1.729116429197e-06
"AT5G49665",-1.35199465795777,2.29001766827424,3.51988024170084e-07,1.73274797880252e-06
"AT5G65270",1.09450777550052,5.17737399465928,3.52040314631731e-07,1.73274797880252e-06
"AT5G56520",-1.30022289072324,2.5914140041513,3.52146290092908e-07,1.7327817589908e-06
"AT3G53810",1.18709178142616,3.49216942491096,3.59264762737615e-07,1.76731171832913e-06
"AT2G23600",-1.08115162654234,5.63318535120668,3.59606923044505e-07,1.7684972814591e-06
"AT3G25140",1.06577523935881,6.62217421519991,3.61211345994277e-07,1.77588806580932e-06
"AT3G05980",2.52949662757134,-0.0745813650163863,3.62216926055596e-07,1.78033132365195e-06
"AT5G28150",1.11247402690354,4.64490236113082,3.62374893700516e-07,1.78060715755091e-06
"AT1G75250",-2.82854360306706,-0.411104550243527,3.6649723759387e-07,1.80035718034662e-06
"AT3G47620",-1.11470898066795,4.54426358684512,3.85701776352441e-07,1.89416408875554e-06
"AT5G05860",-1.27229563005325,2.77697439820586,3.86340917195069e-07,1.89677008012395e-06
"AT1G03410",-1.14695131977484,3.98778852418741,3.88380466913156e-07,1.90624809181435e-06
"AT2G18290",-1.18232601959841,3.53030215692166,3.9463857728628e-07,1.93642050145833e-06
"AT3G62070",-1.77183934833485,0.940897444051468,3.95182737447156e-07,1.93819621672867e-06
"AT5G54810",1.05361213091215,7.83453264989611,3.95222187990488e-07,1.93819621672867e-06
"AT5G27950",-1.08931295011637,5.24964769204733,3.96766728976388e-07,1.94522510451323e-06
"AT1G60000",-1.06396457378686,6.44253327284999,3.99422408040905e-07,1.95769609189211e-06
"AT5G27380",1.05542947968066,7.39162579347483,4.00216595874827e-07,1.96103888612097e-06
"AT1G79630",-1.24074567943706,3.01233266091787,4.04933190677402e-07,1.9835939962491e-06
"AT4G29240",-1.52398731863121,1.58241873242428,4.06240577292997e-07,1.98944089994775e-06
"AT5G23210",-1.07168180541129,5.85169714488114,4.08668335561816e-07,2.00076967533667e-06
"AT5G43980",1.8115424537348,0.830443232016956,4.12819540408513e-07,2.02052744259855e-06
"AT1G68500",1.38310287939114,2.10074971686123,4.16289322554181e-07,2.03693988978862e-06
"AT4G38660",-1.20578127946809,3.22792461890827,4.19960233973398e-07,2.05432702030132e-06
"AT2G16800",-1.13210018566011,4.18612209953181,4.20274510299799e-07,2.05528930449549e-06
"AT1G76810",1.0516050100931,7.71254334798708,4.21240896079717e-07,2.05943920194678e-06
"AT2G23690",1.42889422683222,1.87074621265251,4.21860076558943e-07,2.06188977312832e-06
"AT2G15830",-1.61243058209459,1.3586423740314,4.24925633137685e-07,2.07629257801737e-06
"AT4G01020",-1.17142386084593,3.57303995098062,4.32985495098554e-07,2.11508393707964e-06
"AT3G51890",1.11152129511315,4.50482306233759,4.35352865142169e-07,2.12605422940797e-06
"AT5G39030",-1.26939283755202,2.71323184492801,4.37718098182792e-07,2.13700796161121e-06
"AT4G00750",-1.09073675361243,5.02793937892639,4.44925305581408e-07,2.17108372864048e-06
"AT1G44790",1.07169592763083,5.63976314787338,4.44946119071031e-07,2.17108372864048e-06
"AT5G23680",-1.30078742253868,2.5204406434012,4.50152008123981e-07,2.19587264454005e-06
"AT5G50100",1.1093409301095,4.52221161640017,4.54522254340055e-07,2.21657254466588e-06
"AT4G12400",1.38329120990459,2.06849290144822,4.6106487187171e-07,2.24785196735447e-06
"AT5G44572",-2.01737043701493,0.495085150004978,4.65059117118304e-07,2.26669321008623e-06
"AT3G21950",-1.31833177724172,2.44567926002854,4.66969119665133e-07,2.27536820487891e-06
"AT4G06746",1.90410534106537,0.636595603720162,4.69145510334218e-07,2.28533601481558e-06
"AT1G72410",-1.08403375294199,5.19329797931548,4.69703738562194e-07,2.28741795578909e-06
"AT2G40240",1.39988079510104,1.96087750292903,4.72220850934694e-07,2.29903568278787e-06
"AT5G46780",1.14843184393909,3.78725671692106,4.80982141582812e-07,2.34103863621723e-06
"AT5G14730",1.51095719599825,1.5841295358489,4.83691791972514e-07,2.35305364885691e-06
"AT1G55210",1.05795399835579,6.26972293570828,4.837198886914e-07,2.35305364885691e-06
"AT4G32300",1.06233204989119,5.95919164087891,4.85346421688521e-07,2.36030917674003e-06
"AT5G44070",1.04775576062176,7.34159296111687,4.87120036440371e-07,2.3682757500242e-06
"AT2G19110",-1.14082686006085,3.89060332050396,4.92878446653919e-07,2.39560575002793e-06
"AT1G14685",-1.10219248275138,4.60034866179204,4.94041103156931e-07,2.40058938479506e-06
"AT4G13770",-1.05179787415987,6.76424716515359,4.94665738525294e-07,2.4029566842561e-06
"AT4G26700",1.05001954747896,6.90348271019304,4.98378475198454e-07,2.42031968941516e-06
"AT2G34010",-1.58829321875019,1.33456550726153,4.98870566123607e-07,2.42203668634796e-06
"AT5G03180",-1.32226032576481,2.40817497889118,5.05441127966405e-07,2.45325575797798e-06
"AT4G29360",-1.22841273316467,3.00453718847336,5.11416482096508e-07,2.48156934679246e-06
"AT3G61060",1.26203256285713,2.68252397928041,5.15794492215886e-07,2.50211850927035e-06
"AT1G22770",-1.1714064452639,3.50024144547082,5.16503207680382e-07,2.50486146459809e-06
"AT2G18620",2.77905827166649,-0.350727950543285,5.18846151600779e-07,2.5155261421066e-06
"AT1G68570",-1.10178789032195,4.53022669186752,5.31643962499987e-07,2.57685927263301e-06
"AT2G01570",-1.06730134408336,5.51952583290187,5.32372575476485e-07,2.57967564774262e-06
"AT5G65010",-1.03881639536582,8.56544856664121,5.35372107634376e-07,2.59349142637068e-06
"AT1G55370",-1.08812578007566,4.85760261129617,5.35650785185875e-07,2.59412262531985e-06
"AT4G13510",-1.04319164288113,7.46352562157449,5.3701442727801e-07,2.60000643370298e-06
"AT2G38000",1.10711530407044,4.3926256589421,5.37391244091512e-07,2.60111049846398e-06
"AT1G17140",-1.09081934963335,4.78290758637705,5.38652172621716e-07,2.60649209353597e-06
"AT5G19440",1.06568575088045,5.53584709709841,5.41465215835053e-07,2.61937918329946e-06
"AT1G51370",-1.40460474653048,1.95052152696748,5.44593209578694e-07,2.63378231896661e-06
"AT1G52827",1.47263322983495,1.67363006547148,5.46857478155058e-07,2.64400146310423e-06
"AT1G23050",-3.44758927186444,-0.79155876625959,5.49458059979415e-07,2.65584054813937e-06
"AT3G52460",2.25628951281197,0.0641549048114473,5.52015867174452e-07,2.66746639187699e-06
"AT3G50650",1.0899002319187,4.78320436814115,5.52274084130463e-07,2.6679767374559e-06
"AT3G60080",1.12257869247043,4.08718545897911,5.57735425741743e-07,2.69361559343726e-06
"AT1G10530",2.90008383658822,-0.455897907272162,5.631419964205e-07,2.71872616956809e-06
"AT2G47750",-1.71503083453367,0.988500107052517,5.6324579226538e-07,2.71872616956809e-06
"AT5G50335",1.36126208831794,2.13261934314394,5.64497235835633e-07,2.72401467681876e-06
"AT1G78260",-1.22874417988136,2.91796445228813,5.64822547552985e-07,2.72483239483136e-06
"AT5G22930",-1.94287874196352,0.575761657589927,5.6668595034389e-07,2.73306771582406e-06
"AT3G51090",1.28422626475837,2.54958832308668,5.67778646803164e-07,2.73758248264195e-06
"AT1G60870",-1.08979100277572,4.742464405347,5.68296453936514e-07,2.73932365706426e-06
"AT5G38990",-1.04695907327821,6.6627236457397,5.7008283710277e-07,2.74717702344756e-06
"AT5G18700",-1.09731198226911,4.56821264390479,5.76716331497702e-07,2.77837741073969e-06
"AT3G01490",-1.09671860441816,4.57790643581976,5.79832145334742e-07,2.79261856663562e-06
"AT5G08500",1.067710715477,5.31916867433591,5.81180968988119e-07,2.79834394955089e-06
"AT5G46410",1.07242921216298,5.19794968307656,5.82239851851096e-07,2.80267052035041e-06
"AT3G01660",-1.09780163660224,4.54801714081592,5.872571039238e-07,2.82604347588764e-06
"AT1G68330",1.57020518722795,1.29989336303177,5.87602576395302e-07,2.82692785996672e-06
"AT3G03750",1.24522313389385,2.7396580617527,5.93737810200995e-07,2.85565835921431e-06
"AT2G44290",1.05747860411698,5.75446790445687,5.93923866982631e-07,2.85576759253502e-06
"AT4G04750",-1.1391746738399,3.8223166725074,5.96592761118632e-07,2.86781172467337e-06
"AT3G48690",1.04095450479467,7.06859338895249,6.02041120977101e-07,2.89320640957742e-06
"AT4G38280",-1.15521567813661,3.58890194272063,6.10435371079799e-07,2.93274020131578e-06
"AT1G01390",-1.26221290218852,2.64373701357938,6.10936548277883e-07,2.93434166855556e-06
"AT5G20010",1.03450129419851,8.17416677121885,6.11839873367282e-07,2.93787325077731e-06
"AT1G11310",-1.0394606667403,7.18772233777487,6.14056831640162e-07,2.94770883788165e-06
"AT1G61250",1.04843316448641,6.2290118649254,6.1703156721172e-07,2.96117564907013e-06
"AT4G37590",-1.10472805602639,4.34123704180339,6.17428827998535e-07,2.96226899009286e-06
"AT2G48030",-1.13220895351806,3.89201405815964,6.19204898246424e-07,2.96997509905136e-06
"AT1G59860",1.610317340439,1.20051272016435,6.22028025250782e-07,2.9826977414864e-06
"AT1G04700",1.69267430306275,1.04450437124097,6.23138726681877e-07,2.98720437581005e-06
"AT3G26700",-1.16784442245468,3.4198940605663,6.2355911815486e-07,2.98840023648614e-06
"AT1G77360",1.55307728509277,1.3470180099174,6.2839839567705e-07,3.01076710101997e-06
"AT1G65070",-1.07107557019852,5.14953138308685,6.39065179733556e-07,3.06103466774843e-06
"AT2G01940",-1.7451538109984,0.92084447471839,6.39912642200773e-07,3.06425437512904e-06
"AT1G72810",-1.27196250419656,2.57153286051912,6.422970041759e-07,3.07482982585084e-06
"AT3G19840",1.08851765580651,4.61381396260842,6.42796704360864e-07,3.0763796283441e-06
"AT2G01990",-1.35322032405492,2.13546480857595,6.49857136518657e-07,3.10931918931464e-06
"AT3G52290",-1.13444320084835,3.82359580350385,6.56180385867323e-07,3.13871455160559e-06
"AT3G51520",-1.12578131085402,3.92117625138235,6.57420273417731e-07,3.14378518603999e-06
"AT1G64620",1.42529641762431,1.84881326917805,6.62283603325287e-07,3.16617561852228e-06
"AT1G17980",1.06092426080625,5.36214056457509,6.65977575717327e-07,3.1829649962455e-06
"AT4G17260",1.13353040799464,3.76814539531534,6.69786505946535e-07,3.20029447484648e-06
"AT3G23750",1.03785198159839,6.88923747704601,6.71929956071593e-07,3.20965885846985e-06
"AT3G05650",1.11356670805759,4.1094788639887,6.8750345789807e-07,3.28315295122424e-06
"AT5G52250",1.57942386248194,1.27513025419261,6.94457474337e-07,3.31545604146198e-06
"AT1G53320",1.06642565274089,5.1748234671956,6.98377730164888e-07,3.33247872852651e-06
"AT1G30820",-1.09850351302241,4.39165375419774,6.98404281949387e-07,3.33247872852651e-06
"AT2G37330",-1.40958402810552,1.9068954213845,7.04121229993863e-07,3.35884078144139e-06
"AT5G60200",1.16099375310282,3.42338824602916,7.04952333246717e-07,3.36188806387135e-06
"AT4G12020",1.05342753316074,5.5909375504868,7.05589545749071e-07,3.36400927961031e-06
"AT3G16350",1.1895141407328,3.16521426762709,7.08296840168695e-07,3.3759960896045e-06
"AT4G17770",-1.09369713842768,4.43867512005795,7.12099059516194e-07,3.39319374693966e-06
"AT3G24520",1.11472497861479,4.02707994282382,7.18839220263057e-07,3.42437768061554e-06
"AT2G39950",-1.0711935481503,5.01079146486304,7.25015036365124e-07,3.45285695471846e-06
"AT5G46510",1.03777048073461,6.53953079548916,7.29493025637948e-07,3.4732370825785e-06
"AT3G50140",-1.48005424352217,1.62686768081203,7.31650560871884e-07,3.4825610551928e-06
"AT4G02600",1.05586137306305,5.40444086101621,7.33238537062877e-07,3.48916966343775e-06
"AT1G29670",1.02633136302049,8.2619899741285,7.41226049694944e-07,3.52621905491611e-06
"AT1G57850",1.89573195357381,0.571005128031421,7.51299263937819e-07,3.57316785403288e-06
"AT2G42900",-1.41071770924851,1.82665976053837,7.5801539230764e-07,3.60412920960415e-06
"AT3G07470",1.02927200934354,7.39298316796593,7.58292780503617e-07,3.60446783076257e-06
"AT3G26680",1.17051004436206,3.30986118233524,7.58652782643564e-07,3.60519885810205e-06
"AT2G35680",-1.04844904164348,5.68132938770489,7.69878937897156e-07,3.65755257371086e-06
"AT3G01280",1.02803013545626,7.43908092810514,7.76334762280906e-07,3.6872210401948e-06
"AT5G14230",1.81738352226095,0.734981741466887,7.7678587138352e-07,3.68836159407879e-06
"AT2G19780",1.11794002331259,3.92184964387083,7.83809487037337e-07,3.72070085850496e-06
"AT3G22060",1.08366763729099,4.5381264214211,7.84877217757897e-07,3.72475797992978e-06
"AT2G45050",-2.37318877922737,0.0288349111223693,7.86979459982408e-07,3.73372100376457e-06
"AT4G00400",-1.05633663751507,5.27925683681467,7.90239529702355e-07,3.74817083499356e-06
"AT5G07730",1.2573866865634,2.59725481797901,7.97809670981482e-07,3.7830503058772e-06
"AT1G51700",1.06228142139635,5.11333488474731,7.99671284804352e-07,3.79084953151694e-06
"AT3G01310",-1.03803312855735,6.21488953385456,8.01850216925461e-07,3.80014837151202e-06
"AT2G36910",-1.04417367784411,5.81372823794665,8.03670746848709e-07,3.8077440832401e-06
"AT4G24670",-1.3539697869435,2.08610283601523,8.15078841750863e-07,3.86074868337316e-06
"AT4G17080",-1.1286408169108,3.77779539870499,8.16805655242987e-07,3.8678800841314e-06
"AT2G47130",1.22171625320104,2.82574755580326,8.18585903951674e-07,3.87526058997756e-06
"AT3G57800",-1.05439365095575,5.29055071670284,8.21534763593146e-07,3.88816791334569e-06
"AT3G54430",-1.30202459107468,2.29860587093136,8.30120047443603e-07,3.92773715546861e-06
"AT2G21540",1.08043608516074,4.53391575903811,8.31298770899962e-07,3.93225011137555e-06
"AT2G34060",-1.48346511228864,1.57887152245877,8.32885915732491e-07,3.93869203807172e-06
"AT5G59020",-1.21807221099375,2.87355946320653,8.37817304060603e-07,3.96094102944606e-06
"AT4G24730",1.10799346984704,4.00018019376474,8.4016444934413e-07,3.9709637923448e-06
"AT3G27020",-1.04854783541765,5.48923831698309,8.43910270401422e-07,3.98759006957515e-06
"AT5G25210",-1.33667560317149,2.13997842376566,8.47495160102337e-07,4.00344714511461e-06
"AT1G61420",1.21131123859715,2.90500416640604,8.49961268730239e-07,4.01401211810123e-06
"AT2G18260",-1.60952862760014,1.25721668900028,8.50620841287439e-07,4.01604217343459e-06
"AT4G21580",1.04805314187928,5.47076120778203,8.50917228863677e-07,4.01635688774937e-06
"AT5G03050",-1.20404196126338,2.93540155679081,8.61595239140333e-07,4.06565980185977e-06
"AT3G16850",-1.03685816805207,6.07484226971216,8.64469179138247e-07,4.07812052317161e-06
"AT5G27360",-1.16101692599598,3.34589080625597,8.7496073906279e-07,4.12650083653487e-06
"AT1G02000",1.10568582507118,4.00231838431294,8.76489153846185e-07,4.13167517706119e-06
"AT5G18170",-1.05557542200401,5.23368328554358,8.76530528611791e-07,4.13167517706119e-06
"AT1G27720",1.77741522612765,0.804725407058653,8.81766395917568e-07,4.15523501343041e-06
"AT1G12580",1.04546676797151,5.51490552176911,8.84208009847981e-07,4.16561806418007e-06
"AT3G21660",2.54227831554122,-0.206480082391461,8.97687466471294e-07,4.22717000893817e-06
"AT2G29995",1.45057679217956,1.66199139172655,8.97922030906532e-07,4.22717000893817e-06
"AT2G16050",-1.70304070793115,0.968952409354584,8.9823052354468e-07,4.22717000893817e-06
"AT1G12020",-1.21571920927696,2.8358724137244,8.98240381124824e-07,4.22717000893817e-06
"AT4G19500",-1.04167941398269,5.68943361419064,9.0010341751055e-07,4.23479764487001e-06
"AT1G76100",-1.02514378598996,6.87589633042541,9.1936434373604e-07,4.32425257507054e-06
"AT1G75500",-1.03710638410552,5.88749886395374,9.2180707114741e-07,4.33457585391882e-06
"AT5G61600",1.05533760478488,5.13974417987613,9.25009880777551e-07,4.34846672375206e-06
"AT2G04240",-1.17602940960832,3.14977774518689,9.34968323585726e-07,4.39409978528206e-06
"AT3G29590",-2.41148536685094,-0.069037599858172,9.39308275920849e-07,4.41331002094174e-06
"AT4G33430",1.03113030595252,6.1655013139879,9.52504682789582e-07,4.47411052369969e-06
"AT1G14340",-1.25426995697822,2.5707038938994,9.62228542188423e-07,4.51857147544459e-06
"AT1G21150",-1.47963734554656,1.55018814406506,9.70858917504099e-07,4.55787498784215e-06
"AT2G40550",-1.1215272974778,3.73482363708312,9.78843764331077e-07,4.59412765954368e-06
"AT1G14250",1.02213770179336,6.87245589110804,9.83599214642498e-07,4.61520801653108e-06
"AT1G08180",-1.73896392583589,0.868961663236192,9.84888254538713e-07,4.61753857712532e-06
"AT3G01140",-1.73896392583589,0.868961663236192,9.84888254538713e-07,4.61753857712532e-06
"AT4G20230",-1.73876577592374,0.869005487685568,9.84888254538713e-07,4.61753857712532e-06
"AT5G58160",1.05335373395664,5.09022352469262,9.91904568907271e-07,4.64918701828574e-06
"AT5G60800",1.05666345940893,4.9798712710018,9.94124655635062e-07,4.65834397064267e-06
"AT5G54850",1.22833875979352,2.67904408875352,1.00619959526667e-06,4.71366225188831e-06
"AT1G56120",-1.1454599577785,3.45247790544048,1.0195901700387e-06,4.77511249471916e-06
"AT2G20320",1.07553619179955,4.42103925214038,1.03276073808979e-06,4.83528036068226e-06
"AT1G15690",-1.01004807753724,9.42788543058044,1.03299045628029e-06,4.83528036068226e-06
"AT3G01210",1.09645725749788,4.03666412774051,1.0405991117593e-06,4.86959161426334e-06
"AT5G41900",1.11353644798467,3.81138628051331,1.04337744497021e-06,4.88128655884779e-06
"AT2G20810",1.04330056921277,5.29513224423999,1.04641147680072e-06,4.89383212648876e-06
"AT3G20070",-1.22000163290369,2.78016833096629,1.04661890527607e-06,4.89383212648876e-06
"AT4G36780",1.03911343644342,5.46916962063463,1.05023972510973e-06,4.90944949574688e-06
"AT3G25130",-1.38375363431981,1.84847189274946,1.05118357886997e-06,4.91254811798548e-06
"AT3G48040",-1.21559849768262,2.80649839877819,1.05566001511673e-06,4.932149664427e-06
"AT2G20230",-1.04122203662102,5.37261479886302,1.06627687634181e-06,4.98042175503178e-06
"AT1G10240",-1.2448916446303,2.58703250414228,1.07075921433347e-06,5.00002226073506e-06
"AT3G03341",1.54383800258778,1.28415918020821,1.07142092233083e-06,5.00177623100396e-06
"AT1G08315",1.17081700243606,3.13832736749269,1.07403493459509e-06,5.01264088668606e-06
"AT2G33120",1.02147178621303,6.54711995952843,1.07468255170699e-06,5.0143248069104e-06
"AT4G39270",1.20472780363015,2.87484958943187,1.07793922385939e-06,5.02817808183932e-06
"AT5G64080",1.23967518993321,2.626029795615,1.08635598041619e-06,5.06608738480029e-06
"AT5G08640",1.23499421804571,2.65359413863882,1.09738619669337e-06,5.11616076714406e-06
"AT5G19860",-1.06533221505053,4.67999905305543,1.10021807171189e-06,5.1279958804956e-06
"AT5G27300",-1.31741518287772,2.15901854246086,1.108023065582e-06,5.16299766939501e-06
"AT5G49700",2.20664033704797,0.0252234193002375,1.12187274625504e-06,5.22508733956583e-06
"AT3G26300",-1.05707618556712,4.87704056247606,1.12194576861695e-06,5.22508733956583e-06
"AT3G23120",-1.11935842189413,3.68971013926585,1.12608490894585e-06,5.24296736700405e-06
"AT3G18850",-1.4128601846046,1.74231761406152,1.13739079452151e-06,5.29419682125123e-06
"AT5G13750",1.06976887207447,4.46440185913786,1.13910993185462e-06,5.30078758014755e-06
"AT2G46170",1.04278902562716,5.20741200586498,1.15127970573584e-06,5.35599337290573e-06
"AT3G06160",-1.47150588607827,1.54430784283793,1.15517427637977e-06,5.37268206276871e-06
"AT4G35940",1.12390988526717,3.56081050567651,1.16423916946564e-06,5.41340249993826e-06
"AT4G14350",1.02642988899817,5.90515734063418,1.165995203083e-06,5.42012606633879e-06
"AT5G42825",-1.16205288523031,3.21190417122162,1.17021090381057e-06,5.43827677600219e-06
"AT1G78110",-1.2335751066916,2.61271160343054,1.19197859756093e-06,5.5379648740786e-06
"AT2G26440",1.05794347908156,4.72964838627543,1.19378531380101e-06,5.54488539882653e-06
"AT1G22070",1.04206996711504,5.20903416768432,1.19478275720422e-06,5.54804434108936e-06
"AT3G22104",-1.10805762820803,3.80079393739235,1.19832696152495e-06,5.56302450035599e-06
"AT3G58850",-1.28465095526961,2.34165846976671,1.20591875601247e-06,5.5967819515174e-06
"AT1G26930",-1.4460792364558,1.60240981025649,1.21290038163821e-06,5.6276903853983e-06
"AT5G57110",1.00971609088854,7.37669730857932,1.21477494952331e-06,5.6348926618509e-06
"AT4G38540",1.17041560689383,3.08779294030652,1.22635058064911e-06,5.68707883328605e-06
"AT4G36360",1.01033554415039,7.16789845554543,1.23518619737643e-06,5.72653415240842e-06
"AT2G20815",1.26629219807182,2.42492244467101,1.24177174864397e-06,5.75553962925306e-06
"AT3G62420",1.01245835611352,6.72677950066915,1.27600572571799e-06,5.9126446071369e-06
"AT1G19740",-1.01992849244324,6.10137324162078,1.27731847845928e-06,5.91715923659344e-06
"AT2G46330",-1.01427154443974,6.54820842380461,1.2816155096074e-06,5.93549243826917e-06
"AT5G63500",-1.37093032146997,1.93719830736645,1.28951508283128e-06,5.97049581386106e-06
"AT5G60970",-1.17952221200601,2.96141396128809,1.29411736271383e-06,5.99021812346462e-06
"AT4G04330",-1.02267418745511,5.88368205816885,1.29580360965079e-06,5.996435814591e-06
"AT1G27130",1.01751141703764,6.2074868495207,1.29630089500241e-06,5.99714965528635e-06
"AT2G41630",1.02452540829587,5.74872697950128,1.29741224294923e-06,6.00070323901622e-06
"AT3G10185",-1.48796074217066,1.47555972270953,1.30771886648129e-06,6.0467730607491e-06
"AT1G72510",1.00998129244178,6.89118966008811,1.30808469382825e-06,6.0468653363827e-06
"AT1G11390",1.05389182955288,4.68425753411217,1.32203343881566e-06,6.10973053418296e-06
"AT2G22170",1.05971464770541,4.5820364646997,1.32368864794643e-06,6.11576338056221e-06
"AT1G72416",1.0604530334339,4.51197430788988,1.32461161042386e-06,6.11801687867908e-06
"AT4G17340",1.02833222019195,5.50655931485487,1.32487627424807e-06,6.11801687867908e-06
"AT5G55250",-2.73199921043591,-0.48871831507164,1.33120745835087e-06,6.14400739027145e-06
"AT5G35732",-2.73140209317732,-0.489852499766121,1.33120745835087e-06,6.14400739027145e-06
"AT1G76670",1.01142340039408,6.64080038446774,1.33285650555463e-06,6.14948128322767e-06
"AT2G46535",-1.27465640769992,2.30643262282896,1.3330969549524e-06,6.14948128322767e-06
"AT5G38865",-1.15642350602134,3.20803556728558,1.33813642458804e-06,6.17109973913814e-06
"AT2G34630",1.0380750741952,5.16358259738782,1.36182878458426e-06,6.2787058652127e-06
"AT4G19160",-1.01584740598817,6.16895099854215,1.37469722199437e-06,6.33636475932706e-06
"AT5G50450",-1.09574838129929,3.85533625950321,1.37774698893347e-06,6.34727816421956e-06
"AT5G06710",1.19268200983153,2.85078087945716,1.37779103318728e-06,6.34727816421956e-06
"AT5G60580",-1.18759171787098,2.87969608243235,1.38459234713346e-06,6.3769304544084e-06
"AT1G60710",1.00690019696636,6.94145924085808,1.39344999201464e-06,6.41603534642927e-06
"AT4G39350",1.0036948253084,7.38393679805641,1.39987859765002e-06,6.44393826295821e-06
"AT5G42030",-1.02383257942176,5.61091892291087,1.41578274637387e-06,6.51543294415749e-06
"AT3G48600",-1.85331555123798,0.583307889756641,1.41751252603767e-06,6.52167670860962e-06
"AT1G59980",-1.23814276507252,2.52449368487287,1.42056807659769e-06,6.53401517578462e-06
"AT4G35560",1.05143828313851,4.66195680534221,1.43153177421393e-06,6.58271173292534e-06
"AT3G16030",1.10824382469731,3.64067940207506,1.44550111829993e-06,6.64520011865306e-06
"AT4G36050",-1.21215654028942,2.66276690275529,1.4600681904298e-06,6.71040277951738e-06
"AT3G26210",-1.36722931562493,1.89621395014005,1.46233312003389e-06,6.71904597570368e-06
"AT3G22420",-1.06758522405864,4.3096132779347,1.46509781418591e-06,6.72998031671367e-06
"AT1G58210",-1.26609115497408,2.31433508392786,1.49977270944699e-06,6.88564240526831e-06
"AT2G43900",-1.0641407962528,4.36628346165949,1.50697531584552e-06,6.91689405275064e-06
"AT3G23805",-1.13945190471192,3.28646888637403,1.5314344323339e-06,7.02731448306917e-06
"AT3G43240",1.02612663833024,5.32095650798512,1.53436367340547e-06,7.03890844978952e-06
"AT2G39705",-1.63119161211044,1.01084926960407,1.53992363558833e-06,7.06256162670271e-06
"AT1G69760",1.03971537432407,4.89410125468777,1.54363295015973e-06,7.07771698600645e-06
"AT2G36970",-1.61490823265571,1.03938850628259,1.59193088197238e-06,7.29534144417384e-06
"AT5G26790",-1.61490823265571,1.03938850628259,1.59193088197238e-06,7.29534144417384e-06
"AT4G13330",1.30429696293888,2.12289452227905,1.59752489021454e-06,7.3190586099635e-06
"AT5G03680",-2.30058953214317,-0.0286317693701522,1.59907282478365e-06,7.32423112279083e-06
"AT1G72770",1.02649836740985,5.22399799240093,1.60653886857303e-06,7.35650053411792e-06
"AT3G03740",1.03419908688534,4.99904609864222,1.62349628230435e-06,7.43220358825005e-06
"AT1G17250",2.42081124681748,-0.161706074010446,1.62683382632636e-06,7.44358434589473e-06
"AT2G45210",2.28497513759849,-0.140233671601305,1.62683382632636e-06,7.44358434589473e-06
"AT1G14970",-1.18552709786763,2.86016328654369,1.62918055960532e-06,7.45237146090526e-06
"AT5G05270",1.15641358284032,3.08577742339891,1.63819831501136e-06,7.49166129776185e-06
"AT1G23880",-1.35587383416847,1.84875136563458,1.65251350680977e-06,7.55317480772684e-06
"AT2G45750",1.35098962344651,1.85354188620483,1.65251350680977e-06,7.55317480772684e-06
"AT3G28920",-1.01651252157594,5.62703218969558,1.66433062398411e-06,7.60519924179672e-06
"AT1G14345",-1.00074493868507,6.78821294254112,1.66743657300509e-06,7.61740099447297e-06
"AT2G17720",1.03176910585653,5.07123717894763,1.67074385466015e-06,7.62852306373033e-06
"AT5G57940",1.01204573104232,5.83826369104038,1.67252421552319e-06,7.63465818798743e-06
"AT1G10050",1.05122212606712,4.50061032892914,1.67448376843175e-06,7.64160786308857e-06
"AT1G61350",-1.04230592470179,4.76935365496069,1.68682539074942e-06,7.69592074803552e-06
"AT1G53570",1.00669086453455,6.15284736843214,1.69753266552567e-06,7.74118319328664e-06
"AT1G17090",-1.42727083409409,1.59011128620019,1.69763177733003e-06,7.74118319328664e-06
"AT4G30690",-1.02175054535113,5.34166577720346,1.69964538457876e-06,7.74834426560375e-06
"AT1G09180",1.938726948568,0.339084164452432,1.70338322470513e-06,7.7633599889259e-06
"AT3G18485",2.03084324842883,0.173094538478797,1.70959886085791e-06,7.78762816164119e-06
"AT1G16860",1.01064958897907,5.85742112918583,1.71480667960743e-06,7.80931627496135e-06
"AT5G63460",1.07291545750467,4.08109109782198,1.73330586518437e-06,7.88945234080147e-06
"AT4G18220",-1.14387594815256,3.15644079775279,1.75386920954663e-06,7.98097225156266e-06
"AT5G02150",-1.14938095684457,3.12338323768432,1.75702753075203e-06,7.99326367945295e-06
"AT1G23140",1.47666830824615,1.37722560927674,1.76099726941469e-06,8.00923914182545e-06
"AT3G46900",-1.2058508852724,2.70287949302267,1.76261203788524e-06,8.0144983766834e-06
"AT1G13560",1.00081707711763,6.4578107987473,1.78581549843286e-06,8.11789192904359e-06
"AT1G03590",1.0496432430208,4.48955645778987,1.8312473363301e-06,8.32225037199353e-06
"AT1G66820",-1.05125397475603,4.47286209235547,1.83762645380611e-06,8.34907050205101e-06
"AT1G16480",1.27429446665496,2.2322050967014,1.85971552908868e-06,8.44723476099178e-06
"AT1G38131",-1.04171148943319,4.65456051462329,1.86301923637712e-06,8.46004293755356e-06
"AT3G51930",1.63895551687533,0.965149989956754,1.86891274723777e-06,8.48460180731186e-06
"AT5G10560",-1.00640923079556,5.88769579520713,1.88675623400534e-06,8.56338505688354e-06
"AT3G56480",-1.01447823315834,5.45082676336537,1.89607802359018e-06,8.6034601833447e-06
"AT5G62630",-1.04336292937644,4.58120084467559,1.89676104839784e-06,8.60432626080422e-06
"AT5G06300",1.34934072592272,1.83311214622582,1.90182619681053e-06,8.62102848262991e-06
"AT1G63180",-1.16075855677016,3.01469798389962,1.90190837582135e-06,8.62102848262991e-06
"AT1G19440",1.01360578229164,5.46074611187414,1.90192225919485e-06,8.62102848262991e-06
"AT1G72310",-1.16171516935787,2.99088314404115,1.90508302921598e-06,8.63311731461456e-06
"AT5G40150",-1.15932921206794,2.9632365591565,1.9091386887536e-06,8.64925413202362e-06
"AT1G73750",-1.21101999752616,2.59704665916459,1.92740036381753e-06,8.72972553383984e-06
"AT3G11720",-1.11979938998439,3.41134292010976,1.93492666247625e-06,8.7615443771231e-06
"AT1G29280",2.21620116587285,-0.0761423922694011,1.94744117068545e-06,8.81592801322987e-06
"AT5G61340",-1.33999106342669,1.95258652736418,1.98350111215145e-06,8.97219920924808e-06
"AT3G05630",1.50546935306154,1.28264530236032,1.98798532339177e-06,8.99015711558675e-06
"AT3G61415",-1.13311305555144,3.19206638175593,2.00121180469568e-06,9.04763019950725e-06
"AT1G18570",1.06491527474316,4.09784266125716,2.01021965159345e-06,9.08600573133617e-06
"AT1G44770",-1.09142293949464,3.69817853299461,2.03455599351362e-06,9.19362688927337e-06
"AT1G15415",2.79605152726806,-0.540834566186195,2.04766922310698e-06,9.24810153127854e-06
"AT4G21120",2.79605152726806,-0.540834566186195,2.04766922310698e-06,9.24810153127854e-06
"AT1G29500",-1.50757977478368,1.34442010532758,2.09224477834973e-06,9.44454310867245e-06
"AT4G20970",1.47717519905168,1.349603507338,2.09224477834973e-06,9.44454310867245e-06
"AT4G09510",1.04946856663252,4.30636486696943,2.10740867242502e-06,9.51053841507658e-06
"AT5G37670",-2.18104979756577,0.10346447687549,2.11206798554017e-06,9.52910570095452e-06
"AT2G39740",-1.07454907493984,3.90187193456194,2.11660412257209e-06,9.54710781086892e-06
"AT1G72160",-1.00551814273414,5.63147214398093,2.13732458811357e-06,9.63808247974968e-06
"AT3G57930",1.02686985565158,4.8503940634109,2.14162318015953e-06,9.6549762915753e-06
"AT1G03470",-1.37621464576187,1.73810730782658,2.14275251190008e-06,9.6575772532996e-06
"AT5G54730",1.03013402100715,4.73072222325294,2.17836526752349e-06,9.81555669384359e-06
"AT1G75170",1.14385109918923,3.06975362495491,2.18707449352536e-06,9.85095647548726e-06
"AT5G27280",-1.00775579504607,5.46797679120901,2.19125572761098e-06,9.86601181710606e-06
"AT2G24240",1.36366317653879,1.80483473510901,2.19367623396628e-06,9.87182537926192e-06
"AT4G01915",-1.08285673539023,3.74313846614725,2.2119635113491e-06,9.94899873139089e-06
"AT4G05150",-1.00033262416934,5.83284930021651,2.21487595645858e-06,9.95953609741908e-06
"AT2G25270",-1.11693115556878,3.30371787207512,2.22787309390789e-06,1.00154037800956e-05
"AT2G26570",-1.0002090879853,5.81708674931193,2.23469865351618e-06,1.00435055422682e-05
"AT4G23980",-1.05105043219075,4.22403552426278,2.2356041822751e-06,1.00449930400194e-05
"AT1G77020",-1.09949308127409,3.50885421394823,2.24475775047051e-06,1.00835302547472e-05
"AT3G62690",1.15649150039961,2.90521656875446,2.24642446599195e-06,1.00884251063286e-05
"AT1G60790",1.03027194667071,4.69627817880438,2.26074300954555e-06,1.01475147717291e-05
"AT4G11320",1.12438677533103,3.21485069767705,2.27524053200632e-06,1.02099666891854e-05
"AT1G27050",-1.17592483091556,2.79842341718922,2.28096221916246e-06,1.02330157756267e-05
"AT3G57630",1.00152190534915,5.66170313422264,2.28727055852331e-06,1.02586842418325e-05
"AT1G21790",1.12529287761815,3.16955700827886,2.29848621545449e-06,1.03063438073329e-05
"AT2G31020",2.55804798964242,-0.351605974484252,2.31641958484041e-06,1.03840932312217e-05
"AT2G39890",-1.0826213530891,3.69391512217994,2.35555949952769e-06,1.0554138065157e-05
"AT5G57050",1.0484029837777,4.2634374356485,2.36065957038726e-06,1.05742790850834e-05
"AT1G58340",2.00720168070953,0.155081093463687,2.37221581024267e-06,1.06233219801415e-05
"AT5G46570",-1.04705935768463,4.31222675708818,2.39407565598581e-06,1.07157257280082e-05
"AT2G40950",1.02079320911153,4.90861095650095,2.39642735868948e-06,1.07235064018347e-05
"AT4G00238",-1.14984143078557,2.94100519196991,2.41344026151026e-06,1.07941100260895e-05
"AT1G76440",1.16285138506535,2.87992486136294,2.44399095673843e-06,1.09260659273303e-05
"AT5G54930",1.06423009242129,3.97078220370412,2.44419400799571e-06,1.09260659273303e-05
"AT2G13800",1.04912233587868,4.15842164634099,2.45629843128521e-06,1.09773684749896e-05
"AT5G06440",-1.01851839851768,4.93406835010645,2.4753591768863e-06,1.10597251442635e-05
"AT1G34630",-1.13221114852863,3.09663574700606,2.50362605733254e-06,1.11831615637059e-05
"AT4G22560",-1.94701031520603,0.36675530210577,2.50799765229319e-06,1.11998270638676e-05
"AT3G58100",-1.35512906751857,1.76605012838102,2.52526335014219e-06,1.12740498341512e-05
"AT1G30810",1.00333277488022,5.35710567474637,2.52984260381687e-06,1.12887284947755e-05
"AT1G77480",-1.06250291078885,3.97530346502172,2.53862235995647e-06,1.13250152383565e-05
"AT3G53800",-1.01241801522732,5.09262083133853,2.55316582439304e-06,1.13840852098606e-05
"AT1G23150",1.4487237683892,1.38458871754499,2.59276454413217e-06,1.15577007968033e-05
"AT1G23000",-1.79508772702995,0.589350491835518,2.6002587830172e-06,1.1588153021537e-05
"AT3G10660",1.21244747294321,2.45416878707339,2.61221663270366e-06,1.1638476908654e-05
"AT1G13880",1.01435547723161,4.95348675335306,2.61597197265599e-06,1.16522389803681e-05
"AT5G09420",1.21965509090786,2.3882898169718,2.62839561608545e-06,1.17045951492669e-05
"AT4G15765",1.28783427482977,2.03340948946963,2.63716094310153e-06,1.1740441665189e-05
"AT1G26620",-1.15716784383356,2.84973373304917,2.66492483536532e-06,1.1855185978802e-05
"AT2G31380",1.43489940595073,1.45402168442287,2.6767513420008e-06,1.19017405168362e-05
"AT1G49720",-1.07619987841669,3.69383896248131,2.72168639406154e-06,1.20957279979391e-05
"AT1G75300",1.7549181985237,0.635486144197299,2.7353753649785e-06,1.21531302429273e-05
"AT4G13820",2.18878378269184,-0.0974538767565603,2.80339504356252e-06,1.24490108068589e-05
"AT1G68670",1.0114159844426,4.95878723027996,2.83859894989388e-06,1.25989401982723e-05
"AT2G35470",-1.08438770192044,3.58937109868521,2.84129618349272e-06,1.26077109583764e-05
"AT3G60540",1.62353035357242,0.913145615376724,2.87327291174039e-06,1.27463664846377e-05
"AT1G49850",-1.15464977385278,2.83926270352843,2.89883903874746e-06,1.28500007389508e-05
"AT1G29240",-1.09807778465842,3.39712159984752,2.91399438183458e-06,1.29106345102924e-05
"AT1G12780",-1.01331519133352,4.90416752214787,2.92078074900305e-06,1.2930871064781e-05
"AT2G38610",1.01630147844263,4.72791855954239,2.92783718618182e-06,1.2958829753422e-05
"AT1G07630",1.01599161495664,4.76907933631401,2.93455726194066e-06,1.29852859049629e-05
"AT4G31060",-1.48669026680048,1.32929527959411,3.05595247115417e-06,1.3515612712671e-05
"AT5G55580",-1.04733500341243,4.05267228697275,3.0971223799796e-06,1.3694231302272e-05
"AT2G33330",-1.00134503730603,5.15215545443594,3.10209783976204e-06,1.37127627136687e-05
"AT5G19120",-1.00760339315217,4.94044259771915,3.11823309994091e-06,1.37806039651838e-05
"AT5G41761",-2.66289932750461,-0.54479336522033,3.15034525527799e-06,1.39154841076365e-05
"AT1G14060",1.15611173655697,2.78854184456837,3.20019561061881e-06,1.41249734563112e-05
"AT1G60890",-1.03259071808432,4.28779152023806,3.24125301456951e-06,1.43025811342046e-05
"AT4G30370",1.98358154546769,0.136898668931379,3.29062933125601e-06,1.451313637698e-05
"AT2G02230",1.08778777407292,3.37968266548283,3.30147375645906e-06,1.45572927324524e-05
"AT2G28200",-1.36596519295784,1.6423733442202,3.37144510355678e-06,1.48583248665196e-05
"AT4G31050",-1.08381627559377,3.44764566479914,3.37562052881397e-06,1.48729772442678e-05
"AT4G24275",1.12651328787257,3.00604872940165,3.44377368553813e-06,1.51694369726034e-05
"AT4G02060",-1.02290315201674,4.38121154269529,3.47798239379332e-06,1.53124064947591e-05
"AT5G23530",1.62215486370532,0.870303149173402,3.53068409619669e-06,1.55405211615828e-05
"AT1G23480",-1.00217190093434,4.96976103150533,3.54220354478561e-06,1.55873004212149e-05
"AT4G26760",-1.03162581630685,4.2436288572816,3.55526798973545e-06,1.564085311136e-05
"AT1G24575",1.19725200215713,2.4321058528912,3.57180173864616e-06,1.57096376847172e-05
"AT5G19160",-1.88884810661072,0.396763622540735,3.61544754252284e-06,1.5889610202596e-05
"AT3G14410",-1.07116863561407,3.60611974591427,3.62974167211562e-06,1.59484226322185e-05
"AT3G09540",1.04732004185435,3.90969251617169,3.63713033280298e-06,1.59768717609032e-05
"AT3G03160",1.04013418218782,4.02036129403329,3.67766400738932e-06,1.61508665765354e-05
"AT4G09500",1.14417700456605,2.83320770741222,3.70794073827979e-06,1.62797408155062e-05
"AT3G45870",1.71796939766877,0.660584538090985,3.71665788212493e-06,1.63139165837786e-05
"AT2G01918",-1.0650729525178,3.63694150483897,3.74355709703464e-06,1.64278636364098e-05
"AT3G01860",-1.07902244155476,3.44867225731034,3.76679229877498e-06,1.65256787351275e-05
"AT4G37750",-1.24154020030905,2.19698865260459,3.78568243305872e-06,1.66043868482603e-05
"AT4G00500",1.03337427312385,4.08922524960591,3.7939540065443e-06,1.66364930766025e-05
"AT1G62305",1.11338543842005,3.08492609287979,3.82122812811613e-06,1.6751888506483e-05
"AT1G49990",-1.25500510333472,2.11411796995392,3.84474720806784e-06,1.68507684729632e-05
"AT5G65030",-3.00614212626981,-0.790530125763516,3.8531215035095e-06,1.6883238908736e-05
"AT2G43060",-1.26139685562479,2.08707971472993,3.86322462609731e-06,1.69232663838785e-05
"AT2G46160",1.25926665228326,2.07608483923023,3.87217677622303e-06,1.69582331108986e-05
"AT1G74930",1.39547636318109,1.5010819073865,3.8809466792683e-06,1.69923843710613e-05
"AT5G58770",1.00090392411309,4.78126361563402,3.95192084594087e-06,1.72988062467662e-05
"AT1G53890",-1.3630471306475,1.65068750585479,3.96399005074331e-06,1.73472936313255e-05
"AT4G12070",1.06815420997593,3.54009776155003,3.97244286197774e-06,1.73799345735627e-05
"AT2G19580",1.32911393971477,1.78044092811706,3.97876449227581e-06,1.74032373326139e-05
"AT1G48120",1.09229438922723,3.25058579658212,3.98269153039194e-06,1.74160570349781e-05
"AT3G26490",-1.05703458946477,3.67662719861669,4.02478078580044e-06,1.7595709546924e-05
"AT4G19560",1.54199754401593,1.08186264206594,4.06838276540433e-06,1.7781883971891e-05
"AT5G03690",-1.12740394495395,2.95938067362013,4.07155457711239e-06,1.77912993430782e-05
"AT1G36380",-1.16547051327142,2.59846539137887,4.0933561444259e-06,1.78820953205892e-05
"AT3G07640",-1.03726481798199,4.00445100526925,4.1675565114675e-06,1.81880655242103e-05
"AT3G25030",-1.11541177177996,3.0392308037035,4.19691197011085e-06,1.83116076799221e-05
"AT5G54510",-1.65199227524661,0.804850074163388,4.24616559714494e-06,1.85172644387341e-05
"AT4G20350",-1.63755716964146,0.793745747762283,4.24616559714494e-06,1.85172644387341e-05
"AT1G49160",-1.18054622054077,2.50827013418373,4.24800634610426e-06,1.85206720570925e-05
"AT2G28790",1.47348722205091,1.19825013476554,4.27757957712937e-06,1.86403100067181e-05
"AT2G22475",1.04969073773032,3.72021831723664,4.29732368637227e-06,1.87216820355959e-05
"AT2G31560",-1.00896748495347,4.50279681515982,4.39328030756908e-06,1.91349575528725e-05
"AT3G29230",-1.00437022313362,4.56048419723015,4.43815471850763e-06,1.93255937593198e-05
"AT3G47570",1.00536219614822,4.51338287249698,4.48308438491361e-06,1.95066611004093e-05
"AT5G66880",-1.01686084547836,4.27554594717447,4.51642875128528e-06,1.96419711091345e-05
"AT1G27940",1.41051329187254,1.38422022197677,4.53334840671446e-06,1.97106516276023e-05
"AT4G37900",1.84418738064899,0.338440447661205,4.55398229442828e-06,1.97954431759049e-05
"AT5G18930",-1.59750842329101,0.901466957228565,4.5655606046357e-06,1.9840839187384e-05
"AT1G80870",-1.05306149816697,3.64952108476083,4.73627786739809e-06,2.05725083119803e-05
"AT2G31680",1.0018939469297,4.53132710160264,4.79610275524181e-06,2.08271893864611e-05
"AT1G11000",1.04409229731754,3.74718074643445,4.83393634422965e-06,2.09862699543499e-05
"AT2G43100",-1.00606226430436,4.43254689132977,4.92304122044881e-06,2.13625042584032e-05
"AT5G60050",-1.24946600448292,2.06490340453996,4.987503183785e-06,2.16314855276887e-05
"AT1G71940",1.06635456826315,3.42631262027747,5.04675354159613e-06,2.18830337717572e-05
"AT5G11280",-1.0701735887205,3.41311093509751,5.08821772328272e-06,2.20409589831892e-05
"AT3G57740",2.4926734904428,-0.403674885496523,5.15832821470415e-06,2.23335939023459e-05
"AT2G42610",-1.29959811905916,1.78895347993108,5.33704862464956e-06,2.30788080892279e-05
"AT5G10260",1.22569418541927,2.18447407622755,5.39940688027e-06,2.33369173022893e-05
"AT1G78310",1.34663719976744,1.62798615782189,5.45185107822485e-06,2.35461246048926e-05
"AT4G11130",-1.34576024644815,1.60338666288334,5.45967960641468e-06,2.35741117705477e-05
"AT2G20210",-1.38659622932447,1.48345124953354,5.4764203687867e-06,2.3640557359876e-05
"AT1G65790",1.01451395300633,4.10737841285187,5.56440401589776e-06,2.40025846064497e-05
"AT1G49650",-1.00151721722691,4.35105711831151,5.7812442551251e-06,2.49256456997169e-05
"AT2G26170",1.00370508196077,4.26843001361662,5.87693180905313e-06,2.53257083602849e-05
"AT4G21060",1.05734232462014,3.43118069137935,5.92458924269715e-06,2.55185005494147e-05
"AT4G13260",-1.53699609764688,0.982479206188173,6.01592226211411e-06,2.59055095833845e-05
"AT1G06110",-1.02132682143302,3.90654101943414,6.18176763859421e-06,2.66000107372736e-05
"AT2G20240",-1.04781141715433,3.55935119222109,6.19442061284903e-06,2.66478975330806e-05
"AT1G28130",1.50621139430232,1.09070620280483,6.26548593340802e-06,2.69337326220242e-05
"AT5G25890",1.09528116645901,2.95471510579981,6.36699916319728e-06,2.73499376830904e-05
"AT5G03830",-1.16690771478529,2.46341219712608,6.42635556166865e-06,2.75981268201064e-05
"AT4G38940",1.18495783999694,2.27704076992277,6.47620464960374e-06,2.78053747271665e-05
"AT3G07200",-1.1440691261756,2.59458931949339,6.49283136016521e-06,2.78630757657752e-05
"AT5G24870",-1.19265741464731,2.26369008468658,6.51952447427956e-06,2.79707598487925e-05
"AT1G56150",1.23630274514075,2.01342514438523,6.54022172391392e-06,2.8049709338096e-05
"AT1G61970",-1.26246758452523,1.95380371749922,6.70278821024882e-06,2.87077036452181e-05
"AT3G11570",1.6336876464238,0.745445617954698,6.75097530992516e-06,2.89070049824692e-05
"AT2G23610",-1.01298001201971,3.97047884375044,6.80182676536369e-06,2.91176144316487e-05
"AT4G09750",1.26190037344428,1.86355896460798,6.95031095844721e-06,2.97168712366184e-05
"AT2G25530",1.2661483356124,1.83051360065913,7.0328942366345e-06,3.00626136770369e-05
"AT2G36570",-1.06113233792153,3.28488216707523,7.12427640765279e-06,3.04309123955519e-05
"AT5G49330",1.06713618035684,3.20832496751172,7.20328198397539e-06,3.07533526070432e-05
"AT1G05590",-1.00740740430527,4.00784678115706,7.33775119077124e-06,3.13045153900082e-05
"AT3G61898",-2.12585857822146,-0.0475471886496628,7.34175791569137e-06,3.13139677092052e-05
"AT5G44110",1.10651352786597,2.84983741665336,7.47022327532001e-06,3.18308343949354e-05
"AT1G65250",1.06631650462135,3.1558382634512,7.5537846682652e-06,3.21790490631775e-05
"AT1G23890",-1.50982648169199,1.00219372464076,7.56587435859616e-06,3.22226994911904e-05
"AT5G01990",-1.08692728413317,2.99637783285581,7.60597223276821e-06,3.23855851304156e-05
"AT1G52200",1.51109117264665,1.02390786825648,7.62379069635113e-06,3.24456506193541e-05
"AT3G26960",-1.4965770736778,1.03095406485414,7.62379069635113e-06,3.24456506193541e-05
"AT1G13370",1.83040027926305,0.257412008823638,7.81629081648507e-06,3.32244620337001e-05
"AT4G30230",1.40483875819457,1.29797370733883,7.84426323339573e-06,3.33352586556776e-05
"AT3G51340",-1.17677594694786,2.27982841720625,8.02822799497114e-06,3.40921812086666e-05
"AT3G28140",-1.1626215271223,2.42436039447677,8.03848130681292e-06,3.41191475326561e-05
"AT5G51620",1.015671034631,3.79289598312316,8.19627036117651e-06,3.47635600981196e-05
"AT4G23550",1.14303106991589,2.50665921244635,8.32360759237988e-06,3.52865255910712e-05
"AT3G55420",-1.04494002901049,3.41363934606471,8.33838315348622e-06,3.53405945872484e-05
"AT1G05600",-1.17160441421868,2.36824558718045,8.37308195929398e-06,3.54790576573768e-05
"AT1G30840",-1.61090689280877,0.725449432979633,8.63091055225459e-06,3.65272837533447e-05
"AT4G02210",-1.1102664738129,2.75293257982636,8.78569002511876e-06,3.71733346343541e-05
"AT5G25620",-1.20266137801468,2.12489136465289,8.88086153083797e-06,3.75578379641123e-05
"AT5G15850",1.02409653053605,3.54964475108646,8.88562387617722e-06,3.75688905023473e-05
"AT2G47220",-1.15790946221038,2.41010879379945,8.97643096989408e-06,3.79161494676632e-05
"AT2G02980",-1.13468344601375,2.52228145430547,9.01455078555403e-06,3.8049587490063e-05
"AT1G54200",1.20628326695063,2.09951096921335,9.03829347703088e-06,3.81405949454335e-05
"AT1G73710",-1.00642340744504,3.81298230168939,9.0886429673937e-06,3.83438091213668e-05
"AT3G57600",1.15432301969979,2.37923513724841,9.21633820688367e-06,3.88263231014331e-05
"AT4G16960",1.03810935517509,3.41064595648706,9.32779631908092e-06,3.92674844802533e-05
"AT5G18080",-1.76076328073482,0.438237086871255,9.38433895221971e-06,3.94960033465713e-05
"AT1G14205",-1.40425140572815,1.33005276857039,9.40606062756725e-06,3.95778960172703e-05
"AT3G04443",-1.28656802130532,1.69650747283689,9.90889382134433e-06,4.16635860217804e-05
"AT4G27240",-1.18107037451801,2.23255929208915,1.03079629247859e-05,4.32998836650724e-05
"AT4G26430",-1.11432597817016,2.6582501889795,1.04101822197611e-05,4.37139915550221e-05
"AT2G18050",1.12184290726962,2.56567277250568,1.04140464924022e-05,4.37139915550221e-05
"AT4G36040",-1.25456728963334,1.85530787682778,1.04729974909699e-05,4.39403444047581e-05
"AT4G33550",-1.65862594359844,0.6033338413724,1.0478118396246e-05,4.39512821308945e-05
"AT5G58760",1.10502448715234,2.65288994013357,1.05041214612941e-05,4.40497854420254e-05
"AT3G24110",-1.88580198807641,0.242108701595998,1.05862607510539e-05,4.43623194416766e-05
"AT2G41905",2.27231991380221,-0.278503539026469,1.06029188073177e-05,4.44214784347798e-05
"AT4G20430",-1.07078958417362,2.97755808247483,1.10166220229676e-05,4.60884428876625e-05
"AT1G33440",1.34476039104709,1.41556270304886,1.10211826922535e-05,4.60964921073368e-05
"AT3G61760",1.18145799540744,2.13286701594726,1.11737381138042e-05,4.66898813201812e-05
"AT1G17665",-1.01138047103907,3.63481628092795,1.12404641641678e-05,4.69462577597099e-05
"AT4G36160",1.38714982124108,1.25680987224407,1.14674495342693e-05,4.78257204693775e-05
"AT5G56300",-2.32436576200976,-0.434495816570229,1.14762260912624e-05,4.78468025486049e-05
"AT5G65200",1.06537813907093,2.93422094279148,1.1581049687923e-05,4.82534536925543e-05
"AT4G27490",1.09453823844809,2.72016497318733,1.16070019423796e-05,4.83500631304794e-05
"AT1G75030",1.4845811697644,1.00484282461412,1.16869927451045e-05,4.8671675598538e-05
"AT1G72890",-1.19945745258393,2.06021926179429,1.1781337260506e-05,4.90295451857716e-05
"AT1G16650",-1.13798093834991,2.43169548572435,1.18186764376435e-05,4.91732318322991e-05
"AT2G22240",1.09527074137195,2.70242534606457,1.18268089821065e-05,4.91953607980414e-05
"AT5G15160",1.90973415930709,0.0810561463079673,1.21319496705407e-05,5.04166570216457e-05
"AT5G41620",1.12318915788417,2.44950661885904,1.27838317677518e-05,5.30248471638446e-05
"AT3G52520",1.16531192136327,2.22448164755252,1.29078282349406e-05,5.35010813256205e-05
"AT4G20140",-1.25556069409987,1.73816185629642,1.29739117249049e-05,5.37622419261701e-05
"AT5G23730",1.32730268055333,1.42834586658495,1.30099918203257e-05,5.38862087170703e-05
"AT3G50120",-1.19480784313937,2.0569705010275,1.33285362451293e-05,5.5127229518239e-05
"AT1G18910",1.04897794410524,3.04856149574764,1.33365292761533e-05,5.51472425106407e-05
"AT1G45163",-1.36640501031028,1.36066780874842,1.33438757329021e-05,5.51560583381833e-05
"AT1G77000",-1.26959935203155,1.68467086395428,1.34091811688936e-05,5.54083465790043e-05
"AT4G18260",-2.22139803428322,-0.358461539978534,1.3476182468173e-05,5.56720458627288e-05
"AT2G33735",-1.38282559805543,1.31483490595235,1.35575932976932e-05,5.59819092167149e-05
"AT2G40530",-1.6411001892213,0.590479572756171,1.35612336554603e-05,5.59837185356345e-05
"AT1G19510",-1.62845875602225,0.635513094343604,1.37659854942472e-05,5.67753537145374e-05
"AT4G16880",-1.04160312511171,3.14510543571762,1.43409781380287e-05,5.90910489717548e-05
"AT1G76955",-1.52336698201632,0.847588555743052,1.44345038909808e-05,5.94624013963281e-05
"AT1G14430",-1.45709511859091,1.00260999484799,1.4461209024803e-05,5.95583786526812e-05
"AT3G49210",1.16308696870343,2.2096898420808,1.46169523446914e-05,6.01714569913444e-05
"AT1G55300",-1.15105462067436,2.2070954634164,1.46169523446914e-05,6.01714569913444e-05
"AT1G07380",-1.11164961078591,2.49534240961555,1.46981173974774e-05,6.04913339124522e-05
"AT5G02010",-1.07774147106404,2.75906059724872,1.52678948533713e-05,6.27181874345605e-05
"AT4G18910",-1.05751764151326,2.87022388837302,1.5502287898613e-05,6.36361820454216e-05
"AT5G59010",-1.03264350406694,3.17310069878798,1.56261944384013e-05,6.41297552503687e-05
"AT1G01060",1.92427066319681,0.00387408692911691,1.57282439263809e-05,6.45182751208159e-05
"AT4G20940",-1.02373042784308,3.24643688486211,1.59711737436045e-05,6.54840596996805e-05
"AT1G13790",1.02247792600768,3.24691112297633,1.59711737436045e-05,6.54840596996805e-05
"AT5G42200",-1.20064414931763,1.97883478182707,1.60806283894023e-05,6.58864837431264e-05
"AT1G11380",-1.09303888724495,2.63317684127303,1.6330921871737e-05,6.68493343674965e-05
"AT5G35670",-1.15029095242403,2.20641926437033,1.63633782658938e-05,6.69665126925613e-05
"AT1G27110",1.6855245101107,0.413945886272836,1.63681973907332e-05,6.69705581516942e-05
"AT3G10820",1.0364129715396,3.08958877042363,1.64483413060217e-05,6.72827213507666e-05
"AT3G27010",1.0397450483628,3.03531272232341,1.65649705039375e-05,6.77439483790267e-05
"AT5G65613",-1.14637274531416,2.18955466163537,1.65770950431808e-05,6.77776783535852e-05
"AT4G26960",-1.20921877540813,1.93357720349084,1.67371136294332e-05,6.83999433341234e-05
"AT1G58150",-1.95604217849473,0.031050198052974,1.67878740791199e-05,6.8591353710038e-05
"AT2G45190",-1.01489911135018,3.27902643283621,1.71222070460193e-05,6.99083479181588e-05
"AT5G61390",1.07469159862013,2.66077052392196,1.72219182944676e-05,7.02826324795e-05
"AT2G28050",-1.23839996855511,1.70530586899386,1.76358505906109e-05,7.19215245802777e-05
"AT1G67630",-1.01529116080644,3.2537839884615,1.77249393230613e-05,7.22679837185357e-05
"AT1G68390",1.84798679289894,0.117806935684866,1.77497433587838e-05,7.23522413480106e-05
"AT1G56440",-1.08750476937752,2.55618785772446,1.79369204390394e-05,7.30641146401972e-05
"AT1G72530",-1.52733975780587,0.760825766400742,1.81170031419766e-05,7.3780471915019e-05
"AT1G61370",1.15626278727421,2.0985544448513,1.8216376300665e-05,7.41333582086884e-05
"AT1G60460",-1.88399246118806,0.158065843624477,1.86143689960078e-05,7.56473763731297e-05
"AT3G61550",-1.00076438933186,3.40720489283502,1.86363652697067e-05,7.57191666303236e-05
"AT1G18330",-2.11972669572827,-0.169179431446478,1.89429718420337e-05,7.6839901789855e-05
"AT4G03330",-2.11547221802916,-0.172439126257102,1.89429718420337e-05,7.6839901789855e-05
"AT3G22680",-1.17075768193469,2.05637787230786,1.90043450268048e-05,7.70709728841634e-05
"AT5G47580",-1.12155532585264,2.34675551855513,1.90548109043182e-05,7.7239800380291e-05
"AT5G10510",1.27626079334821,1.53442409462443,2.00029719038134e-05,8.09705852730653e-05
"AT2G01860",-1.02572079260792,3.06212163283763,2.07310787188274e-05,8.38790671699282e-05
"AT4G35290",-1.00261386883619,3.30171425064148,2.07470138017685e-05,8.39241189949835e-05
"AT1G29410",-1.13569394468629,2.18228298119475,2.07973921371016e-05,8.40889932314864e-05
"AT1G46264",-1.21589949962917,1.82852810302961,2.08655102278246e-05,8.43449052746955e-05
"AT5G07590",-1.06913915516124,2.68677643024765,2.12270265968547e-05,8.57071838320577e-05
"AT1G75390",1.41817417402202,1.06163536355353,2.1536856140836e-05,8.68779086087301e-05
"AT4G28640",-1.01668057361547,3.13455750381276,2.23585592610115e-05,9.00679012811668e-05
"AT4G01600",-1.32762904967404,1.36124072958428,2.24268982651085e-05,9.03223824853471e-05
"AT5G20030",-1.45463494033524,0.923217311698972,2.2438310973383e-05,9.03475335669404e-05
"AT2G21830",-1.10725366488949,2.3620952781412,2.27527674748019e-05,9.15504335470566e-05
"AT3G55370",1.02778213609412,2.94706409644364,2.29642488361999e-05,9.23163859285543e-05
"AT5G45940",-1.12792166263257,2.1770012043554,2.32892832150124e-05,9.35369948192192e-05
"AT5G11510",1.04313431719108,2.83196229310305,2.35507018518057e-05,9.44350735034677e-05
"AT3G20080",-1.00362640992144,3.21355603470633,2.36941624468285e-05,9.49667680096064e-05
"AT4G26550",-1.11375471747157,2.31601472725265,2.41261414331727e-05,9.66538337938033e-05
"AT2G38370",-1.13552413920186,2.12474885368258,2.47945144207025e-05,9.93087046087381e-05
"AT3G20420",-1.11715907666098,2.29241466609085,2.48653754804592e-05,9.95697112974963e-05
"AT5G39550",-1.01621684870527,3.01196602446989,2.5359782871289e-05,0.00010147976286078
"AT1G07490",-2.25502696533746,-0.488014327662881,2.54876662655668e-05,0.000101944833978701
"AT3G03820",-1.81984244161357,0.192685585248351,2.62031778534768e-05,0.000104734832741732
"AT4G14010",1.11681604055664,2.23662919018189,2.68863296405346e-05,0.000107342704066103
"AT5G51670",-1.7860239565864,0.245576042475157,2.69385062409108e-05,0.00010752646223969
"AT4G14713",-1.41650219351861,0.973694206427407,2.73236068502219e-05,0.000109013833537752
"AT5G38860",-1.23032493744122,1.68761911423919,2.74416940325603e-05,0.000109459990137178
"AT1G53870",-1.70995974818424,0.29814642184218,2.75569061124403e-05,0.000109894477546486
"AT1G22830",1.06681824776518,2.54875595951278,2.79443241862e-05,0.000111388652699462
"AT1G75620",1.66727834587473,0.339154560249603,2.80672077571151e-05,0.000111852973151959
"AT5G64990",1.64914755260439,0.387376079887549,2.84782762392387e-05,0.00011343944030317
"AT1G25510",1.06825623885317,2.53027468169721,2.87734630805285e-05,0.000114589169712273
"AT1G56710",-1.34299643618901,1.22689534103337,2.89684918097855e-05,0.000115339590596784
"AT4G28180",-1.54783640038438,0.629214472876677,2.93209903601497e-05,0.000116663376073395
"AT3G45610",1.16746042044832,1.86793417273747,2.97715429080849e-05,0.000118429097761558
"AT1G18850",1.01581124496916,2.95044638778489,2.98984224460707e-05,0.000118852687499921
"AT5G20110",-1.35969845247586,1.17622401047706,2.99087662813032e-05,0.000118866779017055
"AT1G60989",-1.28714889097509,1.41346675063804,3.01442939717169e-05,0.000119748396161674
"AT1G03770",1.08511187009717,2.35575938527442,3.08615113517597e-05,0.000122458421008356
"AT5G04860",1.07897453257634,2.41967041589684,3.09669464691616e-05,0.000122821035644363
"AT2G45630",-1.04280241321534,2.69799168998309,3.10107806517103e-05,0.000122939110687948
"AT1G55675",-1.0206331411805,2.91991478493268,3.14313928286962e-05,0.000124465467910327
"AT1G32928",1.30650621435626,1.34775176018042,3.1821749736197e-05,0.000125925679184684
"AT3G54260",-1.30628635382712,1.34629707268844,3.1821749736197e-05,0.000125925679184684
"AT1G28310",-1.01609651581554,2.86755002616236,3.19550540769933e-05,0.000126395975209971
"AT3G22930",1.15691481169965,1.91067040911139,3.21302466427287e-05,0.00012706019046705
"AT1G34010",-1.00335678580351,3.02488092910024,3.22209495624498e-05,0.000127390063591205
"AT1G24090",1.39072515077685,1.04222610013221,3.23136239948145e-05,0.000127698708928875
"AT1G12010",-1.20464982218136,1.6610255280656,3.23960747360468e-05,0.000127995610081425
"AT1G28560",-1.05243456163228,2.55392982191478,3.29912759705087e-05,0.000130214644350917
"AT1G61065",1.1456300341436,1.98253393951623,3.32396032076419e-05,0.000131120934765163
"AT5G20635",-1.85733294006072,0.0504176001807018,3.33746047846834e-05,0.000131594094598696
"AT3G54820",1.03172001789861,2.74874412317371,3.35508949805599e-05,0.000132259367969589
"AT1G70640",1.76612696022173,0.135481226642312,3.44758049332528e-05,0.000135721796362995
"AT2G32280",1.42732169472547,0.890175077699282,3.46670813801501e-05,0.000136382669615024
"AT2G46940",1.71327460500474,0.170879528581193,3.53941452653679e-05,0.000139117770160618
"AT3G01435",-1.11815066008839,2.09787975557944,3.57667653654678e-05,0.000140519181771792
"AT5G54240",1.31630968310203,1.18147447645096,3.61538220408475e-05,0.000141944143440408
"AT3G09780",-1.47977073518802,0.726502422171528,3.66813257106227e-05,0.000143950531402652
"AT5G64710",1.32276218475538,1.15287921793596,3.68167090938224e-05,0.000144384595129497
"AT4G37890",-1.49628427457899,0.69124091533661,3.70026693149336e-05,0.000145016289538889
"AT1G79840",-1.49573795717742,0.69084980435759,3.70026693149336e-05,0.000145016289538889
"AT3G12170",-1.1833746543192,1.77004026146884,3.75512623038514e-05,0.000147100317915804
"AT3G28660",1.12743555209485,1.97508466426779,3.7652649620585e-05,0.000147398404235712
"AT5G22140",1.07832130508631,2.27979691566015,3.78967672328316e-05,0.000148287641345478
"AT2G18120",-2.21951590960025,-0.51520117626153,3.79475370002015e-05,0.000148453074373355
"AT5G06610",-1.05047621981108,2.50968283361573,3.84992919065012e-05,0.000150308870120893
"AT1G24450",-1.06302083705382,2.43972416873402,3.93993800540161e-05,0.000153582912259613
"AT4G00310",1.10425875590194,2.16976805996321,4.01356259370186e-05,0.000156219610227143
"AT5G46600",1.12871072956014,1.95550813612456,4.35315786947412e-05,0.00016904988678813
"AT1G50180",1.00310070020355,2.84945824241751,4.3722309917945e-05,0.000169752863489992
"AT1G33420",-1.07942676001388,2.30562380591357,4.41667472764833e-05,0.00017133766032156
"AT4G29050",-1.03784636077433,2.52364586789968,4.46936772327469e-05,0.000173139720598297
"AT3G08990",1.13204799313034,1.89188672903251,4.73903229184191e-05,0.000183099450957507
"AT1G70985",1.23637664367641,1.43777814502102,4.77036859725802e-05,0.000184228747925474
"AT5G62710",-1.00365260469878,2.79951005345731,4.78078980159443e-05,0.000184590433085855
"AT3G02820",-1.03054009276916,2.62152343025308,4.83384786332677e-05,0.000186392064831367
"AT1G60680",-1.73786864196735,0.210047589551072,4.84549936927924e-05,0.000186800144372897
"AT3G22830",1.64121942425392,0.256073042840782,4.89418104194882e-05,0.000188552153275432
"AT5G45960",-2.29698622662338,-0.630407405799113,4.94042786739522e-05,0.000190208104835214
"AT2G39830",1.07164404009236,2.21298629334894,5.15798758727534e-05,0.000198147872969314
"AT4G02760",1.05009091930518,2.37801438210671,5.23312896197361e-05,0.000200902050158508
"AT5G35370",1.0075861923201,2.70661228006392,5.25768762604686e-05,0.000201800554920257
"AT5G46500",1.02972929559919,2.57506665620641,5.26445958431399e-05,0.00020197179484872
"AT3G07130",-1.32321220621725,1.15062416223615,5.27552775549886e-05,0.000202352022267193
"AT3G23430",1.01671386724926,2.6126820963413,5.35558092560661e-05,0.000205332502899957
"AT5G52900",-1.020235610392,2.56375274310543,5.35766289226169e-05,0.00020536728863278
"AT3G16750",-1.10527859618913,2.04307548086044,5.4042543612274e-05,0.000207062412880427
"AT3G22400",1.01070181517142,2.63665912514665,5.53688291688348e-05,0.000212004651852549
"AT3G09190",-1.40613126997894,0.806755319600532,5.54993484395334e-05,0.000212457873608137
"AT1G64300",1.01253646739251,2.58143829739261,5.64428466960555e-05,0.000215739022472046
"AT1G71870",1.43737528976112,0.778935397633651,5.65214189538376e-05,0.000215944922982942
"AT2G35430",-1.41903992686619,0.77305182827375,5.65214189538376e-05,0.000215944922982942
"AT1G22250",-1.16562647857319,1.6552878619323,5.70163567646508e-05,0.000217788281694645
"AT1G32690",1.44677386913884,0.743873321651666,5.7531855105608e-05,0.00021961341109418
"AT4G14720",-1.03271987890358,2.46556013142033,5.87504376607819e-05,0.000224020480179596
"AT3G10040",-1.90461173266291,-0.107416221786392,5.92257173040574e-05,0.000225734295972713
"AT1G09500",1.46715295169428,0.671072342803577,5.94915699077801e-05,0.000226648750642345
"AT1G55610",-1.17257709072055,1.61779968944722,5.98899189454253e-05,0.000228058770353416
"AT1G52570",-1.12581282525496,1.89352758337401,5.99008106997017e-05,0.000228058770353416
"AT1G75120",-1.25090967312002,1.36198468561986,6.05853717238049e-05,0.000230514483971116
"AT1G56670",1.02478633825791,2.53095641038752,6.1811441093841e-05,0.000234872728677162
"AT2G41250",-1.30314377065666,1.16815632660049,6.21055668656662e-05,0.000235887817838897
"AT3G03180",-1.30314377065666,1.16815632660049,6.21055668656662e-05,0.000235887817838897
"AT1G25530",-1.51363902561822,0.55241214622931,6.21505022423075e-05,0.000236007217789371
"AT1G21050",-1.15034856830319,1.68591528664102,6.26827342551459e-05,0.000237873289121493
"AT1G73066",-2.08739242226692,-0.460212490325071,6.27333013647979e-05,0.000238013521649471
"AT1G30500",-1.02725079372163,2.47223243854977,6.32329991622458e-05,0.000239805319816387
"AT1G15885",-1.55312314544773,0.470818309605252,6.36043052669804e-05,0.000241161151373372
"AT4G06534",-1.62282784490752,0.336914214824467,6.49922781218796e-05,0.000246103530085514
"AT1G48870",-1.65287077109223,0.29184508999773,6.51608879529005e-05,0.000246688567362616
"AT5G60950",1.06254723665256,2.2349675733581,6.67334600540294e-05,0.000252259693432345
"AT1G12060",-1.39387278555381,0.839689604066781,6.7784547796259e-05,0.000255790470347938
"AT2G35210",2.1067726260077,-0.405495181207356,6.81982093007645e-05,0.000257184920881205
"AT4G39410",-2.04287762236225,-0.389044423843749,6.81982093007645e-05,0.000257184920881205
"AT1G21740",1.0773665400546,2.097381507384,6.8453534692856e-05,0.000258092117109166
"AT3G18770",-1.05729155744045,2.26510658976079,6.94415943736838e-05,0.000261760973358153
"AT5G45660",-1.13948074658245,1.69861982018581,7.04205793755861e-05,0.000265294347681745
"AT5G57123",1.42071990599368,0.767169830054593,7.08082623481939e-05,0.00026656779729403
"AT4G05130",-1.40312102098259,0.761812397119442,7.08082623481939e-05,0.00026656779729403
"AT3G48160",-1.10690747194976,1.93175273844851,7.17140306076609e-05,0.000269803399421936
"AT4G38910",-1.10427941797406,1.92998039148666,7.17140306076609e-05,0.000269803399421936
"AT5G57220",1.00013926291504,2.57320098714329,7.32331570773768e-05,0.000274986100769712
"AT1G52080",1.03752134897202,2.28868927814013,7.36965417816485e-05,0.000276488549349476
"AT1G79070",-1.20522224688788,1.45766481359537,7.37784277229409e-05,0.000276677016705314
"AT5G28490",1.43922914359411,0.695578762480046,7.38468421168443e-05,0.000276874188447092
"AT5G67160",1.12013582439276,1.74864510107943,7.48530316824016e-05,0.000280466256515951
"AT2G36370",-1.09803027122998,1.97502549489467,7.53343908830412e-05,0.000282148919410499
"AT1G19540",1.8664201860995,-0.233158603982514,7.67142081463157e-05,0.000286947903513487
"AT4G25850",1.8664201860995,-0.233158603982514,7.67142081463157e-05,0.000286947903513487
"AT3G11080",-1.29567912156246,1.14090064424235,7.68283897427519e-05,0.00028724306307406
"AT1G76410",-1.46037492632159,0.617475755337753,7.68395460793962e-05,0.00028724306307406
"AT3G12520",-1.05134544674442,2.26113164401893,7.69988398535962e-05,0.000287704791015264
"AT1G51440",1.16322919544862,1.62624960125225,7.83144495590525e-05,0.000292370600393106
"AT1G04100",1.02250351155955,2.3819873816118,8.17220697410651e-05,0.00030444213622055
"AT5G56320",1.68966990727578,0.0796018645533903,8.63370616529763e-05,0.000320473640950952
"AT1G64110",-1.70273083049178,0.106319912819099,8.677121264077e-05,0.000321948453013281
"AT5G24920",1.16745633642431,1.54691546557301,8.75643029854362e-05,0.000324822132207592
"AT5G07800",1.07679965712262,1.99673845467432,9.11221270294481e-05,0.000337304286863401
"AT1G52100",-1.28605728924715,1.12475181812051,9.26417432041123e-05,0.000342711721632987
"AT1G12300",-1.23458179844866,1.26871867004542,9.27461601928387e-05,0.000343025411180749
"AT4G11530",-1.17215725801778,1.50619542737636,9.27886502502413e-05,0.000343109977226093
"AT5G19200",-1.14649344856419,1.59853741701139,9.326131373822e-05,0.00034478484840036
"AT3G07510",-1.00673548549855,2.44751252676062,9.33278760623261e-05,0.000344885068103498
"AT3G51500",-1.01035315101042,2.39307198857618,9.47385276067417e-05,0.000349802255152833
"AT1G15720",1.17198917659747,1.46281911106512,9.84701682031122e-05,0.000362432410672634
"AT5G56230",-1.45943940010765,0.565977268955116,9.98921629191366e-05,0.00036743418563334
"AT3G03030",1.02737569905149,2.22122036476929,0.000101618625968727,0.000373548872542315
"AT1G69020",-1.09640885777709,1.85707982882417,0.000102395115380597,0.00037632411229745
"AT3G05190",-1.1098982201813,1.69843134106097,0.000104265149073228,0.000382874942500997
"AT1G33930",-1.28252184555639,1.0233664010042,0.000104518577442772,0.000383724966281392
"AT1G06500",-1.00210004451337,2.43326700133468,0.000104612213593339,0.000383988102089511
"AT2G39240",1.50324276235437,0.397857902596079,0.000108480390142604,0.000397352327857353
"AT3G14750",-1.08537858907787,1.88350423517421,0.000109911663454597,0.00040242630621502
"AT3G15510",-1.55851323984977,0.354372761792938,0.000110400059852222,0.000404129867335928
"AT2G42640",-1.1975439678707,1.37755803294298,0.000111410568402792,0.000407487650080755
"AT1G11740",-1.90401737017189,-0.215507228387723,0.000111870977694903,0.00040900048160602
"AT1G23040",1.07600586572159,1.87238341498164,0.000113046770484201,0.000413126398071759
"AT5G13790",1.55109192548608,0.255403383412089,0.000113736816589532,0.000415300911536089
"AT4G32950",1.75472314487693,-0.121468884009576,0.000114266481865935,0.000417060731202953
"AT4G23410",1.19134003276624,1.35902276579844,0.000115017134650149,0.000419644737424083
"AT5G51440",1.63814504579265,0.116377181544313,0.000116767002981891,0.000425210896299186
"AT5G60280",1.63814504579265,0.116377181544313,0.000116767002981891,0.000425210896299186
"AT2G28160",-1.31369265046324,0.904930540863483,0.000118333807226929,0.000430468154754139
"AT1G62990",1.14916496544054,1.51322163923058,0.000122293670104001,0.000444226103143204
"AT3G21780",1.16474361115509,1.4122630503386,0.000122871878430435,0.000446141028161848
"AT1G77690",-1.05567336761266,1.99548303639651,0.000126529094580799,0.0004588484050106
"AT3G29330",-1.45787840955928,0.512708978668601,0.000130740206268049,0.0004730403613792
"AT1G60030",1.44371784571668,0.512881417844637,0.000130740206268049,0.0004730403613792
"AT3G57540",1.45536815982818,0.4706206081164,0.000134137654976855,0.000484831222236997
"AT2G45510",-1.01786043852791,2.19947245898475,0.000139012463080137,0.000501828389847208
"AT5G40720",-1.26738269485098,1.07959954280779,0.000139172258755963,0.000502301527628095
"AT1G80960",-1.11412487144821,1.59974031166142,0.000140106345491106,0.000505568470221054
"AT5G40980",1.11257408197782,1.66979038066142,0.000141991607186349,0.000511737635217261
"AT5G44160",-1.53749112145986,0.33931168088874,0.000144045584869283,0.00051860563432242
"AT5G53870",1.49538885526934,0.335864423190439,0.000144045584869283,0.00051860563432242
"AT3G20130",-1.18961643217468,1.29309277392856,0.000145321823954093,0.000522985065498024
"AT4G08910",1.18472883636083,1.27951856212397,0.000150485172560356,0.000540787722892643
"AT5G57790",-1.31125631657302,0.862010457836874,0.000150611297190343,0.000541129738754369
"AT1G15550",-1.39280230531667,0.617902283610381,0.00015240114168824,0.000547335488934984
"AT4G35900",1.08407800521286,1.70636869335479,0.000152886778586548,0.00054896684124638
"AT1G21110",1.79040099630422,-0.288773238115545,0.000153407569884128,0.000550497648662605
"AT3G60640",-1.1226794101739,1.54046583705647,0.000154717910413526,0.000554971938399607
"AT4G15700",-1.19957133832467,1.24472343564499,0.000155904573946985,0.000558787072048361
"AT5G42460",-1.19957133832467,1.24472343564499,0.000155904573946985,0.000558787072048361
"AT1G67330",-1.30596914830252,0.818653376826605,0.000155909359803919,0.000558787072048361
"AT5G53200",1.6363504511383,0.0411205430715238,0.000158382853620874,0.000566722765013044
"AT5G60880",1.27538799155022,0.961886057813973,0.000160262242933368,0.000572861335760392
"AT1G04070",1.0102725978749,2.17377029841082,0.000162824584629358,0.000581544885204305
"AT1G03340",-1.17420762886881,1.30959410734974,0.00016585987296486,0.000591781256947889
"AT2G12190",-1.03727447872686,2.00709972309493,0.000169376009289348,0.000602813634455288
"AT5G57685",-1.21663364778929,1.16946197341994,0.000173857962182639,0.000617670951603144
"AT3G19280",-1.0021009866389,2.13482055723279,0.000176995336224659,0.000628051443721477
"AT4G13370",1.1425369061553,1.3738927458767,0.000205851252954721,0.000723978566768736
"AT3G18260",1.3933194005586,0.526306975692781,0.000206367757006395,0.000725357357407077
"AT1G74660",-1.83614224627257,-0.381516072403093,0.000212314341019341,0.000743568033662088
"AT4G29110",1.11767137357696,1.42619645450009,0.000215248642227902,0.000753090256568022
"AT3G27290",1.33467954583028,0.707041851575409,0.000216050920175656,0.000755443647486199
"AT5G01445",1.76716152486004,-0.305612724146646,0.000216503220489776,0.000756873786007348
"AT1G74055",1.72818216216871,-0.233993681255549,0.000218753074519458,0.000763822648656619
"AT5G03406",-1.01290576419678,1.98137423371437,0.000219906870920059,0.000767391581695687
"AT1G64065",1.05676382641866,1.68818304303886,0.000230030604647162,0.0008003233952331
"AT1G02380",-1.0545147201687,1.68088285372869,0.000230030604647162,0.0008003233952331
"AT2G41130",1.02107455527377,1.89914155643764,0.000237192428877658,0.000823765441809316
"AT2G29090",-1.28360404146215,0.762845876128743,0.000247953547532357,0.000858070441707877
"AT4G10330",-1.07559227358556,1.57402785363112,0.000249101118487299,0.000861717798534995
"AT3G20090",-1.04553313880499,1.67491364483949,0.00026338726732939,0.000908961625487509
"AT3G63290",-1.20648878717623,1.00488100899064,0.000265216091576467,0.00091491178552316
"AT2G38090",-1.2416433540318,0.851817656304854,0.000269446062935917,0.000928038912196342
"AT5G06800",-2.02753165639916,-0.659482302355455,0.000273435941514631,0.000941410115301357
"AT2G40390",-1.32619973485775,0.618459038562654,0.00029303499215994,0.00100502127100561
"AT3G05937",-1.67221562594671,-0.0853902908653181,0.000294925058709042,0.00101101466694317
"AT1G61930",1.41412624124066,0.335220128076319,0.000306104863701458,0.0010463307542988
"AT2G39120",1.28738726280499,0.754406788476255,0.00030690868395102,0.00104859967197883
"AT4G31240",-1.12380914842632,1.30164070595248,0.000307936663413636,0.00105170085689795
"AT3G62570",1.05534783489768,1.65038396985645,0.000313139125500914,0.00106759191324736
"AT4G27260",-1.19243125244342,0.995318970469996,0.000320791572842111,0.00109176544052923
"AT1G27060",-1.09368798471617,1.42988705051307,0.000328172987724898,0.00111580092267491
"AT3G59710",1.25659884511887,0.845112793964633,0.000330332516964188,0.00112292502315475
"AT3G45290",-1.10924557131664,1.31769122066839,0.000346773994764446,0.00117311334180859
"AT1G64450",-1.07792496589475,1.46561752534685,0.000351129327231262,0.0011871580019308
"AT1G53330",1.13970041883843,1.14267685805392,0.000352837085805264,0.00119224019542587
"AT4G02850",-1.51873458856609,0.125430596543856,0.000354190204355848,0.00119634995030009
"AT5G66600",1.1082939814007,1.30303069443423,0.000362172362264799,0.00122095245072801
"AT1G47655",-1.54571672324716,0.070984183085395,0.000366333715348981,0.00123426717006094
"AT1G17640",-1.04567359239833,1.57463893200317,0.000366550878483623,0.00123476088796323
"AT2G31830",-1.30757318911247,0.606092135848874,0.000367517793389392,0.00123682648350852
"AT3G27940",1.31740142201998,0.56642696149111,0.000384864180388226,0.00129271478688326
"AT2G39110",1.55248383926198,-0.0185780723312357,0.000389740973074751,0.00130683571773415
"AT4G15236",1.38843879753091,0.321739514381992,0.000395594983418321,0.00132519392510107
"AT1G31820",-1.21032299958726,0.830457352829212,0.000404628487653447,0.00135312162388011
"AT5G55810",-1.00835709485508,1.79764066203824,0.000408834634144905,0.00136640334711439
"AT5G03960",1.60113854943267,-0.1442496181165,0.000410332876762079,0.00137036288145777
"AT1G67710",-1.45019859923122,0.277429955625236,0.000412811378306707,0.00137785057788014
"AT3G04620",1.10568052567213,1.22634173290603,0.000414280815980761,0.00138222738660146
"AT4G23930",-1.26902089483525,0.668572761644124,0.00041756573307903,0.00139265580149193
"AT3G45680",-1.72841835474286,-0.237130070671513,0.000418716428757397,0.001396227221813
"AT4G31910",-1.19044655025301,0.925759200407762,0.000426634588544054,0.00142100447923713
"AT3G02610",1.6969799213024,-0.355997581003732,0.000429203400361684,0.00142847193004442
"AT3G18960",-1.27908145184277,0.631427532230032,0.000438362326718983,0.00145839934501008
"AT4G01410",-1.03706183751144,1.54799434852186,0.000439823104969537,0.0014627025573868
"AT3G03840",-1.30328374910771,0.555689332573717,0.000483906243003506,0.0016019692513471
"AT2G19990",1.36767455469209,0.303039335240975,0.000510589537700335,0.0016827560313869
"AT1G24800",1.36694337829276,0.320469903984461,0.000510589537700335,0.0016827560313869
"AT5G40700",-1.11441658699818,1.18712173069233,0.000513444924559861,0.00169145611759564
"AT5G15025",-1.61464834090001,-0.126686034384403,0.000543102261677028,0.00178010064508802
"AT4G33260",-1.01976252531843,1.54973164852599,0.000557495733610812,0.00182181269359212
"AT2G22260",-1.015716656988,1.55483926384402,0.000557495733610812,0.00182181269359212
"AT2G18660",1.38968002627264,0.203368403485451,0.000561363488570762,0.00183376641828898
"AT2G16060",-1.33944294478609,0.429837483791395,0.000563341791542139,0.00183988502550555
"AT3G46020",-1.15492188645848,0.965446766613763,0.000565006359102816,0.00184463233915864
"AT5G62850",1.09724043117187,1.14168017063912,0.000566463253855541,0.00184904351515243
"AT5G23370",-1.69823680112725,-0.258899583983627,0.000577020750862432,0.00187964482715258
"AT3G63450",-1.00330780979568,1.58765500646002,0.000585975316739233,0.00190564321248467
"AT3G04960",-1.4697996135076,0.160851190459014,0.000588384303107692,0.00191167492496409
"AT5G48320",-1.44539023573979,0.143738847173131,0.000588384303107692,0.00191167492496409
"AT1G23410",1.04962050568415,1.40317578065173,0.000600878749151952,0.00195045732852276
"AT5G57340",-1.22479188350346,0.681104405924401,0.000610550255053404,0.00197851770150043
"AT5G02080",-1.22477431712413,0.681092466862425,0.000610550255053404,0.00197851770150043
"AT1G05640",-1.00454128942188,1.56812252519463,0.000612433242523113,0.0019835439753671
"AT2G28085",1.07188712300127,1.25427869621903,0.000616536355830627,0.00199540861411103
"AT3G28850",1.00527564842056,1.59859493361884,0.000642097071851235,0.00207194224938633
"AT3G05365",1.51318348188971,0.0449513311045757,0.00064530684947788,0.00208179314180368
"AT4G26660",-1.08281445905072,1.22112573381825,0.000647982233331256,0.00208939014853013
"AT5G09730",-1.38641226594317,0.293807010546155,0.000658114479943356,0.00211815453844803
"AT5G41820",1.34387553262406,0.286678163847368,0.000658114479943356,0.00211815453844803
"AT5G59240",1.47502046512166,0.000841189042543066,0.000674911319765306,0.00216854808162621
"AT5G18300",-1.40103591112045,0.246347372496512,0.000693456742932169,0.00222453288746479
"AT1G53830",1.18707092129272,0.83337776813996,0.000699532420409791,0.00224237721049218
"AT2G39880",-1.18580190657933,0.822172540155844,0.000699532420409791,0.00224237721049218
"AT5G03780",-1.02344787408359,1.45207418123187,0.000700521337829036,0.0022451355727342
"AT1G14880",-1.08913404165966,1.17022984272686,0.000717527599371058,0.00229543184259912
"AT3G09160",-1.07436348320042,1.24228396485129,0.000724462516008845,0.00231338414016121
"AT2G25680",-1.03141844967693,1.36484634440027,0.000732817751221764,0.00233780917612759
"AT1G22220",1.51435302618386,-0.123060634746359,0.000735122579301888,0.00234442686135259
"AT4G35840",-1.09247560645912,1.14409219325296,0.000756009968852502,0.00240840420653212
"AT2G20500",-1.33268322525697,0.371167061875285,0.000756637780188531,0.00240996507761634
"AT3G05140",-1.6224561419102,-0.213862357984913,0.000764907811152345,0.00243320292255758
"AT3G28650",-1.6224561419102,-0.213862357984913,0.000764907811152345,0.00243320292255758
"AT5G10970",-1.66453634534011,-0.283060273003632,0.000793691918518127,0.00251743755650443
"AT5G18270",1.56259750865798,-0.258598852150233,0.000793691918518127,0.00251743755650443
"AT1G76530",-1.03442608322511,1.31820074937666,0.000809675816895291,0.00256441346137326
"AT2G01210",-1.12001246034798,0.946527377912763,0.000820556376355699,0.00259586527093972
"AT2G33750",-1.71192329499368,-0.355844220652921,0.000820645618742998,0.00259586527093972
"AT5G15430",1.59107522901344,-0.331456992292395,0.000820645618742998,0.00259586527093972
"AT5G41850",-1.00787213555164,1.41930115115781,0.000850313544001057,0.0026814631475055
"AT4G04360",-1.04362468502223,1.23840626044579,0.00085069281055484,0.00268217536644369
"AT1G33475",-1.75041494803417,-0.569279066609666,0.000878105095587975,0.00276312299966965
"AT1G53887",-1.75041494803417,-0.569279066609666,0.000878105095587975,0.00276312299966965
"AT1G32740",1.0157205410683,1.40281137671456,0.000893725662451786,0.00280671919465504
"AT5G08070",-1.00750342438258,1.3727798504841,0.000940087985616127,0.00294438521184643
"AT3G49920",-1.0826667735361,1.10863146875609,0.000944723437174867,0.00295678479271898
"AT4G21550",-1.19757781697639,0.619970979924361,0.000990729356801447,0.00309026250579121
"AT2G46140",1.04292456940869,1.15896521261722,0.00099978686409366,0.00311629055891415
"AT5G56490",1.37571982599628,0.132718100583231,0.0010061273003478,0.00313270233160829
"AT4G00200",-1.25343318324708,0.473071501300964,0.0010152400939821,0.00315995060763557
"AT3G09020",1.28757621358583,0.302384874702316,0.00102397633670604,0.00318600788300975
"AT1G02670",1.00405019899393,1.39517921308658,0.00103490460870749,0.00321829193775044
"AT3G27270",-1.59083672422274,-0.236299795499861,0.00104138009570387,0.00323612659317289
"AT1G27420",-1.1026539430011,0.901281548425101,0.00104733319678051,0.00325289150458584
"AT5G45790",-1.41587767607222,0.053344361547702,0.00106591771551237,0.00330650096172865
"AT1G29465",-1.26925278913758,0.433672691648808,0.00108015965073705,0.00334533767472733
"AT1G07130",1.15482766756401,0.776372085824043,0.00110000999625172,0.00339958896313749
"AT3G02120",-1.10983166617685,0.872839693559893,0.00111193439520845,0.00343401325409456
"AT3G11110",-1.04782396769298,1.17064432868519,0.00111419317485453,0.00344038136276611
"AT4G30450",1.05957164938197,1.03318445046531,0.00112017905737687,0.00345581268045171
"AT2G43840",-1.21391286893426,0.541616352608583,0.00112145523904943,0.00345913936914276
"AT5G16530",-1.43905595163293,-0.00396184603876581,0.00112919755783114,0.00348056433419637
"AT4G24050",-1.13441297273552,0.74115684674445,0.00117009985378211,0.00359707396002523
"AT3G63470",-1.60619483776703,-0.43094967923042,0.00118124673684718,0.00362692952235673
"AT2G16790",-1.65387363115364,-0.512414844267897,0.00122164958322665,0.00374047279571831
"AT1G75060",-1.01434251581347,1.25474427416214,0.00122567812848456,0.00375149347344111
"AT4G13540",-1.07894621891468,0.885552513157099,0.00126197564018783,0.00385112936243739
"AT2G41340",-1.11210197214125,0.764383600628608,0.0013393867791907,0.0040724346192332
"AT1G69570",-1.31759876562208,0.246334387755612,0.00139667893189229,0.00423558330724594
"AT5G49560",-1.31729198594528,0.246124294225217,0.00139667893189229,0.00423558330724594
"AT4G33560",1.27002814646347,0.236461753652261,0.00139667893189229,0.00423558330724594
"AT5G63590",1.13852404533836,0.729179222668649,0.00142836192769659,0.00432266774829835
"AT4G35783",1.16477522443452,0.591595716906203,0.00151520985897699,0.00456495157065221
"AT5G62170",-1.32470459302733,0.126845527593992,0.00159635841606068,0.00478880133630558
"AT4G21320",-1.21228618002963,0.445202220031688,0.00159824614523799,0.0047919974888005
"AT1G61470",1.19732639246909,0.439499924204986,0.00159824614523799,0.0047919974888005
"AT5G59660",-1.22229697775593,0.40181926311205,0.001712831340609,0.00510926980513004
"AT1G06180",-1.06985845892325,0.809782208851468,0.00172952323690126,0.00515466327152145
"AT4G22270",1.08305709988279,0.865361384854582,0.00182655397676566,0.00542443403699576
"AT4G21510",-1.104637553403,0.682182508054914,0.00186426400831976,0.00552609828034153
"AT1G08270",1.43559126163817,-0.259442507255482,0.0019178389015055,0.00566856762722244
"AT3G06690",1.33522617694374,-0.0375877219366635,0.00196108767173012,0.00578368686991527
"AT1G02610",-1.29876952708824,0.109173517762552,0.00206394410513193,0.00606350777852825
"AT3G60580",-1.29876952708824,0.109173517762552,0.00206394410513193,0.00606350777852825
"AT3G21310",1.14878059850146,0.496710538416654,0.0021566522696224,0.00631676187465379
"AT2G21770",-1.3154324555405,0.0540757663484729,0.00222022573132131,0.00649426241604323
"AT5G64060",1.29334124039832,0.0766918735214496,0.00222022573132131,0.00649426241604323
"AT1G20570",-1.26966659695621,0.213676815877559,0.00228740957595678,0.00667737211829227
"AT4G28020",-1.0134535365909,1.03638177533231,0.00232437861505926,0.00677624000785077
"AT5G06930",-1.0334444220754,0.821160564936587,0.00234955781321945,0.00684393856189863
"AT1G16490",-1.45979950975498,-0.235469622989894,0.00241842474375856,0.00702931334914893
"AT4G27660",1.25118148615895,0.167660012206309,0.00246665053676495,0.00715639749987747
"AT3G04700",-1.49159489262413,-0.305807601060856,0.00259341808874316,0.00749929349081982
"AT5G18810",1.40007374356152,-0.283615063934475,0.00259341808874316,0.00749929349081982
"AT4G01740",-1.01439081099926,0.843159690855327,0.00263208894576236,0.00759891363149085
"AT1G43605",-1.09579049555146,0.595137453766652,0.00263221534932841,0.00759891363149085
"AT5G41160",-1.17853175816911,0.372426565066142,0.00269904830154506,0.00777004140555117
"AT1G16916",-1.0696475838342,0.659087052723445,0.00277492719548775,0.00796095375101942
"AT4G11690",-1.10134758691531,0.555931490193955,0.00283688942698662,0.00811873266524915
"AT5G06980",1.26480414272736,0.0575907364511718,0.00287911224456361,0.00822610220161883
"AT5G66300",1.08291535696307,0.617090666111498,0.00298969382830348,0.00851561049205438
"AT5G27210",-1.0193084899697,0.776646018101349,0.00303552372123287,0.00863348970527317
"AT4G21760",-1.30398944788517,-0.0222681543806445,0.00311623743272864,0.00884194378705861
"AT4G34930",-1.14880142158858,0.402700765459701,0.00312085253126571,0.00885169772941569
"AT3G03170",1.15954425011906,0.268801270699747,0.00315789561833467,0.0089422560893011
"AT1G57590",-1.07693762437067,0.582255742223927,0.00322592039750367,0.00911421562856442
"AT2G38110",-1.32387551519759,-0.0830571257079931,0.00337686854262073,0.00950230045559927
"AT4G36260",1.08245579463829,0.53727692280512,0.00348620679492694,0.00978791607446727
"AT3G55820",1.04246164805796,0.705139646913365,0.00352052568433158,0.009873171405064
"AT3G57360",1.06247162645526,0.603737935812186,0.00364911136669625,0.010214123282733
"AT5G67450",1.08239061362366,0.495774035894858,0.00377352219562386,0.010526964823056
"AT5G23600",1.19645826982326,0.131226043387618,0.00404430702355134,0.0112321874015486
"AT1G24095",1.106572010072,0.332641793625896,0.00422381243880565,0.0116954249077667
"AT5G67020",1.02634931296108,0.691825404326855,0.00425433230471401,0.0117743377684526
"AT3G48185",-1.0615662173045,0.529563706618445,0.00427738398651733,0.0118250322954273
"AT5G26010",-1.0615662173045,0.529563706618445,0.00427738398651733,0.0118250322954273
"AT2G22122",-1.15737695392419,0.197829113378968,0.00433437849677175,0.0119712384295514
"AT3G27330",1.04204267568217,0.590461626950516,0.00444725649660707,0.0122578252136499
"AT2G31990",1.10772532991131,0.284962487198245,0.00459708609321421,0.0126230337941988
"AT5G22794",-1.03637888433929,0.650054741788903,0.00460208967250212,0.0126347885905079
"AT1G73620",-1.06604716430386,0.488589710712413,0.00464256557621001,0.0127379117967482
"AT4G11990",-1.16824567027917,0.145704711617652,0.00472573673969694,0.012947822507463
"AT4G32510",-1.45363103528117,-0.4306460793411,0.00512099518393829,0.013917357189615
"AT5G64490",-1.45363103528117,-0.4306460793411,0.00512099518393829,0.013917357189615
"AT5G15600",1.00699626452016,0.679323349638924,0.00513370382533532,0.0139432257229047
"AT5G64800",-1.2463813778737,-0.0620984150145446,0.00525817990185897,0.0142481027935835
"AT5G17260",1.13052854367386,0.197798591849658,0.00547565945620659,0.0147961289448006
"AT2G06255",1.17332101959459,0.0576857585298639,0.0056488315511385,0.0152217204082235
"AT5G17330",1.21755676160432,-0.10376121341911,0.00575891046057488,0.0154770446867028
"AT1G18880",-1.35829787768189,-0.304905328962179,0.00575898913751389,0.0154770446867028
"AT3G52525",-1.35822772423126,-0.304952795934495,0.00575898913751389,0.0154770446867028
"AT3G23370",1.01947724910586,0.53670800933294,0.00588300828709784,0.0157749438471367
"AT1G59850",1.019455755419,0.536694169055896,0.00588300828709784,0.0157749438471367
"AT1G72140",1.13787241103969,0.148717624338815,0.00599327831962258,0.0160484737114354
"AT4G18630",1.05787489471705,0.347848933132208,0.00599980811700693,0.016058580114763
"AT1G67370",-1.20250709838658,-0.021814882550082,0.00619366343693322,0.0165369300348051
"AT4G25434",1.17573087356788,-0.00140040584976773,0.00619366343693322,0.0165369300348051
"AT4G21480",-1.28058948422574,-0.189328556719334,0.00631843536407244,0.0168443436215429
"AT4G00140",-1.15130629789207,0.0738850828431732,0.00657298921457037,0.0174510980802403
"AT3G62040",1.0002959024274,0.563540096390524,0.00657398226599913,0.0174510980802403
"AT5G57500",1.10899047518247,0.18375967841751,0.0069022606555002,0.01822567935963
"AT4G19850",1.23142838763549,-0.237335070925173,0.00694452728503124,0.0183179195117986
"AT3G54160",-1.24752046437474,-0.21139583404461,0.00826294770152472,0.0214415470591089
"AT5G35490",-1.03088595516967,0.373685623092528,0.00836984372895142,0.0216849404139386
"AT5G52220",-1.06868858660237,0.248130552795862,0.00895695824060341,0.023018447878946
"AT2G21350",1.11203057677517,0.0177569428687527,0.00921388821429386,0.0236127832967604
"AT3G47840",-1.04855708313012,0.181348108281927,0.00986520160787918,0.0251372132805476
"AT5G51790",-1.3093262775052,-0.429746652674751,0.0112328883662414,0.0282242867644436
"AT2G47485",1.05234809265837,0.0934176636987233,0.0120505177847968,0.0300155581181939
"AT4G39810",1.05234809265837,0.0934176636987233,0.0120505177847968,0.0300155581181939
"AT3G60900",1.05091349983674,0.0938692314730561,0.0120505177847968,0.0300155581181939
"AT1G09812",-1.16565972627677,-0.188492448040574,0.0125613433948403,0.0311591893547095
"AT4G30830",1.1159673465257,-0.169817097384237,0.0125613433948403,0.0311591893547095
"AT4G37030",1.08068141305147,-0.12624550433648,0.0144973186386011,0.0353917213778456
"AT5G18730",-1.0728778992183,-0.0404737335180322,0.0148662609584434,0.036183605782607
"AT2G40710",-1.09336812740392,-0.185069987720726,0.0161890674196953,0.0390401961350837
"AT5G06330",1.04781741083205,-0.0839545058282523,0.0165778920143217,0.0398722363580116
"AT2G35640",1.02001839537262,0.0170096457461283,0.0168426133248114,0.0404144124015478
"AT5G05960",-1.13728460626823,-0.277933585053114,0.0181301526561109,0.0430957795903178
